date,time,collected_at_utc,land,ride,wait_minutes,is_open,last_updated
09/07/2026,1:41 PM,2026-09-07T20:41:17+00:00,Adventureland,Adventureland Treehouse inspired by Walt Disney’s Swiss Family Robinson,0,True,2026-09-07T20:40:37.000Z
09/07/2026,1:41 PM,2026-09-07T20:41:17+00:00,Adventureland,Indiana Jones™ Adventure,35,True,2026-09-07T20:40:37.000Z
09/07/2026,1:41 PM,2026-09-07T20:41:17+00:00,Adventureland,Jungle Cruise,10,True,2026-09-07T20:40:37.000Z
09/07/2026,1:41 PM,2026-09-07T20:41:17+00:00,Adventureland,Walt Disney's Enchanted Tiki Room,0,True,2026-09-07T20:40:37.000Z
09/07/2026,1:41 PM,2026-09-07T20:41:17+00:00,Bayou Country,Davy Crockett's Explorer Canoes,0,False,2026-09-07T20:40:37.000Z
09/07/2026,1:41 PM,2026-09-07T20:41:17+00:00,Bayou Country,The Many Adventures of Winnie the Pooh,10,True,2026-09-07T20:40:37.000Z
09/07/2026,1:41 PM,2026-09-07T20:41:17+00:00,Bayou Country,Tiana's Bayou Adventure,20,True,2026-09-07T20:40:37.000Z
09/07/2026,1:41 PM,2026-09-07T20:41:17+00:00,Bayou Country,Tiana's Bayou Adventure Single Rider,0,True,2026-09-07T20:40:37.000Z
09/07/2026,1:41 PM,2026-09-07T20:41:17+00:00,Fantasyland,"""it's a small world""",5,True,2026-09-07T20:40:37.000Z
09/07/2026,1:41 PM,2026-09-07T20:41:17+00:00,Fantasyland,Alice in Wonderland,10,True,2026-09-07T20:40:37.000Z
09/07/2026,1:41 PM,2026-09-07T20:41:17+00:00,Fantasyland,Bluey’s Best Day Ever! at Fantasyland Theatre,0,True,2026-09-07T20:40:37.000Z
09/07/2026,1:41 PM,2026-09-07T20:41:17+00:00,Fantasyland,Casey Jr. Circus Train,5,True,2026-09-07T20:40:37.000Z
09/07/2026,1:41 PM,2026-09-07T20:41:17+00:00,Fantasyland,Dumbo the Flying Elephant,30,True,2026-09-07T20:40:37.000Z
09/07/2026,1:41 PM,2026-09-07T20:41:17+00:00,Fantasyland,King Arthur Carrousel,5,True,2026-09-07T20:40:37.000Z
09/07/2026,1:41 PM,2026-09-07T20:41:17+00:00,Fantasyland,Mad Tea Party,5,True,2026-09-07T20:40:37.000Z
09/07/2026,1:41 PM,2026-09-07T20:41:17+00:00,Fantasyland,Matterhorn Bobsleds,30,True,2026-09-07T20:40:37.000Z
09/07/2026,1:41 PM,2026-09-07T20:41:17+00:00,Fantasyland,Meet Disney Princesses at Royal Hall,30,True,2026-09-07T20:40:37.000Z
09/07/2026,1:41 PM,2026-09-07T20:41:17+00:00,Fantasyland,Mr. Toad's Wild Ride,10,True,2026-09-07T20:40:37.000Z
09/07/2026,1:41 PM,2026-09-07T20:41:17+00:00,Fantasyland,Peter Pan's Flight,30,True,2026-09-07T20:40:37.000Z
09/07/2026,1:41 PM,2026-09-07T20:41:17+00:00,Fantasyland,Pinocchio's Daring Journey,10,True,2026-09-07T20:40:37.000Z
09/07/2026,1:41 PM,2026-09-07T20:41:17+00:00,Fantasyland,Sleeping Beauty Castle Walkthrough,0,False,2026-09-07T20:40:37.000Z
09/07/2026,1:41 PM,2026-09-07T20:41:17+00:00,Fantasyland,Snow White's Enchanted Wish,10,True,2026-09-07T20:40:37.000Z
09/07/2026,1:41 PM,2026-09-07T20:41:17+00:00,Fantasyland,Storybook Land Canal Boats,10,True,2026-09-07T20:40:37.000Z
09/07/2026,1:41 PM,2026-09-07T20:41:17+00:00,Frontierland,Big Thunder Mountain Railroad,30,True,2026-09-07T20:40:37.000Z
09/07/2026,1:41 PM,2026-09-07T20:41:17+00:00,Frontierland,Frontierland Shootin' Exposition,0,False,2026-09-07T20:40:37.000Z
09/07/2026,1:41 PM,2026-09-07T20:41:17+00:00,Frontierland,Mark Twain Riverboat,10,True,2026-09-07T20:40:37.000Z
09/07/2026,1:41 PM,2026-09-07T20:41:17+00:00,Frontierland,Pirate's Lair on Tom Sawyer Island,5,True,2026-09-07T20:40:37.000Z
09/07/2026,1:41 PM,2026-09-07T20:41:17+00:00,Frontierland,Sailing Ship Columbia,0,False,2026-09-07T20:40:37.000Z
09/07/2026,1:41 PM,2026-09-07T20:41:17+00:00,Main Street U.S.A,Disneyland Railroad,5,True,2026-09-07T20:40:37.000Z
09/07/2026,1:41 PM,2026-09-07T20:41:17+00:00,Main Street U.S.A,Great Moments with Mr. Lincoln,0,False,2026-09-07T20:40:37.000Z
09/07/2026,1:41 PM,2026-09-07T20:41:17+00:00,Main Street U.S.A,Main Street Cinema,0,True,2026-09-07T20:40:37.000Z
09/07/2026,1:41 PM,2026-09-07T20:41:17+00:00,Main Street U.S.A,Main Street Vehicles,0,True,2026-09-07T20:40:37.000Z
09/07/2026,1:41 PM,2026-09-07T20:41:17+00:00,Main Street U.S.A,Opera House - Walt Disney - A Magical Life,0,True,2026-09-07T20:40:37.000Z
09/07/2026,1:41 PM,2026-09-07T20:41:17+00:00,Main Street U.S.A,The Disney Gallery,0,True,2026-09-07T20:40:37.000Z
09/07/2026,1:41 PM,2026-09-07T20:41:17+00:00,Main Street U.S.A,Walt Disney - A Magical Life,0,True,2026-09-07T20:40:37.000Z
09/07/2026,1:41 PM,2026-09-07T20:41:17+00:00,Mickey's Toontown,Chip 'n' Dale's GADGETcoaster,25,True,2026-09-07T20:40:37.000Z
09/07/2026,1:41 PM,2026-09-07T20:41:17+00:00,Mickey's Toontown,Donald's Duck Pond,0,True,2026-09-07T20:40:37.000Z
09/07/2026,1:41 PM,2026-09-07T20:41:17+00:00,Mickey's Toontown,Goofy's How-to-Play Yard,0,True,2026-09-07T20:40:37.000Z
09/07/2026,1:41 PM,2026-09-07T20:41:17+00:00,Mickey's Toontown,Mickey & Minnie's Runaway Railway,35,True,2026-09-07T20:40:37.000Z
09/07/2026,1:41 PM,2026-09-07T20:41:17+00:00,Mickey's Toontown,Mickey's House and Meet Mickey Mouse,20,True,2026-09-07T20:40:37.000Z
09/07/2026,1:41 PM,2026-09-07T20:41:17+00:00,Mickey's Toontown,Mickey's House and Meet Mickey Mouse,0,False,2026-09-06T19:50:39.000Z
09/07/2026,1:41 PM,2026-09-07T20:41:17+00:00,Mickey's Toontown,Minnie's House,0,True,2026-09-07T20:40:37.000Z
09/07/2026,1:41 PM,2026-09-07T20:41:17+00:00,Mickey's Toontown,Roger Rabbit's Car Toon Spin,15,True,2026-09-07T20:40:37.000Z
09/07/2026,1:41 PM,2026-09-07T20:41:17+00:00,New Orleans Square,Haunted Mansion Holiday,50,True,2026-09-07T20:40:37.000Z
09/07/2026,1:41 PM,2026-09-07T20:41:17+00:00,New Orleans Square,Pirates of the Caribbean,20,True,2026-09-07T20:40:37.000Z
09/07/2026,1:41 PM,2026-09-07T20:41:17+00:00,Star Wars: Galaxy's Edge,Millennium Falcon: Smugglers Run,10,True,2026-09-07T20:40:37.000Z
09/07/2026,1:41 PM,2026-09-07T20:41:17+00:00,Star Wars: Galaxy's Edge,Millennium Falcon: Smugglers Run Single Rider,0,True,2026-09-07T20:40:37.000Z
09/07/2026,1:41 PM,2026-09-07T20:41:17+00:00,Star Wars: Galaxy's Edge,Star Wars: Rise of the Resistance,35,True,2026-09-07T20:40:37.000Z
09/07/2026,1:41 PM,2026-09-07T20:41:17+00:00,Tomorrowland,Astro Orbitor,15,True,2026-09-07T20:40:37.000Z
09/07/2026,1:41 PM,2026-09-07T20:41:17+00:00,Tomorrowland,Autopia,10,True,2026-09-07T20:40:37.000Z
09/07/2026,1:41 PM,2026-09-07T20:41:17+00:00,Tomorrowland,Buzz Lightyear Astro Blasters,15,True,2026-09-07T20:40:37.000Z
09/07/2026,1:41 PM,2026-09-07T20:41:17+00:00,Tomorrowland,Disneyland Monorail,0,False,2026-09-07T20:40:37.000Z
09/07/2026,1:41 PM,2026-09-07T20:41:17+00:00,Tomorrowland,Finding Nemo Submarine Voyage,10,True,2026-09-07T20:40:37.000Z
09/07/2026,1:41 PM,2026-09-07T20:41:17+00:00,Tomorrowland,Pixar Short Film Spotlight,0,False,2026-09-07T20:40:37.000Z
09/07/2026,1:41 PM,2026-09-07T20:41:17+00:00,Tomorrowland,Space Mountain,55,True,2026-09-07T20:40:37.000Z
09/07/2026,1:41 PM,2026-09-07T20:41:17+00:00,Tomorrowland,Star Tours - The Adventures Continue,10,True,2026-09-07T20:40:37.000Z
09/07/2026,4:27 PM,2026-09-07T23:27:29+00:00,Adventureland,Adventureland Treehouse inspired by Walt Disney’s Swiss Family Robinson,0,True,2026-09-07T23:25:39.000Z
09/07/2026,4:27 PM,2026-09-07T23:27:29+00:00,Adventureland,Indiana Jones™ Adventure,40,True,2026-09-07T23:25:39.000Z
09/07/2026,4:27 PM,2026-09-07T23:27:29+00:00,Adventureland,Jungle Cruise,15,True,2026-09-07T23:25:39.000Z
09/07/2026,4:27 PM,2026-09-07T23:27:29+00:00,Adventureland,Walt Disney's Enchanted Tiki Room,0,True,2026-09-07T23:25:39.000Z
09/07/2026,4:27 PM,2026-09-07T23:27:29+00:00,Bayou Country,Davy Crockett's Explorer Canoes,0,False,2026-09-07T23:25:39.000Z
09/07/2026,4:27 PM,2026-09-07T23:27:29+00:00,Bayou Country,The Many Adventures of Winnie the Pooh,10,True,2026-09-07T23:25:39.000Z
09/07/2026,4:27 PM,2026-09-07T23:27:29+00:00,Bayou Country,Tiana's Bayou Adventure,0,False,2026-09-07T23:25:39.000Z
09/07/2026,4:27 PM,2026-09-07T23:27:29+00:00,Bayou Country,Tiana's Bayou Adventure Single Rider,0,False,2026-09-07T23:25:39.000Z
09/07/2026,4:27 PM,2026-09-07T23:27:29+00:00,Fantasyland,"""it's a small world""",10,True,2026-09-07T23:25:39.000Z
09/07/2026,4:27 PM,2026-09-07T23:27:29+00:00,Fantasyland,Alice in Wonderland,15,True,2026-09-07T23:25:39.000Z
09/07/2026,4:27 PM,2026-09-07T23:27:29+00:00,Fantasyland,Bluey’s Best Day Ever! at Fantasyland Theatre,0,True,2026-09-07T23:25:39.000Z
09/07/2026,4:27 PM,2026-09-07T23:27:29+00:00,Fantasyland,Casey Jr. Circus Train,5,True,2026-09-07T23:25:39.000Z
09/07/2026,4:27 PM,2026-09-07T23:27:29+00:00,Fantasyland,Dumbo the Flying Elephant,15,True,2026-09-07T23:25:39.000Z
09/07/2026,4:27 PM,2026-09-07T23:27:29+00:00,Fantasyland,King Arthur Carrousel,5,True,2026-09-07T23:25:39.000Z
09/07/2026,4:27 PM,2026-09-07T23:27:29+00:00,Fantasyland,Mad Tea Party,5,True,2026-09-07T23:25:39.000Z
09/07/2026,4:27 PM,2026-09-07T23:27:29+00:00,Fantasyland,Matterhorn Bobsleds,0,False,2026-09-07T23:25:39.000Z
09/07/2026,4:27 PM,2026-09-07T23:27:29+00:00,Fantasyland,Meet Disney Princesses at Royal Hall,30,True,2026-09-07T23:25:39.000Z
09/07/2026,4:27 PM,2026-09-07T23:27:29+00:00,Fantasyland,Mr. Toad's Wild Ride,20,True,2026-09-07T23:25:39.000Z
09/07/2026,4:27 PM,2026-09-07T23:27:29+00:00,Fantasyland,Peter Pan's Flight,0,False,2026-09-07T23:25:39.000Z
09/07/2026,4:27 PM,2026-09-07T23:27:29+00:00,Fantasyland,Pinocchio's Daring Journey,10,True,2026-09-07T23:25:39.000Z
09/07/2026,4:27 PM,2026-09-07T23:27:29+00:00,Fantasyland,Sleeping Beauty Castle Walkthrough,0,False,2026-09-07T23:25:39.000Z
09/07/2026,4:27 PM,2026-09-07T23:27:29+00:00,Fantasyland,Snow White's Enchanted Wish,15,True,2026-09-07T23:25:39.000Z
09/07/2026,4:27 PM,2026-09-07T23:27:29+00:00,Fantasyland,Storybook Land Canal Boats,10,True,2026-09-07T23:25:39.000Z
09/07/2026,4:27 PM,2026-09-07T23:27:29+00:00,Frontierland,Big Thunder Mountain Railroad,25,True,2026-09-07T23:25:39.000Z
09/07/2026,4:27 PM,2026-09-07T23:27:29+00:00,Frontierland,Frontierland Shootin' Exposition,0,False,2026-09-07T23:25:39.000Z
09/07/2026,4:27 PM,2026-09-07T23:27:29+00:00,Frontierland,Mark Twain Riverboat,10,True,2026-09-07T23:25:39.000Z
09/07/2026,4:27 PM,2026-09-07T23:27:29+00:00,Frontierland,Pirate's Lair on Tom Sawyer Island,5,True,2026-09-07T23:25:39.000Z
09/07/2026,4:27 PM,2026-09-07T23:27:29+00:00,Frontierland,Sailing Ship Columbia,0,False,2026-09-07T23:25:39.000Z
09/07/2026,4:27 PM,2026-09-07T23:27:29+00:00,Main Street U.S.A,Disneyland Railroad,10,True,2026-09-07T23:25:39.000Z
09/07/2026,4:27 PM,2026-09-07T23:27:29+00:00,Main Street U.S.A,Great Moments with Mr. Lincoln,0,False,2026-09-07T23:25:39.000Z
09/07/2026,4:27 PM,2026-09-07T23:27:29+00:00,Main Street U.S.A,Main Street Cinema,0,True,2026-09-07T23:25:39.000Z
09/07/2026,4:27 PM,2026-09-07T23:27:29+00:00,Main Street U.S.A,Main Street Vehicles,0,False,2026-09-07T23:25:39.000Z
09/07/2026,4:27 PM,2026-09-07T23:27:29+00:00,Main Street U.S.A,Opera House - Walt Disney - A Magical Life,0,True,2026-09-07T23:25:39.000Z
09/07/2026,4:27 PM,2026-09-07T23:27:29+00:00,Main Street U.S.A,The Disney Gallery,0,True,2026-09-07T23:25:39.000Z
09/07/2026,4:27 PM,2026-09-07T23:27:29+00:00,Main Street U.S.A,Walt Disney - A Magical Life,0,True,2026-09-07T23:25:39.000Z
09/07/2026,4:27 PM,2026-09-07T23:27:29+00:00,Mickey's Toontown,Chip 'n' Dale's GADGETcoaster,15,True,2026-09-07T23:25:39.000Z
09/07/2026,4:27 PM,2026-09-07T23:27:29+00:00,Mickey's Toontown,Donald's Duck Pond,0,True,2026-09-07T23:25:39.000Z
09/07/2026,4:27 PM,2026-09-07T23:27:29+00:00,Mickey's Toontown,Goofy's How-to-Play Yard,0,True,2026-09-07T23:25:39.000Z
09/07/2026,4:27 PM,2026-09-07T23:27:29+00:00,Mickey's Toontown,Mickey & Minnie's Runaway Railway,45,True,2026-09-07T23:25:39.000Z
09/07/2026,4:27 PM,2026-09-07T23:27:29+00:00,Mickey's Toontown,Mickey's House and Meet Mickey Mouse,20,True,2026-09-07T23:25:39.000Z
09/07/2026,4:27 PM,2026-09-07T23:27:29+00:00,Mickey's Toontown,Mickey's House and Meet Mickey Mouse,0,False,2026-09-06T19:50:39.000Z
09/07/2026,4:27 PM,2026-09-07T23:27:29+00:00,Mickey's Toontown,Minnie's House,0,True,2026-09-07T23:25:39.000Z
09/07/2026,4:27 PM,2026-09-07T23:27:29+00:00,Mickey's Toontown,Roger Rabbit's Car Toon Spin,40,True,2026-09-07T23:25:39.000Z
09/07/2026,4:27 PM,2026-09-07T23:27:29+00:00,New Orleans Square,Haunted Mansion Holiday,40,True,2026-09-07T23:25:39.000Z
09/07/2026,4:27 PM,2026-09-07T23:27:29+00:00,New Orleans Square,Pirates of the Caribbean,20,True,2026-09-07T23:25:39.000Z
09/07/2026,4:27 PM,2026-09-07T23:27:29+00:00,Star Wars: Galaxy's Edge,Millennium Falcon: Smugglers Run,15,True,2026-09-07T23:25:39.000Z
09/07/2026,4:27 PM,2026-09-07T23:27:29+00:00,Star Wars: Galaxy's Edge,Millennium Falcon: Smugglers Run Single Rider,0,True,2026-09-07T23:25:39.000Z
09/07/2026,4:27 PM,2026-09-07T23:27:29+00:00,Star Wars: Galaxy's Edge,Star Wars: Rise of the Resistance,45,True,2026-09-07T23:25:39.000Z
09/07/2026,4:27 PM,2026-09-07T23:27:29+00:00,Tomorrowland,Astro Orbitor,10,True,2026-09-07T23:25:39.000Z
09/07/2026,4:27 PM,2026-09-07T23:27:29+00:00,Tomorrowland,Autopia,5,True,2026-09-07T23:25:39.000Z
09/07/2026,4:27 PM,2026-09-07T23:27:29+00:00,Tomorrowland,Buzz Lightyear Astro Blasters,25,True,2026-09-07T23:25:39.000Z
09/07/2026,4:27 PM,2026-09-07T23:27:29+00:00,Tomorrowland,Disneyland Monorail,0,False,2026-09-07T23:25:39.000Z
09/07/2026,4:27 PM,2026-09-07T23:27:29+00:00,Tomorrowland,Finding Nemo Submarine Voyage,5,True,2026-09-07T23:25:39.000Z
09/07/2026,4:27 PM,2026-09-07T23:27:29+00:00,Tomorrowland,Pixar Short Film Spotlight,0,False,2026-09-07T23:25:39.000Z
09/07/2026,4:27 PM,2026-09-07T23:27:29+00:00,Tomorrowland,Space Mountain,45,True,2026-09-07T23:25:39.000Z
09/07/2026,4:27 PM,2026-09-07T23:27:29+00:00,Tomorrowland,Star Tours - The Adventures Continue,15,True,2026-09-07T23:25:39.000Z
09/07/2026,6:21 PM,2026-09-08T01:21:32+00:00,Adventureland,Adventureland Treehouse inspired by Walt Disney’s Swiss Family Robinson,0,True,2026-09-08T01:20:36.000Z
09/07/2026,6:21 PM,2026-09-08T01:21:32+00:00,Adventureland,Indiana Jones™ Adventure,20,True,2026-09-08T01:20:36.000Z
09/07/2026,6:21 PM,2026-09-08T01:21:32+00:00,Adventureland,Jungle Cruise,15,True,2026-09-08T01:20:36.000Z
09/07/2026,6:21 PM,2026-09-08T01:21:32+00:00,Adventureland,Walt Disney's Enchanted Tiki Room,0,True,2026-09-08T01:20:36.000Z
09/07/2026,6:21 PM,2026-09-08T01:21:32+00:00,Bayou Country,Davy Crockett's Explorer Canoes,0,False,2026-09-08T01:20:36.000Z
09/07/2026,6:21 PM,2026-09-08T01:21:32+00:00,Bayou Country,The Many Adventures of Winnie the Pooh,5,True,2026-09-08T01:20:36.000Z
09/07/2026,6:21 PM,2026-09-08T01:21:32+00:00,Bayou Country,Tiana's Bayou Adventure,25,True,2026-09-08T01:20:36.000Z
09/07/2026,6:21 PM,2026-09-08T01:21:32+00:00,Bayou Country,Tiana's Bayou Adventure Single Rider,0,True,2026-09-08T01:20:36.000Z
09/07/2026,6:21 PM,2026-09-08T01:21:32+00:00,Fantasyland,"""it's a small world""",5,True,2026-09-08T01:20:36.000Z
09/07/2026,6:21 PM,2026-09-08T01:21:32+00:00,Fantasyland,Alice in Wonderland,20,True,2026-09-08T01:20:36.000Z
09/07/2026,6:21 PM,2026-09-08T01:21:32+00:00,Fantasyland,Bluey’s Best Day Ever! at Fantasyland Theatre,0,True,2026-09-08T01:20:36.000Z
09/07/2026,6:21 PM,2026-09-08T01:21:32+00:00,Fantasyland,Casey Jr. Circus Train,10,True,2026-09-08T01:20:36.000Z
09/07/2026,6:21 PM,2026-09-08T01:21:32+00:00,Fantasyland,Dumbo the Flying Elephant,15,True,2026-09-08T01:20:36.000Z
09/07/2026,6:21 PM,2026-09-08T01:21:32+00:00,Fantasyland,King Arthur Carrousel,5,True,2026-09-08T01:20:36.000Z
09/07/2026,6:21 PM,2026-09-08T01:21:32+00:00,Fantasyland,Mad Tea Party,5,True,2026-09-08T01:20:36.000Z
09/07/2026,6:21 PM,2026-09-08T01:21:32+00:00,Fantasyland,Matterhorn Bobsleds,30,True,2026-09-08T01:20:36.000Z
09/07/2026,6:21 PM,2026-09-08T01:21:32+00:00,Fantasyland,Meet Disney Princesses at Royal Hall,30,True,2026-09-08T01:20:36.000Z
09/07/2026,6:21 PM,2026-09-08T01:21:32+00:00,Fantasyland,Mr. Toad's Wild Ride,10,True,2026-09-08T01:20:36.000Z
09/07/2026,6:21 PM,2026-09-08T01:21:32+00:00,Fantasyland,Peter Pan's Flight,0,False,2026-09-08T01:20:36.000Z
09/07/2026,6:21 PM,2026-09-08T01:21:32+00:00,Fantasyland,Pinocchio's Daring Journey,15,True,2026-09-08T01:20:36.000Z
09/07/2026,6:21 PM,2026-09-08T01:21:32+00:00,Fantasyland,Sleeping Beauty Castle Walkthrough,0,False,2026-09-08T01:20:36.000Z
09/07/2026,6:21 PM,2026-09-08T01:21:32+00:00,Fantasyland,Snow White's Enchanted Wish,10,True,2026-09-08T01:20:36.000Z
09/07/2026,6:21 PM,2026-09-08T01:21:32+00:00,Fantasyland,Storybook Land Canal Boats,5,True,2026-09-08T01:20:36.000Z
09/07/2026,6:21 PM,2026-09-08T01:21:32+00:00,Frontierland,Big Thunder Mountain Railroad,25,True,2026-09-08T01:20:36.000Z
09/07/2026,6:21 PM,2026-09-08T01:21:32+00:00,Frontierland,Frontierland Shootin' Exposition,0,False,2026-09-08T01:20:36.000Z
09/07/2026,6:21 PM,2026-09-08T01:21:32+00:00,Frontierland,Mark Twain Riverboat,0,False,2026-09-08T01:20:36.000Z
09/07/2026,6:21 PM,2026-09-08T01:21:32+00:00,Frontierland,Pirate's Lair on Tom Sawyer Island,0,False,2026-09-08T01:20:36.000Z
09/07/2026,6:21 PM,2026-09-08T01:21:32+00:00,Frontierland,Sailing Ship Columbia,0,False,2026-09-08T01:20:36.000Z
09/07/2026,6:21 PM,2026-09-08T01:21:32+00:00,Main Street U.S.A,Disneyland Railroad,5,True,2026-09-08T01:20:36.000Z
09/07/2026,6:21 PM,2026-09-08T01:21:32+00:00,Main Street U.S.A,Great Moments with Mr. Lincoln,0,False,2026-09-08T01:20:36.000Z
09/07/2026,6:21 PM,2026-09-08T01:21:32+00:00,Main Street U.S.A,Main Street Cinema,0,True,2026-09-08T01:20:36.000Z
09/07/2026,6:21 PM,2026-09-08T01:21:32+00:00,Main Street U.S.A,Main Street Vehicles,0,False,2026-09-08T01:20:36.000Z
09/07/2026,6:21 PM,2026-09-08T01:21:32+00:00,Main Street U.S.A,Opera House - Walt Disney - A Magical Life,0,True,2026-09-08T01:20:36.000Z
09/07/2026,6:21 PM,2026-09-08T01:21:32+00:00,Main Street U.S.A,The Disney Gallery,0,True,2026-09-08T01:20:36.000Z
09/07/2026,6:21 PM,2026-09-08T01:21:32+00:00,Main Street U.S.A,Walt Disney - A Magical Life,0,True,2026-09-08T01:20:36.000Z
09/07/2026,6:21 PM,2026-09-08T01:21:32+00:00,Mickey's Toontown,Chip 'n' Dale's GADGETcoaster,25,True,2026-09-08T01:20:36.000Z
09/07/2026,6:21 PM,2026-09-08T01:21:32+00:00,Mickey's Toontown,Donald's Duck Pond,0,True,2026-09-08T01:20:36.000Z
09/07/2026,6:21 PM,2026-09-08T01:21:32+00:00,Mickey's Toontown,Goofy's How-to-Play Yard,0,True,2026-09-08T01:20:36.000Z
09/07/2026,6:21 PM,2026-09-08T01:21:32+00:00,Mickey's Toontown,Mickey & Minnie's Runaway Railway,0,False,2026-09-08T01:20:36.000Z
09/07/2026,6:21 PM,2026-09-08T01:21:32+00:00,Mickey's Toontown,Mickey's House and Meet Mickey Mouse,20,True,2026-09-08T01:20:36.000Z
09/07/2026,6:21 PM,2026-09-08T01:21:32+00:00,Mickey's Toontown,Mickey's House and Meet Mickey Mouse,0,False,2026-09-06T19:50:39.000Z
09/07/2026,6:21 PM,2026-09-08T01:21:32+00:00,Mickey's Toontown,Minnie's House,0,True,2026-09-08T01:20:36.000Z
09/07/2026,6:21 PM,2026-09-08T01:21:32+00:00,Mickey's Toontown,Roger Rabbit's Car Toon Spin,0,False,2026-09-08T01:20:36.000Z
09/07/2026,6:21 PM,2026-09-08T01:21:32+00:00,New Orleans Square,Haunted Mansion Holiday,40,True,2026-09-08T01:20:36.000Z
09/07/2026,6:21 PM,2026-09-08T01:21:32+00:00,New Orleans Square,Pirates of the Caribbean,20,True,2026-09-08T01:20:36.000Z
09/07/2026,6:21 PM,2026-09-08T01:21:32+00:00,Star Wars: Galaxy's Edge,Millennium Falcon: Smugglers Run,15,True,2026-09-08T01:20:36.000Z
09/07/2026,6:21 PM,2026-09-08T01:21:32+00:00,Star Wars: Galaxy's Edge,Millennium Falcon: Smugglers Run Single Rider,0,True,2026-09-08T01:20:36.000Z
09/07/2026,6:21 PM,2026-09-08T01:21:32+00:00,Star Wars: Galaxy's Edge,Star Wars: Rise of the Resistance,30,True,2026-09-08T01:20:36.000Z
09/07/2026,6:21 PM,2026-09-08T01:21:32+00:00,Tomorrowland,Astro Orbitor,10,True,2026-09-08T01:20:36.000Z
09/07/2026,6:21 PM,2026-09-08T01:21:32+00:00,Tomorrowland,Autopia,10,True,2026-09-08T01:20:36.000Z
09/07/2026,6:21 PM,2026-09-08T01:21:32+00:00,Tomorrowland,Buzz Lightyear Astro Blasters,15,True,2026-09-08T01:20:36.000Z
09/07/2026,6:21 PM,2026-09-08T01:21:32+00:00,Tomorrowland,Disneyland Monorail,0,False,2026-09-08T01:20:36.000Z
09/07/2026,6:21 PM,2026-09-08T01:21:32+00:00,Tomorrowland,Finding Nemo Submarine Voyage,10,True,2026-09-08T01:20:36.000Z
09/07/2026,6:21 PM,2026-09-08T01:21:32+00:00,Tomorrowland,Pixar Short Film Spotlight,0,False,2026-09-08T01:20:36.000Z
09/07/2026,6:21 PM,2026-09-08T01:21:32+00:00,Tomorrowland,Space Mountain,45,True,2026-09-08T01:20:36.000Z
09/07/2026,6:21 PM,2026-09-08T01:21:32+00:00,Tomorrowland,Star Tours - The Adventures Continue,10,True,2026-09-08T01:20:36.000Z
09/08/2026,9:33 AM,2026-09-08T16:33:41+00:00,Adventureland,Adventureland Treehouse inspired by Walt Disney’s Swiss Family Robinson,0,True,2026-09-08T16:30:36.000Z
09/08/2026,9:33 AM,2026-09-08T16:33:41+00:00,Adventureland,Indiana Jones™ Adventure,0,False,2026-09-08T16:30:36.000Z
09/08/2026,9:33 AM,2026-09-08T16:33:41+00:00,Adventureland,Jungle Cruise,10,True,2026-09-08T16:30:36.000Z
09/08/2026,9:33 AM,2026-09-08T16:33:41+00:00,Adventureland,Walt Disney's Enchanted Tiki Room,0,True,2026-09-08T16:30:36.000Z
09/08/2026,9:33 AM,2026-09-08T16:33:41+00:00,Bayou Country,Davy Crockett's Explorer Canoes,0,False,2026-09-08T16:30:36.000Z
09/08/2026,9:33 AM,2026-09-08T16:33:41+00:00,Bayou Country,The Many Adventures of Winnie the Pooh,5,True,2026-09-08T16:30:36.000Z
09/08/2026,9:33 AM,2026-09-08T16:33:41+00:00,Bayou Country,Tiana's Bayou Adventure,5,True,2026-09-08T16:30:36.000Z
09/08/2026,9:33 AM,2026-09-08T16:33:41+00:00,Bayou Country,Tiana's Bayou Adventure Single Rider,0,True,2026-09-08T16:30:36.000Z
09/08/2026,9:33 AM,2026-09-08T16:33:41+00:00,Fantasyland,"""it's a small world""",5,True,2026-09-08T16:30:36.000Z
09/08/2026,9:33 AM,2026-09-08T16:33:41+00:00,Fantasyland,Alice in Wonderland,15,True,2026-09-08T16:30:36.000Z
09/08/2026,9:33 AM,2026-09-08T16:33:41+00:00,Fantasyland,Bluey’s Best Day Ever! at Fantasyland Theatre,0,True,2026-09-08T16:30:36.000Z
09/08/2026,9:33 AM,2026-09-08T16:33:41+00:00,Fantasyland,Casey Jr. Circus Train,10,True,2026-09-08T16:30:36.000Z
09/08/2026,9:33 AM,2026-09-08T16:33:41+00:00,Fantasyland,Dumbo the Flying Elephant,20,True,2026-09-08T16:30:36.000Z
09/08/2026,9:33 AM,2026-09-08T16:33:41+00:00,Fantasyland,King Arthur Carrousel,5,True,2026-09-08T16:30:36.000Z
09/08/2026,9:33 AM,2026-09-08T16:33:41+00:00,Fantasyland,Mad Tea Party,5,True,2026-09-08T16:30:36.000Z
09/08/2026,9:33 AM,2026-09-08T16:33:41+00:00,Fantasyland,Matterhorn Bobsleds,15,True,2026-09-08T16:30:36.000Z
09/08/2026,9:33 AM,2026-09-08T16:33:41+00:00,Fantasyland,Meet Disney Princesses at Royal Hall,0,False,2026-09-08T16:30:36.000Z
09/08/2026,9:33 AM,2026-09-08T16:33:41+00:00,Fantasyland,Mr. Toad's Wild Ride,5,True,2026-09-08T16:30:36.000Z
09/08/2026,9:33 AM,2026-09-08T16:33:41+00:00,Fantasyland,Peter Pan's Flight,25,True,2026-09-08T16:30:36.000Z
09/08/2026,9:33 AM,2026-09-08T16:33:41+00:00,Fantasyland,Pinocchio's Daring Journey,5,True,2026-09-08T16:30:36.000Z
09/08/2026,9:33 AM,2026-09-08T16:33:41+00:00,Fantasyland,Sleeping Beauty Castle Walkthrough,0,False,2026-09-08T16:30:36.000Z
09/08/2026,9:33 AM,2026-09-08T16:33:41+00:00,Fantasyland,Snow White's Enchanted Wish,15,True,2026-09-08T16:30:36.000Z
09/08/2026,9:33 AM,2026-09-08T16:33:41+00:00,Fantasyland,Storybook Land Canal Boats,10,True,2026-09-08T16:30:36.000Z
09/08/2026,9:33 AM,2026-09-08T16:33:41+00:00,Frontierland,Big Thunder Mountain Railroad,15,True,2026-09-08T16:30:36.000Z
09/08/2026,9:33 AM,2026-09-08T16:33:41+00:00,Frontierland,Frontierland Shootin' Exposition,0,False,2026-09-08T16:30:36.000Z
09/08/2026,9:33 AM,2026-09-08T16:33:41+00:00,Frontierland,Mark Twain Riverboat,0,False,2026-09-08T16:30:36.000Z
09/08/2026,9:33 AM,2026-09-08T16:33:41+00:00,Frontierland,Pirate's Lair on Tom Sawyer Island,5,True,2026-09-08T16:30:36.000Z
09/08/2026,9:33 AM,2026-09-08T16:33:41+00:00,Frontierland,Sailing Ship Columbia,0,False,2026-09-08T16:30:36.000Z
09/08/2026,9:33 AM,2026-09-08T16:33:41+00:00,Main Street U.S.A,Disneyland Railroad,5,True,2026-09-08T16:30:36.000Z
09/08/2026,9:33 AM,2026-09-08T16:33:41+00:00,Main Street U.S.A,Great Moments with Mr. Lincoln,0,True,2026-09-08T16:30:36.000Z
09/08/2026,9:33 AM,2026-09-08T16:33:41+00:00,Main Street U.S.A,Main Street Cinema,0,True,2026-09-08T16:30:36.000Z
09/08/2026,9:33 AM,2026-09-08T16:33:41+00:00,Main Street U.S.A,Main Street Vehicles,0,True,2026-09-08T16:30:36.000Z
09/08/2026,9:33 AM,2026-09-08T16:33:41+00:00,Main Street U.S.A,Opera House - Walt Disney - A Magical Life,0,True,2026-09-08T16:30:36.000Z
09/08/2026,9:33 AM,2026-09-08T16:33:41+00:00,Main Street U.S.A,The Disney Gallery,0,True,2026-09-08T16:30:36.000Z
09/08/2026,9:33 AM,2026-09-08T16:33:41+00:00,Main Street U.S.A,Walt Disney - A Magical Life,0,False,2026-09-08T16:30:36.000Z
09/08/2026,9:33 AM,2026-09-08T16:33:41+00:00,Mickey's Toontown,Chip 'n' Dale's GADGETcoaster,5,True,2026-09-08T16:30:36.000Z
09/08/2026,9:33 AM,2026-09-08T16:33:41+00:00,Mickey's Toontown,Donald's Duck Pond,0,True,2026-09-08T16:30:36.000Z
09/08/2026,9:33 AM,2026-09-08T16:33:41+00:00,Mickey's Toontown,Goofy's How-to-Play Yard,0,True,2026-09-08T16:30:36.000Z
09/08/2026,9:33 AM,2026-09-08T16:33:41+00:00,Mickey's Toontown,Mickey & Minnie's Runaway Railway,5,True,2026-09-08T16:30:36.000Z
09/08/2026,9:33 AM,2026-09-08T16:33:41+00:00,Mickey's Toontown,Mickey's House and Meet Mickey Mouse,30,True,2026-09-08T16:30:36.000Z
09/08/2026,9:33 AM,2026-09-08T16:33:41+00:00,Mickey's Toontown,Mickey's House and Meet Mickey Mouse,0,False,2026-09-06T19:50:39.000Z
09/08/2026,9:33 AM,2026-09-08T16:33:41+00:00,Mickey's Toontown,Minnie's House,0,True,2026-09-08T16:30:36.000Z
09/08/2026,9:33 AM,2026-09-08T16:33:41+00:00,Mickey's Toontown,Roger Rabbit's Car Toon Spin,0,False,2026-09-08T16:30:36.000Z
09/08/2026,9:33 AM,2026-09-08T16:33:41+00:00,New Orleans Square,Haunted Mansion Holiday,20,True,2026-09-08T16:30:36.000Z
09/08/2026,9:33 AM,2026-09-08T16:33:41+00:00,New Orleans Square,Pirates of the Caribbean,5,True,2026-09-08T16:30:36.000Z
09/08/2026,9:33 AM,2026-09-08T16:33:41+00:00,Star Wars: Galaxy's Edge,Millennium Falcon: Smugglers Run,5,True,2026-09-08T16:30:36.000Z
09/08/2026,9:33 AM,2026-09-08T16:33:41+00:00,Star Wars: Galaxy's Edge,Millennium Falcon: Smugglers Run Single Rider,0,True,2026-09-08T16:30:36.000Z
09/08/2026,9:33 AM,2026-09-08T16:33:41+00:00,Star Wars: Galaxy's Edge,Star Wars: Rise of the Resistance,45,True,2026-09-08T16:30:36.000Z
09/08/2026,9:33 AM,2026-09-08T16:33:41+00:00,Tomorrowland,Astro Orbitor,10,True,2026-09-08T16:30:36.000Z
09/08/2026,9:33 AM,2026-09-08T16:33:41+00:00,Tomorrowland,Autopia,10,True,2026-09-08T16:30:36.000Z
09/08/2026,9:33 AM,2026-09-08T16:33:41+00:00,Tomorrowland,Buzz Lightyear Astro Blasters,5,True,2026-09-08T16:30:36.000Z
09/08/2026,9:33 AM,2026-09-08T16:33:41+00:00,Tomorrowland,Disneyland Monorail,5,True,2026-09-08T16:30:36.000Z
09/08/2026,9:33 AM,2026-09-08T16:33:41+00:00,Tomorrowland,Finding Nemo Submarine Voyage,5,True,2026-09-08T16:30:36.000Z
09/08/2026,9:33 AM,2026-09-08T16:33:41+00:00,Tomorrowland,Pixar Short Film Spotlight,0,False,2026-09-08T16:30:36.000Z
09/08/2026,9:33 AM,2026-09-08T16:33:41+00:00,Tomorrowland,Space Mountain,25,True,2026-09-08T16:30:36.000Z
09/08/2026,9:33 AM,2026-09-08T16:33:41+00:00,Tomorrowland,Star Tours - The Adventures Continue,5,True,2026-09-08T16:30:36.000Z
09/08/2026,12:33 PM,2026-09-08T19:33:54+00:00,Adventureland,Adventureland Treehouse inspired by Walt Disney’s Swiss Family Robinson,0,True,2026-09-08T19:30:41.000Z
09/08/2026,12:33 PM,2026-09-08T19:33:54+00:00,Adventureland,Indiana Jones™ Adventure,0,False,2026-09-08T19:30:41.000Z
09/08/2026,12:33 PM,2026-09-08T19:33:54+00:00,Adventureland,Jungle Cruise,15,True,2026-09-08T19:30:41.000Z
09/08/2026,12:33 PM,2026-09-08T19:33:54+00:00,Adventureland,Walt Disney's Enchanted Tiki Room,0,True,2026-09-08T19:30:41.000Z
09/08/2026,12:33 PM,2026-09-08T19:33:54+00:00,Bayou Country,Davy Crockett's Explorer Canoes,0,False,2026-09-08T19:30:41.000Z
09/08/2026,12:33 PM,2026-09-08T19:33:54+00:00,Bayou Country,The Many Adventures of Winnie the Pooh,10,True,2026-09-08T19:30:41.000Z
09/08/2026,12:33 PM,2026-09-08T19:33:54+00:00,Bayou Country,Tiana's Bayou Adventure,40,True,2026-09-08T19:30:41.000Z
09/08/2026,12:33 PM,2026-09-08T19:33:54+00:00,Bayou Country,Tiana's Bayou Adventure Single Rider,0,True,2026-09-08T19:30:41.000Z
09/08/2026,12:33 PM,2026-09-08T19:33:54+00:00,Fantasyland,"""it's a small world""",5,True,2026-09-08T19:30:41.000Z
09/08/2026,12:33 PM,2026-09-08T19:33:54+00:00,Fantasyland,Alice in Wonderland,25,True,2026-09-08T19:30:41.000Z
09/08/2026,12:33 PM,2026-09-08T19:33:54+00:00,Fantasyland,Bluey’s Best Day Ever! at Fantasyland Theatre,0,True,2026-09-08T19:30:41.000Z
09/08/2026,12:33 PM,2026-09-08T19:33:54+00:00,Fantasyland,Casey Jr. Circus Train,5,True,2026-09-08T19:30:41.000Z
09/08/2026,12:33 PM,2026-09-08T19:33:54+00:00,Fantasyland,Dumbo the Flying Elephant,20,True,2026-09-08T19:30:41.000Z
09/08/2026,12:33 PM,2026-09-08T19:33:54+00:00,Fantasyland,King Arthur Carrousel,5,True,2026-09-08T19:30:41.000Z
09/08/2026,12:33 PM,2026-09-08T19:33:54+00:00,Fantasyland,Mad Tea Party,5,True,2026-09-08T19:30:41.000Z
09/08/2026,12:33 PM,2026-09-08T19:33:54+00:00,Fantasyland,Matterhorn Bobsleds,35,True,2026-09-08T19:30:41.000Z
09/08/2026,12:33 PM,2026-09-08T19:33:54+00:00,Fantasyland,Meet Disney Princesses at Royal Hall,30,True,2026-09-08T19:30:41.000Z
09/08/2026,12:33 PM,2026-09-08T19:33:54+00:00,Fantasyland,Mr. Toad's Wild Ride,15,True,2026-09-08T19:30:41.000Z
09/08/2026,12:33 PM,2026-09-08T19:33:54+00:00,Fantasyland,Peter Pan's Flight,0,False,2026-09-08T19:30:41.000Z
09/08/2026,12:33 PM,2026-09-08T19:33:54+00:00,Fantasyland,Pinocchio's Daring Journey,30,True,2026-09-08T19:30:41.000Z
09/08/2026,12:33 PM,2026-09-08T19:33:54+00:00,Fantasyland,Sleeping Beauty Castle Walkthrough,0,False,2026-09-08T19:30:41.000Z
09/08/2026,12:33 PM,2026-09-08T19:33:54+00:00,Fantasyland,Snow White's Enchanted Wish,25,True,2026-09-08T19:30:41.000Z
09/08/2026,12:33 PM,2026-09-08T19:33:54+00:00,Fantasyland,Storybook Land Canal Boats,10,True,2026-09-08T19:30:41.000Z
09/08/2026,12:33 PM,2026-09-08T19:33:54+00:00,Frontierland,Big Thunder Mountain Railroad,40,True,2026-09-08T19:30:41.000Z
09/08/2026,12:33 PM,2026-09-08T19:33:54+00:00,Frontierland,Frontierland Shootin' Exposition,0,False,2026-09-08T19:30:41.000Z
09/08/2026,12:33 PM,2026-09-08T19:33:54+00:00,Frontierland,Mark Twain Riverboat,0,False,2026-09-08T19:30:41.000Z
09/08/2026,12:33 PM,2026-09-08T19:33:54+00:00,Frontierland,Pirate's Lair on Tom Sawyer Island,5,True,2026-09-08T19:30:41.000Z
09/08/2026,12:33 PM,2026-09-08T19:33:54+00:00,Frontierland,Sailing Ship Columbia,0,False,2026-09-08T19:30:41.000Z
09/08/2026,12:33 PM,2026-09-08T19:33:54+00:00,Main Street U.S.A,Disneyland Railroad,10,True,2026-09-08T19:30:41.000Z
09/08/2026,12:33 PM,2026-09-08T19:33:54+00:00,Main Street U.S.A,Great Moments with Mr. Lincoln,0,True,2026-09-08T19:30:41.000Z
09/08/2026,12:33 PM,2026-09-08T19:33:54+00:00,Main Street U.S.A,Main Street Cinema,0,True,2026-09-08T19:30:41.000Z
09/08/2026,12:33 PM,2026-09-08T19:33:54+00:00,Main Street U.S.A,Main Street Vehicles,0,True,2026-09-08T19:30:41.000Z
09/08/2026,12:33 PM,2026-09-08T19:33:54+00:00,Main Street U.S.A,Opera House - Walt Disney - A Magical Life,0,True,2026-09-08T19:30:41.000Z
09/08/2026,12:33 PM,2026-09-08T19:33:54+00:00,Main Street U.S.A,The Disney Gallery,0,True,2026-09-08T19:30:41.000Z
09/08/2026,12:33 PM,2026-09-08T19:33:54+00:00,Main Street U.S.A,Walt Disney - A Magical Life,0,False,2026-09-08T19:30:41.000Z
09/08/2026,12:33 PM,2026-09-08T19:33:54+00:00,Mickey's Toontown,Chip 'n' Dale's GADGETcoaster,15,True,2026-09-08T19:30:41.000Z
09/08/2026,12:33 PM,2026-09-08T19:33:54+00:00,Mickey's Toontown,Donald's Duck Pond,0,True,2026-09-08T19:30:41.000Z
09/08/2026,12:33 PM,2026-09-08T19:33:54+00:00,Mickey's Toontown,Goofy's How-to-Play Yard,0,True,2026-09-08T19:30:41.000Z
09/08/2026,12:33 PM,2026-09-08T19:33:54+00:00,Mickey's Toontown,Mickey & Minnie's Runaway Railway,30,True,2026-09-08T19:30:41.000Z
09/08/2026,12:33 PM,2026-09-08T19:33:54+00:00,Mickey's Toontown,Mickey's House and Meet Mickey Mouse,30,True,2026-09-08T19:30:41.000Z
09/08/2026,12:33 PM,2026-09-08T19:33:54+00:00,Mickey's Toontown,Mickey's House and Meet Mickey Mouse,0,False,2026-09-06T19:50:39.000Z
09/08/2026,12:33 PM,2026-09-08T19:33:54+00:00,Mickey's Toontown,Minnie's House,0,True,2026-09-08T19:30:41.000Z
09/08/2026,12:33 PM,2026-09-08T19:33:54+00:00,Mickey's Toontown,Roger Rabbit's Car Toon Spin,15,True,2026-09-08T19:30:41.000Z
09/08/2026,12:33 PM,2026-09-08T19:33:54+00:00,New Orleans Square,Haunted Mansion Holiday,50,True,2026-09-08T19:30:41.000Z
09/08/2026,12:33 PM,2026-09-08T19:33:54+00:00,New Orleans Square,Pirates of the Caribbean,25,True,2026-09-08T19:30:41.000Z
09/08/2026,12:33 PM,2026-09-08T19:33:54+00:00,Star Wars: Galaxy's Edge,Millennium Falcon: Smugglers Run,25,True,2026-09-08T19:30:41.000Z
09/08/2026,12:33 PM,2026-09-08T19:33:54+00:00,Star Wars: Galaxy's Edge,Millennium Falcon: Smugglers Run Single Rider,0,True,2026-09-08T19:30:41.000Z
09/08/2026,12:33 PM,2026-09-08T19:33:54+00:00,Star Wars: Galaxy's Edge,Star Wars: Rise of the Resistance,30,True,2026-09-08T19:30:41.000Z
09/08/2026,12:33 PM,2026-09-08T19:33:54+00:00,Tomorrowland,Astro Orbitor,15,True,2026-09-08T19:30:41.000Z
09/08/2026,12:33 PM,2026-09-08T19:33:54+00:00,Tomorrowland,Autopia,15,True,2026-09-08T19:30:41.000Z
09/08/2026,12:33 PM,2026-09-08T19:33:54+00:00,Tomorrowland,Buzz Lightyear Astro Blasters,10,True,2026-09-08T19:30:41.000Z
09/08/2026,12:33 PM,2026-09-08T19:33:54+00:00,Tomorrowland,Disneyland Monorail,0,False,2026-09-08T19:30:41.000Z
09/08/2026,12:33 PM,2026-09-08T19:33:54+00:00,Tomorrowland,Finding Nemo Submarine Voyage,10,True,2026-09-08T19:30:41.000Z
09/08/2026,12:33 PM,2026-09-08T19:33:54+00:00,Tomorrowland,Pixar Short Film Spotlight,0,False,2026-09-08T19:30:41.000Z
09/08/2026,12:33 PM,2026-09-08T19:33:54+00:00,Tomorrowland,Space Mountain,40,True,2026-09-08T19:30:41.000Z
09/08/2026,12:33 PM,2026-09-08T19:33:54+00:00,Tomorrowland,Star Tours - The Adventures Continue,10,True,2026-09-08T19:30:41.000Z
09/08/2026,3:00 PM,2026-09-08T22:00:50+00:00,Adventureland,Adventureland Treehouse inspired by Walt Disney’s Swiss Family Robinson,0,True,2026-09-08T21:56:05.000Z
09/08/2026,3:00 PM,2026-09-08T22:00:50+00:00,Adventureland,Indiana Jones™ Adventure,0,False,2026-09-08T21:56:05.000Z
09/08/2026,3:00 PM,2026-09-08T22:00:50+00:00,Adventureland,Jungle Cruise,10,True,2026-09-08T21:56:05.000Z
09/08/2026,3:00 PM,2026-09-08T22:00:50+00:00,Adventureland,Walt Disney's Enchanted Tiki Room,0,True,2026-09-08T21:56:05.000Z
09/08/2026,3:00 PM,2026-09-08T22:00:50+00:00,Bayou Country,Davy Crockett's Explorer Canoes,0,False,2026-09-08T21:56:05.000Z
09/08/2026,3:00 PM,2026-09-08T22:00:50+00:00,Bayou Country,The Many Adventures of Winnie the Pooh,5,True,2026-09-08T21:56:05.000Z
09/08/2026,3:00 PM,2026-09-08T22:00:50+00:00,Bayou Country,Tiana's Bayou Adventure,45,True,2026-09-08T21:56:05.000Z
09/08/2026,3:00 PM,2026-09-08T22:00:50+00:00,Bayou Country,Tiana's Bayou Adventure Single Rider,0,True,2026-09-08T21:56:05.000Z
09/08/2026,3:00 PM,2026-09-08T22:00:50+00:00,Fantasyland,"""it's a small world""",10,True,2026-09-08T21:56:05.000Z
09/08/2026,3:00 PM,2026-09-08T22:00:50+00:00,Fantasyland,Alice in Wonderland,30,True,2026-09-08T21:56:05.000Z
09/08/2026,3:00 PM,2026-09-08T22:00:50+00:00,Fantasyland,Bluey’s Best Day Ever! at Fantasyland Theatre,0,True,2026-09-08T21:56:05.000Z
09/08/2026,3:00 PM,2026-09-08T22:00:50+00:00,Fantasyland,Casey Jr. Circus Train,5,True,2026-09-08T21:56:05.000Z
09/08/2026,3:00 PM,2026-09-08T22:00:50+00:00,Fantasyland,Dumbo the Flying Elephant,5,True,2026-09-08T21:56:05.000Z
09/08/2026,3:00 PM,2026-09-08T22:00:50+00:00,Fantasyland,King Arthur Carrousel,5,True,2026-09-08T21:56:05.000Z
09/08/2026,3:00 PM,2026-09-08T22:00:50+00:00,Fantasyland,Mad Tea Party,5,True,2026-09-08T21:56:05.000Z
09/08/2026,3:00 PM,2026-09-08T22:00:50+00:00,Fantasyland,Matterhorn Bobsleds,35,True,2026-09-08T21:56:05.000Z
09/08/2026,3:00 PM,2026-09-08T22:00:50+00:00,Fantasyland,Meet Disney Princesses at Royal Hall,15,True,2026-09-08T21:56:05.000Z
09/08/2026,3:00 PM,2026-09-08T22:00:50+00:00,Fantasyland,Mr. Toad's Wild Ride,10,True,2026-09-08T21:56:05.000Z
09/08/2026,3:00 PM,2026-09-08T22:00:50+00:00,Fantasyland,Peter Pan's Flight,25,True,2026-09-08T21:56:05.000Z
09/08/2026,3:00 PM,2026-09-08T22:00:50+00:00,Fantasyland,Pinocchio's Daring Journey,5,True,2026-09-08T21:56:05.000Z
09/08/2026,3:00 PM,2026-09-08T22:00:50+00:00,Fantasyland,Sleeping Beauty Castle Walkthrough,0,False,2026-09-08T21:56:05.000Z
09/08/2026,3:00 PM,2026-09-08T22:00:50+00:00,Fantasyland,Snow White's Enchanted Wish,10,True,2026-09-08T21:56:05.000Z
09/08/2026,3:00 PM,2026-09-08T22:00:50+00:00,Fantasyland,Storybook Land Canal Boats,5,True,2026-09-08T21:56:05.000Z
09/08/2026,3:00 PM,2026-09-08T22:00:50+00:00,Frontierland,Big Thunder Mountain Railroad,15,True,2026-09-08T21:56:05.000Z
09/08/2026,3:00 PM,2026-09-08T22:00:50+00:00,Frontierland,Frontierland Shootin' Exposition,0,False,2026-09-08T21:56:05.000Z
09/08/2026,3:00 PM,2026-09-08T22:00:50+00:00,Frontierland,Mark Twain Riverboat,0,False,2026-09-08T21:56:05.000Z
09/08/2026,3:00 PM,2026-09-08T22:00:50+00:00,Frontierland,Pirate's Lair on Tom Sawyer Island,5,True,2026-09-08T21:56:05.000Z
09/08/2026,3:00 PM,2026-09-08T22:00:50+00:00,Frontierland,Sailing Ship Columbia,0,False,2026-09-08T21:56:05.000Z
09/08/2026,3:00 PM,2026-09-08T22:00:50+00:00,Main Street U.S.A,Disneyland Railroad,10,True,2026-09-08T21:56:05.000Z
09/08/2026,3:00 PM,2026-09-08T22:00:50+00:00,Main Street U.S.A,Great Moments with Mr. Lincoln,0,False,2026-09-08T21:56:05.000Z
09/08/2026,3:00 PM,2026-09-08T22:00:50+00:00,Main Street U.S.A,Main Street Cinema,0,True,2026-09-08T21:56:05.000Z
09/08/2026,3:00 PM,2026-09-08T22:00:50+00:00,Main Street U.S.A,Main Street Vehicles,0,True,2026-09-08T21:56:05.000Z
09/08/2026,3:00 PM,2026-09-08T22:00:50+00:00,Main Street U.S.A,Opera House - Walt Disney - A Magical Life,0,True,2026-09-08T21:56:05.000Z
09/08/2026,3:00 PM,2026-09-08T22:00:50+00:00,Main Street U.S.A,The Disney Gallery,0,True,2026-09-08T21:56:05.000Z
09/08/2026,3:00 PM,2026-09-08T22:00:50+00:00,Main Street U.S.A,Walt Disney - A Magical Life,0,True,2026-09-08T21:56:05.000Z
09/08/2026,3:00 PM,2026-09-08T22:00:50+00:00,Mickey's Toontown,Chip 'n' Dale's GADGETcoaster,15,True,2026-09-08T21:56:05.000Z
09/08/2026,3:00 PM,2026-09-08T22:00:50+00:00,Mickey's Toontown,Donald's Duck Pond,0,True,2026-09-08T21:56:05.000Z
09/08/2026,3:00 PM,2026-09-08T22:00:50+00:00,Mickey's Toontown,Goofy's How-to-Play Yard,0,True,2026-09-08T21:56:05.000Z
09/08/2026,3:00 PM,2026-09-08T22:00:50+00:00,Mickey's Toontown,Mickey & Minnie's Runaway Railway,50,True,2026-09-08T21:56:05.000Z
09/08/2026,3:00 PM,2026-09-08T22:00:50+00:00,Mickey's Toontown,Mickey's House and Meet Mickey Mouse,30,True,2026-09-08T21:56:05.000Z
09/08/2026,3:00 PM,2026-09-08T22:00:50+00:00,Mickey's Toontown,Mickey's House and Meet Mickey Mouse,0,False,2026-09-06T19:50:39.000Z
09/08/2026,3:00 PM,2026-09-08T22:00:50+00:00,Mickey's Toontown,Minnie's House,0,True,2026-09-08T21:56:05.000Z
09/08/2026,3:00 PM,2026-09-08T22:00:50+00:00,Mickey's Toontown,Roger Rabbit's Car Toon Spin,50,True,2026-09-08T21:56:05.000Z
09/08/2026,3:00 PM,2026-09-08T22:00:50+00:00,New Orleans Square,Haunted Mansion Holiday,40,True,2026-09-08T21:56:05.000Z
09/08/2026,3:00 PM,2026-09-08T22:00:50+00:00,New Orleans Square,Pirates of the Caribbean,20,True,2026-09-08T21:56:05.000Z
09/08/2026,3:00 PM,2026-09-08T22:00:50+00:00,Star Wars: Galaxy's Edge,Millennium Falcon: Smugglers Run,15,True,2026-09-08T21:56:05.000Z
09/08/2026,3:00 PM,2026-09-08T22:00:50+00:00,Star Wars: Galaxy's Edge,Millennium Falcon: Smugglers Run Single Rider,0,True,2026-09-08T21:56:05.000Z
09/08/2026,3:00 PM,2026-09-08T22:00:50+00:00,Star Wars: Galaxy's Edge,Star Wars: Rise of the Resistance,35,True,2026-09-08T21:56:05.000Z
09/08/2026,3:00 PM,2026-09-08T22:00:50+00:00,Tomorrowland,Astro Orbitor,10,True,2026-09-08T21:56:05.000Z
09/08/2026,3:00 PM,2026-09-08T22:00:50+00:00,Tomorrowland,Autopia,15,True,2026-09-08T21:56:05.000Z
09/08/2026,3:00 PM,2026-09-08T22:00:50+00:00,Tomorrowland,Buzz Lightyear Astro Blasters,10,True,2026-09-08T21:56:05.000Z
09/08/2026,3:00 PM,2026-09-08T22:00:50+00:00,Tomorrowland,Disneyland Monorail,0,False,2026-09-08T21:56:05.000Z
09/08/2026,3:00 PM,2026-09-08T22:00:50+00:00,Tomorrowland,Finding Nemo Submarine Voyage,5,True,2026-09-08T21:56:05.000Z
09/08/2026,3:00 PM,2026-09-08T22:00:50+00:00,Tomorrowland,Pixar Short Film Spotlight,0,False,2026-09-08T21:56:05.000Z
09/08/2026,3:00 PM,2026-09-08T22:00:50+00:00,Tomorrowland,Space Mountain,30,True,2026-09-08T21:56:05.000Z
09/08/2026,3:00 PM,2026-09-08T22:00:50+00:00,Tomorrowland,Star Tours - The Adventures Continue,15,True,2026-09-08T21:56:05.000Z
09/08/2026,5:07 PM,2026-09-09T00:07:22+00:00,Adventureland,Adventureland Treehouse inspired by Walt Disney’s Swiss Family Robinson,0,True,2026-09-09T00:05:49.000Z
09/08/2026,5:07 PM,2026-09-09T00:07:22+00:00,Adventureland,Indiana Jones™ Adventure,0,False,2026-09-09T00:05:49.000Z
09/08/2026,5:07 PM,2026-09-09T00:07:22+00:00,Adventureland,Jungle Cruise,10,True,2026-09-09T00:05:49.000Z
09/08/2026,5:07 PM,2026-09-09T00:07:22+00:00,Adventureland,Walt Disney's Enchanted Tiki Room,0,True,2026-09-09T00:05:49.000Z
09/08/2026,5:07 PM,2026-09-09T00:07:22+00:00,Bayou Country,Davy Crockett's Explorer Canoes,0,False,2026-09-09T00:05:49.000Z
09/08/2026,5:07 PM,2026-09-09T00:07:22+00:00,Bayou Country,The Many Adventures of Winnie the Pooh,5,True,2026-09-09T00:05:49.000Z
09/08/2026,5:07 PM,2026-09-09T00:07:22+00:00,Bayou Country,Tiana's Bayou Adventure,60,True,2026-09-09T00:05:49.000Z
09/08/2026,5:07 PM,2026-09-09T00:07:22+00:00,Bayou Country,Tiana's Bayou Adventure Single Rider,0,True,2026-09-09T00:05:49.000Z
09/08/2026,5:07 PM,2026-09-09T00:07:22+00:00,Fantasyland,"""it's a small world""",5,True,2026-09-09T00:05:49.000Z
09/08/2026,5:07 PM,2026-09-09T00:07:22+00:00,Fantasyland,Alice in Wonderland,0,False,2026-09-09T00:05:49.000Z
09/08/2026,5:07 PM,2026-09-09T00:07:22+00:00,Fantasyland,Bluey’s Best Day Ever! at Fantasyland Theatre,0,True,2026-09-09T00:05:49.000Z
09/08/2026,5:07 PM,2026-09-09T00:07:22+00:00,Fantasyland,Casey Jr. Circus Train,5,True,2026-09-09T00:05:49.000Z
09/08/2026,5:07 PM,2026-09-09T00:07:22+00:00,Fantasyland,Dumbo the Flying Elephant,15,True,2026-09-09T00:05:49.000Z
09/08/2026,5:07 PM,2026-09-09T00:07:22+00:00,Fantasyland,King Arthur Carrousel,5,True,2026-09-09T00:05:49.000Z
09/08/2026,5:07 PM,2026-09-09T00:07:22+00:00,Fantasyland,Mad Tea Party,5,True,2026-09-09T00:05:49.000Z
09/08/2026,5:07 PM,2026-09-09T00:07:22+00:00,Fantasyland,Matterhorn Bobsleds,30,True,2026-09-09T00:05:49.000Z
09/08/2026,5:07 PM,2026-09-09T00:07:22+00:00,Fantasyland,Meet Disney Princesses at Royal Hall,0,False,2026-09-09T00:05:49.000Z
09/08/2026,5:07 PM,2026-09-09T00:07:22+00:00,Fantasyland,Mr. Toad's Wild Ride,15,True,2026-09-09T00:05:49.000Z
09/08/2026,5:07 PM,2026-09-09T00:07:22+00:00,Fantasyland,Peter Pan's Flight,25,True,2026-09-09T00:05:49.000Z
09/08/2026,5:07 PM,2026-09-09T00:07:22+00:00,Fantasyland,Pinocchio's Daring Journey,10,True,2026-09-09T00:05:49.000Z
09/08/2026,5:07 PM,2026-09-09T00:07:22+00:00,Fantasyland,Sleeping Beauty Castle Walkthrough,0,False,2026-09-09T00:05:49.000Z
09/08/2026,5:07 PM,2026-09-09T00:07:22+00:00,Fantasyland,Snow White's Enchanted Wish,15,True,2026-09-09T00:05:49.000Z
09/08/2026,5:07 PM,2026-09-09T00:07:22+00:00,Fantasyland,Storybook Land Canal Boats,10,True,2026-09-09T00:05:49.000Z
09/08/2026,5:07 PM,2026-09-09T00:07:22+00:00,Frontierland,Big Thunder Mountain Railroad,25,True,2026-09-09T00:05:49.000Z
09/08/2026,5:07 PM,2026-09-09T00:07:22+00:00,Frontierland,Frontierland Shootin' Exposition,0,False,2026-09-09T00:05:49.000Z
09/08/2026,5:07 PM,2026-09-09T00:07:22+00:00,Frontierland,Mark Twain Riverboat,0,False,2026-09-09T00:05:49.000Z
09/08/2026,5:07 PM,2026-09-09T00:07:22+00:00,Frontierland,Pirate's Lair on Tom Sawyer Island,0,False,2026-09-09T00:05:49.000Z
09/08/2026,5:07 PM,2026-09-09T00:07:22+00:00,Frontierland,Sailing Ship Columbia,0,False,2026-09-09T00:05:49.000Z
09/08/2026,5:07 PM,2026-09-09T00:07:22+00:00,Main Street U.S.A,Disneyland Railroad,10,True,2026-09-09T00:05:49.000Z
09/08/2026,5:07 PM,2026-09-09T00:07:22+00:00,Main Street U.S.A,Great Moments with Mr. Lincoln,0,False,2026-09-09T00:05:49.000Z
09/08/2026,5:07 PM,2026-09-09T00:07:22+00:00,Main Street U.S.A,Main Street Cinema,0,True,2026-09-09T00:05:49.000Z
09/08/2026,5:07 PM,2026-09-09T00:07:22+00:00,Main Street U.S.A,Main Street Vehicles,0,False,2026-09-09T00:05:49.000Z
09/08/2026,5:07 PM,2026-09-09T00:07:22+00:00,Main Street U.S.A,Opera House - Walt Disney - A Magical Life,0,True,2026-09-09T00:05:49.000Z
09/08/2026,5:07 PM,2026-09-09T00:07:22+00:00,Main Street U.S.A,The Disney Gallery,0,True,2026-09-09T00:05:49.000Z
09/08/2026,5:07 PM,2026-09-09T00:07:22+00:00,Main Street U.S.A,Walt Disney - A Magical Life,0,True,2026-09-09T00:05:49.000Z
09/08/2026,5:07 PM,2026-09-09T00:07:22+00:00,Mickey's Toontown,Chip 'n' Dale's GADGETcoaster,30,True,2026-09-09T00:05:49.000Z
09/08/2026,5:07 PM,2026-09-09T00:07:22+00:00,Mickey's Toontown,Donald's Duck Pond,0,True,2026-09-09T00:05:49.000Z
09/08/2026,5:07 PM,2026-09-09T00:07:22+00:00,Mickey's Toontown,Goofy's How-to-Play Yard,0,True,2026-09-09T00:05:49.000Z
09/08/2026,5:07 PM,2026-09-09T00:07:22+00:00,Mickey's Toontown,Mickey & Minnie's Runaway Railway,20,True,2026-09-09T00:05:49.000Z
09/08/2026,5:07 PM,2026-09-09T00:07:22+00:00,Mickey's Toontown,Mickey's House and Meet Mickey Mouse,30,True,2026-09-09T00:05:49.000Z
09/08/2026,5:07 PM,2026-09-09T00:07:22+00:00,Mickey's Toontown,Mickey's House and Meet Mickey Mouse,0,False,2026-09-06T19:50:39.000Z
09/08/2026,5:07 PM,2026-09-09T00:07:22+00:00,Mickey's Toontown,Minnie's House,0,True,2026-09-09T00:05:49.000Z
09/08/2026,5:07 PM,2026-09-09T00:07:22+00:00,Mickey's Toontown,Roger Rabbit's Car Toon Spin,40,True,2026-09-09T00:05:49.000Z
09/08/2026,5:07 PM,2026-09-09T00:07:22+00:00,New Orleans Square,Haunted Mansion Holiday,40,True,2026-09-09T00:05:49.000Z
09/08/2026,5:07 PM,2026-09-09T00:07:22+00:00,New Orleans Square,Pirates of the Caribbean,20,True,2026-09-09T00:05:49.000Z
09/08/2026,5:07 PM,2026-09-09T00:07:22+00:00,Star Wars: Galaxy's Edge,Millennium Falcon: Smugglers Run,10,True,2026-09-09T00:05:49.000Z
09/08/2026,5:07 PM,2026-09-09T00:07:22+00:00,Star Wars: Galaxy's Edge,Millennium Falcon: Smugglers Run Single Rider,0,True,2026-09-09T00:05:49.000Z
09/08/2026,5:07 PM,2026-09-09T00:07:22+00:00,Star Wars: Galaxy's Edge,Star Wars: Rise of the Resistance,55,True,2026-09-09T00:05:49.000Z
09/08/2026,5:07 PM,2026-09-09T00:07:22+00:00,Tomorrowland,Astro Orbitor,10,True,2026-09-09T00:05:49.000Z
09/08/2026,5:07 PM,2026-09-09T00:07:22+00:00,Tomorrowland,Autopia,20,True,2026-09-09T00:05:49.000Z
09/08/2026,5:07 PM,2026-09-09T00:07:22+00:00,Tomorrowland,Buzz Lightyear Astro Blasters,10,True,2026-09-09T00:05:49.000Z
09/08/2026,5:07 PM,2026-09-09T00:07:22+00:00,Tomorrowland,Disneyland Monorail,0,False,2026-09-09T00:05:49.000Z
09/08/2026,5:07 PM,2026-09-09T00:07:22+00:00,Tomorrowland,Finding Nemo Submarine Voyage,10,True,2026-09-09T00:05:49.000Z
09/08/2026,5:07 PM,2026-09-09T00:07:22+00:00,Tomorrowland,Pixar Short Film Spotlight,0,False,2026-09-09T00:05:49.000Z
09/08/2026,5:07 PM,2026-09-09T00:07:22+00:00,Tomorrowland,Space Mountain,40,True,2026-09-09T00:05:49.000Z
09/08/2026,5:07 PM,2026-09-09T00:07:22+00:00,Tomorrowland,Star Tours - The Adventures Continue,5,True,2026-09-09T00:05:49.000Z
09/09/2026,10:57 AM,2026-09-09T17:57:14+00:00,Adventureland,Adventureland Treehouse inspired by Walt Disney’s Swiss Family Robinson,0,True,2026-09-09T17:55:35.000Z
09/09/2026,10:57 AM,2026-09-09T17:57:14+00:00,Adventureland,Indiana Jones™ Adventure,0,False,2026-09-09T17:55:35.000Z
09/09/2026,10:57 AM,2026-09-09T17:57:14+00:00,Adventureland,Jungle Cruise,5,True,2026-09-09T17:55:35.000Z
09/09/2026,10:57 AM,2026-09-09T17:57:14+00:00,Adventureland,Walt Disney's Enchanted Tiki Room,0,True,2026-09-09T17:55:35.000Z
09/09/2026,10:57 AM,2026-09-09T17:57:14+00:00,Bayou Country,Davy Crockett's Explorer Canoes,0,False,2026-09-09T17:55:35.000Z
09/09/2026,10:57 AM,2026-09-09T17:57:14+00:00,Bayou Country,The Many Adventures of Winnie the Pooh,5,True,2026-09-09T17:55:35.000Z
09/09/2026,10:57 AM,2026-09-09T17:57:14+00:00,Bayou Country,Tiana's Bayou Adventure,20,True,2026-09-09T17:55:35.000Z
09/09/2026,10:57 AM,2026-09-09T17:57:14+00:00,Bayou Country,Tiana's Bayou Adventure Single Rider,0,True,2026-09-09T17:55:35.000Z
09/09/2026,10:57 AM,2026-09-09T17:57:14+00:00,Fantasyland,"""it's a small world""",5,True,2026-09-09T17:55:35.000Z
09/09/2026,10:57 AM,2026-09-09T17:57:14+00:00,Fantasyland,Alice in Wonderland,10,True,2026-09-09T17:55:35.000Z
09/09/2026,10:57 AM,2026-09-09T17:57:14+00:00,Fantasyland,Bluey’s Best Day Ever! at Fantasyland Theatre,0,True,2026-09-09T17:55:35.000Z
09/09/2026,10:57 AM,2026-09-09T17:57:14+00:00,Fantasyland,Casey Jr. Circus Train,5,True,2026-09-09T17:55:35.000Z
09/09/2026,10:57 AM,2026-09-09T17:57:14+00:00,Fantasyland,Dumbo the Flying Elephant,10,True,2026-09-09T17:55:35.000Z
09/09/2026,10:57 AM,2026-09-09T17:57:14+00:00,Fantasyland,King Arthur Carrousel,5,True,2026-09-09T17:55:35.000Z
09/09/2026,10:57 AM,2026-09-09T17:57:14+00:00,Fantasyland,Mad Tea Party,5,True,2026-09-09T17:55:35.000Z
09/09/2026,10:57 AM,2026-09-09T17:57:14+00:00,Fantasyland,Matterhorn Bobsleds,25,True,2026-09-09T17:55:35.000Z
09/09/2026,10:57 AM,2026-09-09T17:57:14+00:00,Fantasyland,Meet Disney Princesses at Royal Hall,60,True,2026-09-09T17:55:35.000Z
09/09/2026,10:57 AM,2026-09-09T17:57:14+00:00,Fantasyland,Mr. Toad's Wild Ride,10,True,2026-09-09T17:55:35.000Z
09/09/2026,10:57 AM,2026-09-09T17:57:14+00:00,Fantasyland,Peter Pan's Flight,20,True,2026-09-09T17:55:35.000Z
09/09/2026,10:57 AM,2026-09-09T17:57:14+00:00,Fantasyland,Pinocchio's Daring Journey,5,True,2026-09-09T17:55:35.000Z
09/09/2026,10:57 AM,2026-09-09T17:57:14+00:00,Fantasyland,Sleeping Beauty Castle Walkthrough,0,False,2026-09-09T17:55:35.000Z
09/09/2026,10:57 AM,2026-09-09T17:57:14+00:00,Fantasyland,Snow White's Enchanted Wish,5,True,2026-09-09T17:55:35.000Z
09/09/2026,10:57 AM,2026-09-09T17:57:14+00:00,Fantasyland,Storybook Land Canal Boats,5,True,2026-09-09T17:55:35.000Z
09/09/2026,10:57 AM,2026-09-09T17:57:14+00:00,Frontierland,Big Thunder Mountain Railroad,10,True,2026-09-09T17:55:35.000Z
09/09/2026,10:57 AM,2026-09-09T17:57:14+00:00,Frontierland,Frontierland Shootin' Exposition,0,False,2026-09-09T17:55:35.000Z
09/09/2026,10:57 AM,2026-09-09T17:57:14+00:00,Frontierland,Mark Twain Riverboat,0,False,2026-09-09T17:55:35.000Z
09/09/2026,10:57 AM,2026-09-09T17:57:14+00:00,Frontierland,Pirate's Lair on Tom Sawyer Island,5,True,2026-09-09T17:55:35.000Z
09/09/2026,10:57 AM,2026-09-09T17:57:14+00:00,Frontierland,Sailing Ship Columbia,0,False,2026-09-09T17:55:35.000Z
09/09/2026,10:57 AM,2026-09-09T17:57:14+00:00,Main Street U.S.A,Disneyland Railroad,5,True,2026-09-09T17:55:35.000Z
09/09/2026,10:57 AM,2026-09-09T17:57:14+00:00,Main Street U.S.A,Great Moments with Mr. Lincoln,0,True,2026-09-09T17:55:35.000Z
09/09/2026,10:57 AM,2026-09-09T17:57:14+00:00,Main Street U.S.A,Main Street Cinema,0,True,2026-09-09T17:55:35.000Z
09/09/2026,10:57 AM,2026-09-09T17:57:14+00:00,Main Street U.S.A,Main Street Vehicles,0,True,2026-09-09T17:55:35.000Z
09/09/2026,10:57 AM,2026-09-09T17:57:14+00:00,Main Street U.S.A,Opera House - Walt Disney - A Magical Life,0,True,2026-09-09T17:55:35.000Z
09/09/2026,10:57 AM,2026-09-09T17:57:14+00:00,Main Street U.S.A,The Disney Gallery,0,True,2026-09-09T17:55:35.000Z
09/09/2026,10:57 AM,2026-09-09T17:57:14+00:00,Main Street U.S.A,Walt Disney - A Magical Life,0,False,2026-09-09T17:55:35.000Z
09/09/2026,10:57 AM,2026-09-09T17:57:14+00:00,Mickey's Toontown,Chip 'n' Dale's GADGETcoaster,15,True,2026-09-09T17:55:35.000Z
09/09/2026,10:57 AM,2026-09-09T17:57:14+00:00,Mickey's Toontown,Donald's Duck Pond,0,True,2026-09-09T17:55:35.000Z
09/09/2026,10:57 AM,2026-09-09T17:57:14+00:00,Mickey's Toontown,Goofy's How-to-Play Yard,0,True,2026-09-09T17:55:35.000Z
09/09/2026,10:57 AM,2026-09-09T17:57:14+00:00,Mickey's Toontown,Mickey & Minnie's Runaway Railway,0,False,2026-09-09T17:55:35.000Z
09/09/2026,10:57 AM,2026-09-09T17:57:14+00:00,Mickey's Toontown,Mickey's House and Meet Mickey Mouse,20,True,2026-09-09T17:55:35.000Z
09/09/2026,10:57 AM,2026-09-09T17:57:14+00:00,Mickey's Toontown,Mickey's House and Meet Mickey Mouse,0,False,2026-09-06T19:50:39.000Z
09/09/2026,10:57 AM,2026-09-09T17:57:14+00:00,Mickey's Toontown,Minnie's House,0,True,2026-09-09T17:55:35.000Z
09/09/2026,10:57 AM,2026-09-09T17:57:14+00:00,Mickey's Toontown,Roger Rabbit's Car Toon Spin,45,True,2026-09-09T17:55:35.000Z
09/09/2026,10:57 AM,2026-09-09T17:57:14+00:00,New Orleans Square,Haunted Mansion Holiday,25,True,2026-09-09T17:55:35.000Z
09/09/2026,10:57 AM,2026-09-09T17:57:14+00:00,New Orleans Square,Pirates of the Caribbean,15,True,2026-09-09T17:55:35.000Z
09/09/2026,10:57 AM,2026-09-09T17:57:14+00:00,Star Wars: Galaxy's Edge,Millennium Falcon: Smugglers Run,5,True,2026-09-09T17:55:35.000Z
09/09/2026,10:57 AM,2026-09-09T17:57:14+00:00,Star Wars: Galaxy's Edge,Millennium Falcon: Smugglers Run Single Rider,0,True,2026-09-09T17:55:35.000Z
09/09/2026,10:57 AM,2026-09-09T17:57:14+00:00,Star Wars: Galaxy's Edge,Star Wars: Rise of the Resistance,20,True,2026-09-09T17:55:35.000Z
09/09/2026,10:57 AM,2026-09-09T17:57:14+00:00,Tomorrowland,Astro Orbitor,20,True,2026-09-09T17:55:35.000Z
09/09/2026,10:57 AM,2026-09-09T17:57:14+00:00,Tomorrowland,Autopia,10,True,2026-09-09T17:55:35.000Z
09/09/2026,10:57 AM,2026-09-09T17:57:14+00:00,Tomorrowland,Buzz Lightyear Astro Blasters,10,True,2026-09-09T17:55:35.000Z
09/09/2026,10:57 AM,2026-09-09T17:57:14+00:00,Tomorrowland,Disneyland Monorail,0,False,2026-09-09T17:55:35.000Z
09/09/2026,10:57 AM,2026-09-09T17:57:14+00:00,Tomorrowland,Finding Nemo Submarine Voyage,10,True,2026-09-09T17:55:35.000Z
09/09/2026,10:57 AM,2026-09-09T17:57:14+00:00,Tomorrowland,Pixar Short Film Spotlight,0,False,2026-09-09T17:55:35.000Z
09/09/2026,10:57 AM,2026-09-09T17:57:14+00:00,Tomorrowland,Space Mountain,25,True,2026-09-09T17:55:35.000Z
09/09/2026,10:57 AM,2026-09-09T17:57:14+00:00,Tomorrowland,Star Tours - The Adventures Continue,5,True,2026-09-09T17:55:35.000Z
09/09/2026,1:53 PM,2026-09-09T20:53:03+00:00,Adventureland,Adventureland Treehouse inspired by Walt Disney’s Swiss Family Robinson,0,True,2026-09-09T20:50:51.000Z
09/09/2026,1:53 PM,2026-09-09T20:53:03+00:00,Adventureland,Indiana Jones™ Adventure,0,False,2026-09-09T20:50:51.000Z
09/09/2026,1:53 PM,2026-09-09T20:53:03+00:00,Adventureland,Jungle Cruise,10,True,2026-09-09T20:50:51.000Z
09/09/2026,1:53 PM,2026-09-09T20:53:03+00:00,Adventureland,Walt Disney's Enchanted Tiki Room,0,True,2026-09-09T20:50:51.000Z
09/09/2026,1:53 PM,2026-09-09T20:53:03+00:00,Bayou Country,Davy Crockett's Explorer Canoes,0,False,2026-09-09T20:50:51.000Z
09/09/2026,1:53 PM,2026-09-09T20:53:03+00:00,Bayou Country,The Many Adventures of Winnie the Pooh,5,True,2026-09-09T20:50:51.000Z
09/09/2026,1:53 PM,2026-09-09T20:53:03+00:00,Bayou Country,Tiana's Bayou Adventure,65,True,2026-09-09T20:50:51.000Z
09/09/2026,1:53 PM,2026-09-09T20:53:03+00:00,Bayou Country,Tiana's Bayou Adventure Single Rider,0,True,2026-09-09T20:50:51.000Z
09/09/2026,1:53 PM,2026-09-09T20:53:03+00:00,Fantasyland,"""it's a small world""",5,True,2026-09-09T20:50:51.000Z
09/09/2026,1:53 PM,2026-09-09T20:53:03+00:00,Fantasyland,Alice in Wonderland,15,True,2026-09-09T20:50:51.000Z
09/09/2026,1:53 PM,2026-09-09T20:53:03+00:00,Fantasyland,Bluey’s Best Day Ever! at Fantasyland Theatre,0,True,2026-09-09T20:50:51.000Z
09/09/2026,1:53 PM,2026-09-09T20:53:03+00:00,Fantasyland,Casey Jr. Circus Train,5,True,2026-09-09T20:50:51.000Z
09/09/2026,1:53 PM,2026-09-09T20:53:03+00:00,Fantasyland,Dumbo the Flying Elephant,5,True,2026-09-09T20:50:51.000Z
09/09/2026,1:53 PM,2026-09-09T20:53:03+00:00,Fantasyland,King Arthur Carrousel,5,True,2026-09-09T20:50:51.000Z
09/09/2026,1:53 PM,2026-09-09T20:53:03+00:00,Fantasyland,Mad Tea Party,5,True,2026-09-09T20:50:51.000Z
09/09/2026,1:53 PM,2026-09-09T20:53:03+00:00,Fantasyland,Matterhorn Bobsleds,15,True,2026-09-09T20:50:51.000Z
09/09/2026,1:53 PM,2026-09-09T20:53:03+00:00,Fantasyland,Meet Disney Princesses at Royal Hall,60,True,2026-09-09T20:50:51.000Z
09/09/2026,1:53 PM,2026-09-09T20:53:03+00:00,Fantasyland,Mr. Toad's Wild Ride,10,True,2026-09-09T20:50:51.000Z
09/09/2026,1:53 PM,2026-09-09T20:53:03+00:00,Fantasyland,Peter Pan's Flight,20,True,2026-09-09T20:50:51.000Z
09/09/2026,1:53 PM,2026-09-09T20:53:03+00:00,Fantasyland,Pinocchio's Daring Journey,5,True,2026-09-09T20:50:51.000Z
09/09/2026,1:53 PM,2026-09-09T20:53:03+00:00,Fantasyland,Sleeping Beauty Castle Walkthrough,0,False,2026-09-09T20:50:51.000Z
09/09/2026,1:53 PM,2026-09-09T20:53:03+00:00,Fantasyland,Snow White's Enchanted Wish,10,True,2026-09-09T20:50:51.000Z
09/09/2026,1:53 PM,2026-09-09T20:53:03+00:00,Fantasyland,Storybook Land Canal Boats,5,True,2026-09-09T20:50:51.000Z
09/09/2026,1:53 PM,2026-09-09T20:53:03+00:00,Frontierland,Big Thunder Mountain Railroad,10,True,2026-09-09T20:50:51.000Z
09/09/2026,1:53 PM,2026-09-09T20:53:03+00:00,Frontierland,Frontierland Shootin' Exposition,0,False,2026-09-09T20:50:51.000Z
09/09/2026,1:53 PM,2026-09-09T20:53:03+00:00,Frontierland,Mark Twain Riverboat,0,False,2026-09-09T20:50:51.000Z
09/09/2026,1:53 PM,2026-09-09T20:53:03+00:00,Frontierland,Pirate's Lair on Tom Sawyer Island,5,True,2026-09-09T20:50:51.000Z
09/09/2026,1:53 PM,2026-09-09T20:53:03+00:00,Frontierland,Sailing Ship Columbia,0,False,2026-09-09T20:50:51.000Z
09/09/2026,1:53 PM,2026-09-09T20:53:03+00:00,Main Street U.S.A,Disneyland Railroad,0,False,2026-09-09T20:50:51.000Z
09/09/2026,1:53 PM,2026-09-09T20:53:03+00:00,Main Street U.S.A,Great Moments with Mr. Lincoln,0,False,2026-09-09T20:50:51.000Z
09/09/2026,1:53 PM,2026-09-09T20:53:03+00:00,Main Street U.S.A,Main Street Cinema,0,True,2026-09-09T20:50:51.000Z
09/09/2026,1:53 PM,2026-09-09T20:53:03+00:00,Main Street U.S.A,Main Street Vehicles,0,True,2026-09-09T20:50:51.000Z
09/09/2026,1:53 PM,2026-09-09T20:53:03+00:00,Main Street U.S.A,Opera House - Walt Disney - A Magical Life,0,True,2026-09-09T20:50:51.000Z
09/09/2026,1:53 PM,2026-09-09T20:53:03+00:00,Main Street U.S.A,The Disney Gallery,0,True,2026-09-09T20:50:51.000Z
09/09/2026,1:53 PM,2026-09-09T20:53:03+00:00,Main Street U.S.A,Walt Disney - A Magical Life,0,False,2026-09-09T20:50:51.000Z
09/09/2026,1:53 PM,2026-09-09T20:53:03+00:00,Mickey's Toontown,Chip 'n' Dale's GADGETcoaster,5,True,2026-09-09T20:50:51.000Z
09/09/2026,1:53 PM,2026-09-09T20:53:03+00:00,Mickey's Toontown,Donald's Duck Pond,0,True,2026-09-09T20:50:51.000Z
09/09/2026,1:53 PM,2026-09-09T20:53:03+00:00,Mickey's Toontown,Goofy's How-to-Play Yard,0,True,2026-09-09T20:50:51.000Z
09/09/2026,1:53 PM,2026-09-09T20:53:03+00:00,Mickey's Toontown,Mickey & Minnie's Runaway Railway,0,False,2026-09-09T20:50:51.000Z
09/09/2026,1:53 PM,2026-09-09T20:53:03+00:00,Mickey's Toontown,Mickey's House and Meet Mickey Mouse,20,True,2026-09-09T20:50:51.000Z
09/09/2026,1:53 PM,2026-09-09T20:53:03+00:00,Mickey's Toontown,Mickey's House and Meet Mickey Mouse,0,False,2026-09-06T19:50:39.000Z
09/09/2026,1:53 PM,2026-09-09T20:53:03+00:00,Mickey's Toontown,Minnie's House,0,True,2026-09-09T20:50:51.000Z
09/09/2026,1:53 PM,2026-09-09T20:53:03+00:00,Mickey's Toontown,Roger Rabbit's Car Toon Spin,60,True,2026-09-09T20:50:51.000Z
09/09/2026,1:53 PM,2026-09-09T20:53:03+00:00,New Orleans Square,Haunted Mansion Holiday,13,True,2026-09-09T20:50:51.000Z
09/09/2026,1:53 PM,2026-09-09T20:53:03+00:00,New Orleans Square,Pirates of the Caribbean,15,True,2026-09-09T20:50:51.000Z
09/09/2026,1:53 PM,2026-09-09T20:53:03+00:00,Star Wars: Galaxy's Edge,Millennium Falcon: Smugglers Run,5,True,2026-09-09T20:50:51.000Z
09/09/2026,1:53 PM,2026-09-09T20:53:03+00:00,Star Wars: Galaxy's Edge,Millennium Falcon: Smugglers Run Single Rider,0,True,2026-09-09T20:50:51.000Z
09/09/2026,1:53 PM,2026-09-09T20:53:03+00:00,Star Wars: Galaxy's Edge,Star Wars: Rise of the Resistance,20,True,2026-09-09T20:50:51.000Z
09/09/2026,1:53 PM,2026-09-09T20:53:03+00:00,Tomorrowland,Astro Orbitor,10,True,2026-09-09T20:50:51.000Z
09/09/2026,1:53 PM,2026-09-09T20:53:03+00:00,Tomorrowland,Autopia,5,True,2026-09-09T20:50:51.000Z
09/09/2026,1:53 PM,2026-09-09T20:53:03+00:00,Tomorrowland,Buzz Lightyear Astro Blasters,5,True,2026-09-09T20:50:51.000Z
09/09/2026,1:53 PM,2026-09-09T20:53:03+00:00,Tomorrowland,Disneyland Monorail,0,False,2026-09-09T20:50:51.000Z
09/09/2026,1:53 PM,2026-09-09T20:53:03+00:00,Tomorrowland,Finding Nemo Submarine Voyage,10,True,2026-09-09T20:50:51.000Z
09/09/2026,1:53 PM,2026-09-09T20:53:03+00:00,Tomorrowland,Pixar Short Film Spotlight,0,False,2026-09-09T20:50:51.000Z
09/09/2026,1:53 PM,2026-09-09T20:53:03+00:00,Tomorrowland,Space Mountain,35,True,2026-09-09T20:50:51.000Z
09/09/2026,1:53 PM,2026-09-09T20:53:03+00:00,Tomorrowland,Star Tours - The Adventures Continue,15,True,2026-09-09T20:50:51.000Z
09/09/2026,4:10 PM,2026-09-09T23:10:05+00:00,Adventureland,Adventureland Treehouse inspired by Walt Disney’s Swiss Family Robinson,0,True,2026-09-09T23:05:32.000Z
09/09/2026,4:10 PM,2026-09-09T23:10:05+00:00,Adventureland,Indiana Jones™ Adventure,0,False,2026-09-09T23:05:32.000Z
09/09/2026,4:10 PM,2026-09-09T23:10:05+00:00,Adventureland,Jungle Cruise,10,True,2026-09-09T23:05:32.000Z
09/09/2026,4:10 PM,2026-09-09T23:10:05+00:00,Adventureland,Walt Disney's Enchanted Tiki Room,0,True,2026-09-09T23:05:32.000Z
09/09/2026,4:10 PM,2026-09-09T23:10:05+00:00,Bayou Country,Davy Crockett's Explorer Canoes,0,False,2026-09-09T23:05:32.000Z
09/09/2026,4:10 PM,2026-09-09T23:10:05+00:00,Bayou Country,The Many Adventures of Winnie the Pooh,0,False,2026-09-09T23:05:32.000Z
09/09/2026,4:10 PM,2026-09-09T23:10:05+00:00,Bayou Country,Tiana's Bayou Adventure,50,True,2026-09-09T23:05:32.000Z
09/09/2026,4:10 PM,2026-09-09T23:10:05+00:00,Bayou Country,Tiana's Bayou Adventure Single Rider,0,True,2026-09-09T23:05:32.000Z
09/09/2026,4:10 PM,2026-09-09T23:10:05+00:00,Fantasyland,"""it's a small world""",5,True,2026-09-09T23:05:32.000Z
09/09/2026,4:10 PM,2026-09-09T23:10:05+00:00,Fantasyland,Alice in Wonderland,15,True,2026-09-09T23:05:32.000Z
09/09/2026,4:10 PM,2026-09-09T23:10:05+00:00,Fantasyland,Bluey’s Best Day Ever! at Fantasyland Theatre,0,True,2026-09-09T23:05:32.000Z
09/09/2026,4:10 PM,2026-09-09T23:10:05+00:00,Fantasyland,Casey Jr. Circus Train,5,True,2026-09-09T23:05:32.000Z
09/09/2026,4:10 PM,2026-09-09T23:10:05+00:00,Fantasyland,Dumbo the Flying Elephant,5,True,2026-09-09T23:05:32.000Z
09/09/2026,4:10 PM,2026-09-09T23:10:05+00:00,Fantasyland,King Arthur Carrousel,5,True,2026-09-09T23:05:32.000Z
09/09/2026,4:10 PM,2026-09-09T23:10:05+00:00,Fantasyland,Mad Tea Party,5,True,2026-09-09T23:05:32.000Z
09/09/2026,4:10 PM,2026-09-09T23:10:05+00:00,Fantasyland,Matterhorn Bobsleds,0,False,2026-09-09T23:05:32.000Z
09/09/2026,4:10 PM,2026-09-09T23:10:05+00:00,Fantasyland,Meet Disney Princesses at Royal Hall,15,True,2026-09-09T23:05:32.000Z
09/09/2026,4:10 PM,2026-09-09T23:10:05+00:00,Fantasyland,Mr. Toad's Wild Ride,10,True,2026-09-09T23:05:32.000Z
09/09/2026,4:10 PM,2026-09-09T23:10:05+00:00,Fantasyland,Peter Pan's Flight,0,False,2026-09-09T23:05:32.000Z
09/09/2026,4:10 PM,2026-09-09T23:10:05+00:00,Fantasyland,Pinocchio's Daring Journey,10,True,2026-09-09T23:05:32.000Z
09/09/2026,4:10 PM,2026-09-09T23:10:05+00:00,Fantasyland,Sleeping Beauty Castle Walkthrough,0,False,2026-09-09T23:05:32.000Z
09/09/2026,4:10 PM,2026-09-09T23:10:05+00:00,Fantasyland,Snow White's Enchanted Wish,20,True,2026-09-09T23:05:32.000Z
09/09/2026,4:10 PM,2026-09-09T23:10:05+00:00,Fantasyland,Storybook Land Canal Boats,10,True,2026-09-09T23:05:32.000Z
09/09/2026,4:10 PM,2026-09-09T23:10:05+00:00,Frontierland,Big Thunder Mountain Railroad,15,True,2026-09-09T23:05:32.000Z
09/09/2026,4:10 PM,2026-09-09T23:10:05+00:00,Frontierland,Frontierland Shootin' Exposition,0,False,2026-09-09T23:05:32.000Z
09/09/2026,4:10 PM,2026-09-09T23:10:05+00:00,Frontierland,Mark Twain Riverboat,0,False,2026-09-09T23:05:32.000Z
09/09/2026,4:10 PM,2026-09-09T23:10:05+00:00,Frontierland,Pirate's Lair on Tom Sawyer Island,5,True,2026-09-09T23:05:32.000Z
09/09/2026,4:10 PM,2026-09-09T23:10:05+00:00,Frontierland,Sailing Ship Columbia,0,False,2026-09-09T23:05:32.000Z
09/09/2026,4:10 PM,2026-09-09T23:10:05+00:00,Main Street U.S.A,Disneyland Railroad,10,True,2026-09-09T23:05:32.000Z
09/09/2026,4:10 PM,2026-09-09T23:10:05+00:00,Main Street U.S.A,Great Moments with Mr. Lincoln,0,False,2026-09-09T23:05:32.000Z
09/09/2026,4:10 PM,2026-09-09T23:10:05+00:00,Main Street U.S.A,Main Street Cinema,0,True,2026-09-09T23:05:32.000Z
09/09/2026,4:10 PM,2026-09-09T23:10:05+00:00,Main Street U.S.A,Main Street Vehicles,0,False,2026-09-09T23:05:32.000Z
09/09/2026,4:10 PM,2026-09-09T23:10:05+00:00,Main Street U.S.A,Opera House - Walt Disney - A Magical Life,0,True,2026-09-09T23:05:32.000Z
09/09/2026,4:10 PM,2026-09-09T23:10:05+00:00,Main Street U.S.A,The Disney Gallery,0,True,2026-09-09T23:05:32.000Z
09/09/2026,4:10 PM,2026-09-09T23:10:05+00:00,Main Street U.S.A,Walt Disney - A Magical Life,0,True,2026-09-09T23:05:32.000Z
09/09/2026,4:10 PM,2026-09-09T23:10:05+00:00,Mickey's Toontown,Chip 'n' Dale's GADGETcoaster,10,True,2026-09-09T23:05:32.000Z
09/09/2026,4:10 PM,2026-09-09T23:10:05+00:00,Mickey's Toontown,Donald's Duck Pond,0,True,2026-09-09T23:05:32.000Z
09/09/2026,4:10 PM,2026-09-09T23:10:05+00:00,Mickey's Toontown,Goofy's How-to-Play Yard,0,True,2026-09-09T23:05:32.000Z
09/09/2026,4:10 PM,2026-09-09T23:10:05+00:00,Mickey's Toontown,Mickey & Minnie's Runaway Railway,25,True,2026-09-09T23:05:32.000Z
09/09/2026,4:10 PM,2026-09-09T23:10:05+00:00,Mickey's Toontown,Mickey's House and Meet Mickey Mouse,20,True,2026-09-09T23:05:32.000Z
09/09/2026,4:10 PM,2026-09-09T23:10:05+00:00,Mickey's Toontown,Mickey's House and Meet Mickey Mouse,0,False,2026-09-06T19:50:39.000Z
09/09/2026,4:10 PM,2026-09-09T23:10:05+00:00,Mickey's Toontown,Minnie's House,0,True,2026-09-09T23:05:32.000Z
09/09/2026,4:10 PM,2026-09-09T23:10:05+00:00,Mickey's Toontown,Roger Rabbit's Car Toon Spin,40,True,2026-09-09T23:05:32.000Z
09/09/2026,4:10 PM,2026-09-09T23:10:05+00:00,New Orleans Square,Haunted Mansion Holiday,30,True,2026-09-09T23:05:32.000Z
09/09/2026,4:10 PM,2026-09-09T23:10:05+00:00,New Orleans Square,Pirates of the Caribbean,15,True,2026-09-09T23:05:32.000Z
09/09/2026,4:10 PM,2026-09-09T23:10:05+00:00,Star Wars: Galaxy's Edge,Millennium Falcon: Smugglers Run,5,True,2026-09-09T23:05:32.000Z
09/09/2026,4:10 PM,2026-09-09T23:10:05+00:00,Star Wars: Galaxy's Edge,Millennium Falcon: Smugglers Run Single Rider,0,True,2026-09-09T23:05:32.000Z
09/09/2026,4:10 PM,2026-09-09T23:10:05+00:00,Star Wars: Galaxy's Edge,Star Wars: Rise of the Resistance,20,True,2026-09-09T23:05:32.000Z
09/09/2026,4:10 PM,2026-09-09T23:10:05+00:00,Tomorrowland,Astro Orbitor,5,True,2026-09-09T23:05:32.000Z
09/09/2026,4:10 PM,2026-09-09T23:10:05+00:00,Tomorrowland,Autopia,5,True,2026-09-09T23:05:32.000Z
09/09/2026,4:10 PM,2026-09-09T23:10:05+00:00,Tomorrowland,Buzz Lightyear Astro Blasters,5,True,2026-09-09T23:05:32.000Z
09/09/2026,4:10 PM,2026-09-09T23:10:05+00:00,Tomorrowland,Disneyland Monorail,0,False,2026-09-09T23:05:32.000Z
09/09/2026,4:10 PM,2026-09-09T23:10:05+00:00,Tomorrowland,Finding Nemo Submarine Voyage,15,True,2026-09-09T23:05:32.000Z
09/09/2026,4:10 PM,2026-09-09T23:10:05+00:00,Tomorrowland,Pixar Short Film Spotlight,0,False,2026-09-09T23:05:32.000Z
09/09/2026,4:10 PM,2026-09-09T23:10:05+00:00,Tomorrowland,Space Mountain,40,True,2026-09-09T23:05:32.000Z
09/09/2026,4:10 PM,2026-09-09T23:10:05+00:00,Tomorrowland,Star Tours - The Adventures Continue,5,True,2026-09-09T23:05:32.000Z
09/09/2026,6:24 PM,2026-09-10T01:24:50+00:00,Adventureland,Adventureland Treehouse inspired by Walt Disney’s Swiss Family Robinson,0,True,2026-09-10T01:20:46.000Z
09/09/2026,6:24 PM,2026-09-10T01:24:50+00:00,Adventureland,Indiana Jones™ Adventure,0,False,2026-09-10T01:20:46.000Z
09/09/2026,6:24 PM,2026-09-10T01:24:50+00:00,Adventureland,Jungle Cruise,10,True,2026-09-10T01:20:46.000Z
09/09/2026,6:24 PM,2026-09-10T01:24:50+00:00,Adventureland,Walt Disney's Enchanted Tiki Room,0,True,2026-09-10T01:20:46.000Z
09/09/2026,6:24 PM,2026-09-10T01:24:50+00:00,Bayou Country,Davy Crockett's Explorer Canoes,0,False,2026-09-10T01:20:46.000Z
09/09/2026,6:24 PM,2026-09-10T01:24:50+00:00,Bayou Country,The Many Adventures of Winnie the Pooh,0,False,2026-09-10T01:20:46.000Z
09/09/2026,6:24 PM,2026-09-10T01:24:50+00:00,Bayou Country,Tiana's Bayou Adventure,45,True,2026-09-10T01:20:46.000Z
09/09/2026,6:24 PM,2026-09-10T01:24:50+00:00,Bayou Country,Tiana's Bayou Adventure Single Rider,0,True,2026-09-10T01:20:46.000Z
09/09/2026,6:24 PM,2026-09-10T01:24:50+00:00,Fantasyland,"""it's a small world""",20,True,2026-09-10T01:20:46.000Z
09/09/2026,6:24 PM,2026-09-10T01:24:50+00:00,Fantasyland,Alice in Wonderland,15,True,2026-09-10T01:20:46.000Z
09/09/2026,6:24 PM,2026-09-10T01:24:50+00:00,Fantasyland,Bluey’s Best Day Ever! at Fantasyland Theatre,0,True,2026-09-10T01:20:46.000Z
09/09/2026,6:24 PM,2026-09-10T01:24:50+00:00,Fantasyland,Casey Jr. Circus Train,5,True,2026-09-10T01:20:46.000Z
09/09/2026,6:24 PM,2026-09-10T01:24:50+00:00,Fantasyland,Dumbo the Flying Elephant,10,True,2026-09-10T01:20:46.000Z
09/09/2026,6:24 PM,2026-09-10T01:24:50+00:00,Fantasyland,King Arthur Carrousel,5,True,2026-09-10T01:20:46.000Z
09/09/2026,6:24 PM,2026-09-10T01:24:50+00:00,Fantasyland,Mad Tea Party,5,True,2026-09-10T01:20:46.000Z
09/09/2026,6:24 PM,2026-09-10T01:24:50+00:00,Fantasyland,Matterhorn Bobsleds,5,True,2026-09-10T01:20:46.000Z
09/09/2026,6:24 PM,2026-09-10T01:24:50+00:00,Fantasyland,Meet Disney Princesses at Royal Hall,0,False,2026-09-10T01:20:46.000Z
09/09/2026,6:24 PM,2026-09-10T01:24:50+00:00,Fantasyland,Mr. Toad's Wild Ride,10,True,2026-09-10T01:20:46.000Z
09/09/2026,6:24 PM,2026-09-10T01:24:50+00:00,Fantasyland,Peter Pan's Flight,20,True,2026-09-10T01:20:46.000Z
09/09/2026,6:24 PM,2026-09-10T01:24:50+00:00,Fantasyland,Pinocchio's Daring Journey,5,True,2026-09-10T01:20:46.000Z
09/09/2026,6:24 PM,2026-09-10T01:24:50+00:00,Fantasyland,Sleeping Beauty Castle Walkthrough,0,False,2026-09-10T01:20:46.000Z
09/09/2026,6:24 PM,2026-09-10T01:24:50+00:00,Fantasyland,Snow White's Enchanted Wish,15,True,2026-09-10T01:20:46.000Z
09/09/2026,6:24 PM,2026-09-10T01:24:50+00:00,Fantasyland,Storybook Land Canal Boats,10,True,2026-09-10T01:20:46.000Z
09/09/2026,6:24 PM,2026-09-10T01:24:50+00:00,Frontierland,Big Thunder Mountain Railroad,15,True,2026-09-10T01:20:46.000Z
09/09/2026,6:24 PM,2026-09-10T01:24:50+00:00,Frontierland,Frontierland Shootin' Exposition,0,False,2026-09-10T01:20:46.000Z
09/09/2026,6:24 PM,2026-09-10T01:24:50+00:00,Frontierland,Mark Twain Riverboat,0,False,2026-09-10T01:20:46.000Z
09/09/2026,6:24 PM,2026-09-10T01:24:50+00:00,Frontierland,Pirate's Lair on Tom Sawyer Island,0,False,2026-09-10T01:20:46.000Z
09/09/2026,6:24 PM,2026-09-10T01:24:50+00:00,Frontierland,Sailing Ship Columbia,0,False,2026-09-10T01:20:46.000Z
09/09/2026,6:24 PM,2026-09-10T01:24:50+00:00,Main Street U.S.A,Disneyland Railroad,10,True,2026-09-10T01:20:46.000Z
09/09/2026,6:24 PM,2026-09-10T01:24:50+00:00,Main Street U.S.A,Great Moments with Mr. Lincoln,0,False,2026-09-10T01:20:46.000Z
09/09/2026,6:24 PM,2026-09-10T01:24:50+00:00,Main Street U.S.A,Main Street Cinema,0,True,2026-09-10T01:20:46.000Z
09/09/2026,6:24 PM,2026-09-10T01:24:50+00:00,Main Street U.S.A,Main Street Vehicles,0,False,2026-09-10T01:20:46.000Z
09/09/2026,6:24 PM,2026-09-10T01:24:50+00:00,Main Street U.S.A,Opera House - Walt Disney - A Magical Life,0,True,2026-09-10T01:20:46.000Z
09/09/2026,6:24 PM,2026-09-10T01:24:50+00:00,Main Street U.S.A,The Disney Gallery,0,True,2026-09-10T01:20:46.000Z
09/09/2026,6:24 PM,2026-09-10T01:24:50+00:00,Main Street U.S.A,Walt Disney - A Magical Life,0,True,2026-09-10T01:20:46.000Z
09/09/2026,6:24 PM,2026-09-10T01:24:50+00:00,Mickey's Toontown,Chip 'n' Dale's GADGETcoaster,5,True,2026-09-10T01:20:46.000Z
09/09/2026,6:24 PM,2026-09-10T01:24:50+00:00,Mickey's Toontown,Donald's Duck Pond,0,True,2026-09-10T01:20:46.000Z
09/09/2026,6:24 PM,2026-09-10T01:24:50+00:00,Mickey's Toontown,Goofy's How-to-Play Yard,0,True,2026-09-10T01:20:46.000Z
09/09/2026,6:24 PM,2026-09-10T01:24:50+00:00,Mickey's Toontown,Mickey & Minnie's Runaway Railway,20,True,2026-09-10T01:20:46.000Z
09/09/2026,6:24 PM,2026-09-10T01:24:50+00:00,Mickey's Toontown,Mickey's House and Meet Mickey Mouse,15,True,2026-09-10T01:20:46.000Z
09/09/2026,6:24 PM,2026-09-10T01:24:50+00:00,Mickey's Toontown,Mickey's House and Meet Mickey Mouse,0,False,2026-09-06T19:50:39.000Z
09/09/2026,6:24 PM,2026-09-10T01:24:50+00:00,Mickey's Toontown,Minnie's House,0,True,2026-09-10T01:20:46.000Z
09/09/2026,6:24 PM,2026-09-10T01:24:50+00:00,Mickey's Toontown,Roger Rabbit's Car Toon Spin,35,True,2026-09-10T01:20:46.000Z
09/09/2026,6:24 PM,2026-09-10T01:24:50+00:00,New Orleans Square,Haunted Mansion Holiday,15,True,2026-09-10T01:20:46.000Z
09/09/2026,6:24 PM,2026-09-10T01:24:50+00:00,New Orleans Square,Pirates of the Caribbean,10,True,2026-09-10T01:20:46.000Z
09/09/2026,6:24 PM,2026-09-10T01:24:50+00:00,Star Wars: Galaxy's Edge,Millennium Falcon: Smugglers Run,5,True,2026-09-10T01:20:46.000Z
09/09/2026,6:24 PM,2026-09-10T01:24:50+00:00,Star Wars: Galaxy's Edge,Millennium Falcon: Smugglers Run Single Rider,0,True,2026-09-10T01:20:46.000Z
09/09/2026,6:24 PM,2026-09-10T01:24:50+00:00,Star Wars: Galaxy's Edge,Star Wars: Rise of the Resistance,15,True,2026-09-10T01:20:46.000Z
09/09/2026,6:24 PM,2026-09-10T01:24:50+00:00,Tomorrowland,Astro Orbitor,5,True,2026-09-10T01:20:46.000Z
09/09/2026,6:24 PM,2026-09-10T01:24:50+00:00,Tomorrowland,Autopia,20,True,2026-09-10T01:20:46.000Z
09/09/2026,6:24 PM,2026-09-10T01:24:50+00:00,Tomorrowland,Buzz Lightyear Astro Blasters,5,True,2026-09-10T01:20:46.000Z
09/09/2026,6:24 PM,2026-09-10T01:24:50+00:00,Tomorrowland,Disneyland Monorail,0,False,2026-09-10T01:20:46.000Z
09/09/2026,6:24 PM,2026-09-10T01:24:50+00:00,Tomorrowland,Finding Nemo Submarine Voyage,15,True,2026-09-10T01:20:46.000Z
09/09/2026,6:24 PM,2026-09-10T01:24:50+00:00,Tomorrowland,Pixar Short Film Spotlight,0,False,2026-09-10T01:20:46.000Z
09/09/2026,6:24 PM,2026-09-10T01:24:50+00:00,Tomorrowland,Space Mountain,45,True,2026-09-10T01:20:46.000Z
09/09/2026,6:24 PM,2026-09-10T01:24:50+00:00,Tomorrowland,Star Tours - The Adventures Continue,5,True,2026-09-10T01:20:46.000Z
09/10/2026,9:19 AM,2026-09-10T16:19:45+00:00,Adventureland,Adventureland Treehouse inspired by Walt Disney’s Swiss Family Robinson,0,True,2026-09-10T16:15:49.000Z
09/10/2026,9:19 AM,2026-09-10T16:19:45+00:00,Adventureland,Indiana Jones™ Adventure,0,False,2026-09-10T16:15:49.000Z
09/10/2026,9:19 AM,2026-09-10T16:19:45+00:00,Adventureland,Jungle Cruise,0,False,2026-09-10T16:15:49.000Z
09/10/2026,9:19 AM,2026-09-10T16:19:45+00:00,Adventureland,Walt Disney's Enchanted Tiki Room,0,True,2026-09-10T16:15:49.000Z
09/10/2026,9:19 AM,2026-09-10T16:19:45+00:00,Bayou Country,Davy Crockett's Explorer Canoes,0,False,2026-09-10T16:15:49.000Z
09/10/2026,9:19 AM,2026-09-10T16:19:45+00:00,Bayou Country,The Many Adventures of Winnie the Pooh,5,True,2026-09-10T16:15:49.000Z
09/10/2026,9:19 AM,2026-09-10T16:19:45+00:00,Bayou Country,Tiana's Bayou Adventure,5,True,2026-09-10T16:15:49.000Z
09/10/2026,9:19 AM,2026-09-10T16:19:45+00:00,Bayou Country,Tiana's Bayou Adventure Single Rider,0,True,2026-09-10T16:15:49.000Z
09/10/2026,9:19 AM,2026-09-10T16:19:45+00:00,Fantasyland,"""it's a small world""",5,True,2026-09-10T16:15:49.000Z
09/10/2026,9:19 AM,2026-09-10T16:19:45+00:00,Fantasyland,Alice in Wonderland,15,True,2026-09-10T16:15:49.000Z
09/10/2026,9:19 AM,2026-09-10T16:19:45+00:00,Fantasyland,Bluey’s Best Day Ever! at Fantasyland Theatre,0,True,2026-09-10T16:15:49.000Z
09/10/2026,9:19 AM,2026-09-10T16:19:45+00:00,Fantasyland,Casey Jr. Circus Train,5,True,2026-09-10T16:15:49.000Z
09/10/2026,9:19 AM,2026-09-10T16:19:45+00:00,Fantasyland,Dumbo the Flying Elephant,10,True,2026-09-10T16:15:49.000Z
09/10/2026,9:19 AM,2026-09-10T16:19:45+00:00,Fantasyland,King Arthur Carrousel,5,True,2026-09-10T16:15:49.000Z
09/10/2026,9:19 AM,2026-09-10T16:19:45+00:00,Fantasyland,Mad Tea Party,5,True,2026-09-10T16:15:49.000Z
09/10/2026,9:19 AM,2026-09-10T16:19:45+00:00,Fantasyland,Matterhorn Bobsleds,10,True,2026-09-10T16:15:49.000Z
09/10/2026,9:19 AM,2026-09-10T16:19:45+00:00,Fantasyland,Meet Disney Princesses at Royal Hall,0,False,2026-09-10T16:15:49.000Z
09/10/2026,9:19 AM,2026-09-10T16:19:45+00:00,Fantasyland,Mr. Toad's Wild Ride,5,True,2026-09-10T16:15:49.000Z
09/10/2026,9:19 AM,2026-09-10T16:19:45+00:00,Fantasyland,Peter Pan's Flight,30,True,2026-09-10T16:15:49.000Z
09/10/2026,9:19 AM,2026-09-10T16:19:45+00:00,Fantasyland,Pinocchio's Daring Journey,5,True,2026-09-10T16:15:49.000Z
09/10/2026,9:19 AM,2026-09-10T16:19:45+00:00,Fantasyland,Sleeping Beauty Castle Walkthrough,0,False,2026-09-10T16:15:49.000Z
09/10/2026,9:19 AM,2026-09-10T16:19:45+00:00,Fantasyland,Snow White's Enchanted Wish,5,True,2026-09-10T16:15:49.000Z
09/10/2026,9:19 AM,2026-09-10T16:19:45+00:00,Fantasyland,Storybook Land Canal Boats,10,True,2026-09-10T16:15:49.000Z
09/10/2026,9:19 AM,2026-09-10T16:19:45+00:00,Frontierland,Big Thunder Mountain Railroad,5,True,2026-09-10T16:15:49.000Z
09/10/2026,9:19 AM,2026-09-10T16:19:45+00:00,Frontierland,Frontierland Shootin' Exposition,0,False,2026-09-10T16:15:49.000Z
09/10/2026,9:19 AM,2026-09-10T16:19:45+00:00,Frontierland,Mark Twain Riverboat,0,False,2026-09-10T16:15:49.000Z
09/10/2026,9:19 AM,2026-09-10T16:19:45+00:00,Frontierland,Pirate's Lair on Tom Sawyer Island,5,True,2026-09-10T16:15:49.000Z
09/10/2026,9:19 AM,2026-09-10T16:19:45+00:00,Frontierland,Sailing Ship Columbia,0,False,2026-09-10T16:15:49.000Z
09/10/2026,9:19 AM,2026-09-10T16:19:45+00:00,Main Street U.S.A,Disneyland Railroad,5,True,2026-09-10T16:15:49.000Z
09/10/2026,9:19 AM,2026-09-10T16:19:45+00:00,Main Street U.S.A,Great Moments with Mr. Lincoln,0,True,2026-09-10T16:15:49.000Z
09/10/2026,9:19 AM,2026-09-10T16:19:45+00:00,Main Street U.S.A,Main Street Cinema,0,True,2026-09-10T16:15:49.000Z
09/10/2026,9:19 AM,2026-09-10T16:19:45+00:00,Main Street U.S.A,Main Street Vehicles,0,True,2026-09-10T16:15:49.000Z
09/10/2026,9:19 AM,2026-09-10T16:19:45+00:00,Main Street U.S.A,Opera House - Walt Disney - A Magical Life,0,True,2026-09-10T16:15:49.000Z
09/10/2026,9:19 AM,2026-09-10T16:19:45+00:00,Main Street U.S.A,The Disney Gallery,0,True,2026-09-10T16:15:49.000Z
09/10/2026,9:19 AM,2026-09-10T16:19:45+00:00,Main Street U.S.A,Walt Disney - A Magical Life,0,False,2026-09-10T16:15:49.000Z
09/10/2026,9:19 AM,2026-09-10T16:19:45+00:00,Mickey's Toontown,Chip 'n' Dale's GADGETcoaster,5,True,2026-09-10T16:15:49.000Z
09/10/2026,9:19 AM,2026-09-10T16:19:45+00:00,Mickey's Toontown,Donald's Duck Pond,0,True,2026-09-10T16:15:49.000Z
09/10/2026,9:19 AM,2026-09-10T16:19:45+00:00,Mickey's Toontown,Goofy's How-to-Play Yard,0,True,2026-09-10T16:15:49.000Z
09/10/2026,9:19 AM,2026-09-10T16:19:45+00:00,Mickey's Toontown,Mickey & Minnie's Runaway Railway,5,True,2026-09-10T16:15:49.000Z
09/10/2026,9:19 AM,2026-09-10T16:19:45+00:00,Mickey's Toontown,Mickey's House and Meet Mickey Mouse,10,True,2026-09-10T16:15:49.000Z
09/10/2026,9:19 AM,2026-09-10T16:19:45+00:00,Mickey's Toontown,Mickey's House and Meet Mickey Mouse,0,False,2026-09-06T19:50:39.000Z
09/10/2026,9:19 AM,2026-09-10T16:19:45+00:00,Mickey's Toontown,Minnie's House,0,True,2026-09-10T16:15:49.000Z
09/10/2026,9:19 AM,2026-09-10T16:19:45+00:00,Mickey's Toontown,Roger Rabbit's Car Toon Spin,5,True,2026-09-10T16:15:49.000Z
09/10/2026,9:19 AM,2026-09-10T16:19:45+00:00,New Orleans Square,Haunted Mansion Holiday,13,True,2026-09-10T16:15:49.000Z
09/10/2026,9:19 AM,2026-09-10T16:19:45+00:00,New Orleans Square,Pirates of the Caribbean,0,False,2026-09-10T16:15:49.000Z
09/10/2026,9:19 AM,2026-09-10T16:19:45+00:00,Star Wars: Galaxy's Edge,Millennium Falcon: Smugglers Run,5,True,2026-09-10T16:15:49.000Z
09/10/2026,9:19 AM,2026-09-10T16:19:45+00:00,Star Wars: Galaxy's Edge,Millennium Falcon: Smugglers Run Single Rider,0,True,2026-09-10T16:15:49.000Z
09/10/2026,9:19 AM,2026-09-10T16:19:45+00:00,Star Wars: Galaxy's Edge,Star Wars: Rise of the Resistance,30,True,2026-09-10T16:15:49.000Z
09/10/2026,9:19 AM,2026-09-10T16:19:45+00:00,Tomorrowland,Astro Orbitor,5,True,2026-09-10T16:15:49.000Z
09/10/2026,9:19 AM,2026-09-10T16:19:45+00:00,Tomorrowland,Autopia,5,True,2026-09-10T16:15:49.000Z
09/10/2026,9:19 AM,2026-09-10T16:19:45+00:00,Tomorrowland,Buzz Lightyear Astro Blasters,0,False,2026-09-10T16:15:49.000Z
09/10/2026,9:19 AM,2026-09-10T16:19:45+00:00,Tomorrowland,Disneyland Monorail,0,False,2026-09-10T16:15:49.000Z
09/10/2026,9:19 AM,2026-09-10T16:19:45+00:00,Tomorrowland,Finding Nemo Submarine Voyage,5,True,2026-09-10T16:15:49.000Z
09/10/2026,9:19 AM,2026-09-10T16:19:45+00:00,Tomorrowland,Pixar Short Film Spotlight,0,False,2026-09-10T16:15:49.000Z
09/10/2026,9:19 AM,2026-09-10T16:19:45+00:00,Tomorrowland,Space Mountain,10,True,2026-09-10T16:15:49.000Z
09/10/2026,9:19 AM,2026-09-10T16:19:45+00:00,Tomorrowland,Star Tours - The Adventures Continue,5,True,2026-09-10T16:15:49.000Z
09/10/2026,12:14 PM,2026-09-10T19:14:02+00:00,Adventureland,Adventureland Treehouse inspired by Walt Disney’s Swiss Family Robinson,0,True,2026-09-10T19:10:32.000Z
09/10/2026,12:14 PM,2026-09-10T19:14:02+00:00,Adventureland,Indiana Jones™ Adventure,0,False,2026-09-10T19:10:32.000Z
09/10/2026,12:14 PM,2026-09-10T19:14:02+00:00,Adventureland,Jungle Cruise,5,True,2026-09-10T19:10:32.000Z
09/10/2026,12:14 PM,2026-09-10T19:14:02+00:00,Adventureland,Walt Disney's Enchanted Tiki Room,0,True,2026-09-10T19:10:32.000Z
09/10/2026,12:14 PM,2026-09-10T19:14:02+00:00,Bayou Country,Davy Crockett's Explorer Canoes,0,False,2026-09-10T19:10:32.000Z
09/10/2026,12:14 PM,2026-09-10T19:14:02+00:00,Bayou Country,The Many Adventures of Winnie the Pooh,5,True,2026-09-10T19:10:32.000Z
09/10/2026,12:14 PM,2026-09-10T19:14:02+00:00,Bayou Country,Tiana's Bayou Adventure,25,True,2026-09-10T19:10:32.000Z
09/10/2026,12:14 PM,2026-09-10T19:14:02+00:00,Bayou Country,Tiana's Bayou Adventure Single Rider,0,True,2026-09-10T19:10:32.000Z
09/10/2026,12:14 PM,2026-09-10T19:14:02+00:00,Fantasyland,"""it's a small world""",5,True,2026-09-10T19:10:32.000Z
09/10/2026,12:14 PM,2026-09-10T19:14:02+00:00,Fantasyland,Alice in Wonderland,25,True,2026-09-10T19:10:32.000Z
09/10/2026,12:14 PM,2026-09-10T19:14:02+00:00,Fantasyland,Bluey’s Best Day Ever! at Fantasyland Theatre,0,True,2026-09-10T19:10:32.000Z
09/10/2026,12:14 PM,2026-09-10T19:14:02+00:00,Fantasyland,Casey Jr. Circus Train,5,True,2026-09-10T19:10:32.000Z
09/10/2026,12:14 PM,2026-09-10T19:14:02+00:00,Fantasyland,Dumbo the Flying Elephant,5,True,2026-09-10T19:10:32.000Z
09/10/2026,12:14 PM,2026-09-10T19:14:02+00:00,Fantasyland,King Arthur Carrousel,5,True,2026-09-10T19:10:32.000Z
09/10/2026,12:14 PM,2026-09-10T19:14:02+00:00,Fantasyland,Mad Tea Party,5,True,2026-09-10T19:10:32.000Z
09/10/2026,12:14 PM,2026-09-10T19:14:02+00:00,Fantasyland,Matterhorn Bobsleds,5,True,2026-09-10T19:10:32.000Z
09/10/2026,12:14 PM,2026-09-10T19:14:02+00:00,Fantasyland,Meet Disney Princesses at Royal Hall,30,True,2026-09-10T19:10:32.000Z
09/10/2026,12:14 PM,2026-09-10T19:14:02+00:00,Fantasyland,Mr. Toad's Wild Ride,5,True,2026-09-10T19:10:32.000Z
09/10/2026,12:14 PM,2026-09-10T19:14:02+00:00,Fantasyland,Peter Pan's Flight,20,True,2026-09-10T19:10:32.000Z
09/10/2026,12:14 PM,2026-09-10T19:14:02+00:00,Fantasyland,Pinocchio's Daring Journey,5,True,2026-09-10T19:10:32.000Z
09/10/2026,12:14 PM,2026-09-10T19:14:02+00:00,Fantasyland,Sleeping Beauty Castle Walkthrough,0,False,2026-09-10T19:10:32.000Z
09/10/2026,12:14 PM,2026-09-10T19:14:02+00:00,Fantasyland,Snow White's Enchanted Wish,5,True,2026-09-10T19:10:32.000Z
09/10/2026,12:14 PM,2026-09-10T19:14:02+00:00,Fantasyland,Storybook Land Canal Boats,5,True,2026-09-10T19:10:32.000Z
09/10/2026,12:14 PM,2026-09-10T19:14:02+00:00,Frontierland,Big Thunder Mountain Railroad,5,True,2026-09-10T19:10:32.000Z
09/10/2026,12:14 PM,2026-09-10T19:14:02+00:00,Frontierland,Frontierland Shootin' Exposition,0,False,2026-09-10T19:10:32.000Z
09/10/2026,12:14 PM,2026-09-10T19:14:02+00:00,Frontierland,Mark Twain Riverboat,0,False,2026-09-10T19:10:32.000Z
09/10/2026,12:14 PM,2026-09-10T19:14:02+00:00,Frontierland,Pirate's Lair on Tom Sawyer Island,5,True,2026-09-10T19:10:32.000Z
09/10/2026,12:14 PM,2026-09-10T19:14:02+00:00,Frontierland,Sailing Ship Columbia,0,False,2026-09-10T19:10:32.000Z
09/10/2026,12:14 PM,2026-09-10T19:14:02+00:00,Main Street U.S.A,Disneyland Railroad,5,True,2026-09-10T19:10:32.000Z
09/10/2026,12:14 PM,2026-09-10T19:14:02+00:00,Main Street U.S.A,Great Moments with Mr. Lincoln,0,True,2026-09-10T19:10:32.000Z
09/10/2026,12:14 PM,2026-09-10T19:14:02+00:00,Main Street U.S.A,Main Street Cinema,0,True,2026-09-10T19:10:32.000Z
09/10/2026,12:14 PM,2026-09-10T19:14:02+00:00,Main Street U.S.A,Main Street Vehicles,0,True,2026-09-10T19:10:32.000Z
09/10/2026,12:14 PM,2026-09-10T19:14:02+00:00,Main Street U.S.A,Opera House - Walt Disney - A Magical Life,0,True,2026-09-10T19:10:32.000Z
09/10/2026,12:14 PM,2026-09-10T19:14:02+00:00,Main Street U.S.A,The Disney Gallery,0,True,2026-09-10T19:10:32.000Z
09/10/2026,12:14 PM,2026-09-10T19:14:02+00:00,Main Street U.S.A,Walt Disney - A Magical Life,0,False,2026-09-10T19:10:32.000Z
09/10/2026,12:14 PM,2026-09-10T19:14:02+00:00,Mickey's Toontown,Chip 'n' Dale's GADGETcoaster,5,True,2026-09-10T19:10:32.000Z
09/10/2026,12:14 PM,2026-09-10T19:14:02+00:00,Mickey's Toontown,Donald's Duck Pond,0,True,2026-09-10T19:10:32.000Z
09/10/2026,12:14 PM,2026-09-10T19:14:02+00:00,Mickey's Toontown,Goofy's How-to-Play Yard,0,True,2026-09-10T19:10:32.000Z
09/10/2026,12:14 PM,2026-09-10T19:14:02+00:00,Mickey's Toontown,Mickey & Minnie's Runaway Railway,5,True,2026-09-10T19:10:32.000Z
09/10/2026,12:14 PM,2026-09-10T19:14:02+00:00,Mickey's Toontown,Mickey's House and Meet Mickey Mouse,10,True,2026-09-10T19:10:32.000Z
09/10/2026,12:14 PM,2026-09-10T19:14:02+00:00,Mickey's Toontown,Mickey's House and Meet Mickey Mouse,0,False,2026-09-06T19:50:39.000Z
09/10/2026,12:14 PM,2026-09-10T19:14:02+00:00,Mickey's Toontown,Minnie's House,0,True,2026-09-10T19:10:32.000Z
09/10/2026,12:14 PM,2026-09-10T19:14:02+00:00,Mickey's Toontown,Roger Rabbit's Car Toon Spin,20,True,2026-09-10T19:10:32.000Z
09/10/2026,12:14 PM,2026-09-10T19:14:02+00:00,New Orleans Square,Haunted Mansion Holiday,0,False,2026-09-10T19:10:32.000Z
09/10/2026,12:14 PM,2026-09-10T19:14:02+00:00,New Orleans Square,Pirates of the Caribbean,5,True,2026-09-10T19:10:32.000Z
09/10/2026,12:14 PM,2026-09-10T19:14:02+00:00,Star Wars: Galaxy's Edge,Millennium Falcon: Smugglers Run,5,True,2026-09-10T19:10:32.000Z
09/10/2026,12:14 PM,2026-09-10T19:14:02+00:00,Star Wars: Galaxy's Edge,Millennium Falcon: Smugglers Run Single Rider,0,True,2026-09-10T19:10:32.000Z
09/10/2026,12:14 PM,2026-09-10T19:14:02+00:00,Star Wars: Galaxy's Edge,Star Wars: Rise of the Resistance,15,True,2026-09-10T19:10:32.000Z
09/10/2026,12:14 PM,2026-09-10T19:14:02+00:00,Tomorrowland,Astro Orbitor,5,True,2026-09-10T19:10:32.000Z
09/10/2026,12:14 PM,2026-09-10T19:14:02+00:00,Tomorrowland,Autopia,5,True,2026-09-10T19:10:32.000Z
09/10/2026,12:14 PM,2026-09-10T19:14:02+00:00,Tomorrowland,Buzz Lightyear Astro Blasters,5,True,2026-09-10T19:10:32.000Z
09/10/2026,12:14 PM,2026-09-10T19:14:02+00:00,Tomorrowland,Disneyland Monorail,0,False,2026-09-10T19:10:32.000Z
09/10/2026,12:14 PM,2026-09-10T19:14:02+00:00,Tomorrowland,Finding Nemo Submarine Voyage,5,True,2026-09-10T19:10:32.000Z
09/10/2026,12:14 PM,2026-09-10T19:14:02+00:00,Tomorrowland,Pixar Short Film Spotlight,0,False,2026-09-10T19:10:32.000Z
09/10/2026,12:14 PM,2026-09-10T19:14:02+00:00,Tomorrowland,Space Mountain,15,True,2026-09-10T19:10:32.000Z
09/10/2026,12:14 PM,2026-09-10T19:14:02+00:00,Tomorrowland,Star Tours - The Adventures Continue,5,True,2026-09-10T19:10:32.000Z
09/10/2026,2:50 PM,2026-09-10T21:50:24+00:00,Adventureland,Adventureland Treehouse inspired by Walt Disney’s Swiss Family Robinson,0,True,2026-09-10T21:45:59.000Z
09/10/2026,2:50 PM,2026-09-10T21:50:24+00:00,Adventureland,Indiana Jones™ Adventure,0,False,2026-09-10T21:45:59.000Z
09/10/2026,2:50 PM,2026-09-10T21:50:24+00:00,Adventureland,Jungle Cruise,5,True,2026-09-10T21:45:59.000Z
09/10/2026,2:50 PM,2026-09-10T21:50:24+00:00,Adventureland,Walt Disney's Enchanted Tiki Room,0,True,2026-09-10T21:45:59.000Z
09/10/2026,2:50 PM,2026-09-10T21:50:24+00:00,Bayou Country,Davy Crockett's Explorer Canoes,0,False,2026-09-10T21:45:59.000Z
09/10/2026,2:50 PM,2026-09-10T21:50:24+00:00,Bayou Country,The Many Adventures of Winnie the Pooh,5,True,2026-09-10T21:45:59.000Z
09/10/2026,2:50 PM,2026-09-10T21:50:24+00:00,Bayou Country,Tiana's Bayou Adventure,35,True,2026-09-10T21:45:59.000Z
09/10/2026,2:50 PM,2026-09-10T21:50:24+00:00,Bayou Country,Tiana's Bayou Adventure Single Rider,0,True,2026-09-10T21:45:59.000Z
09/10/2026,2:50 PM,2026-09-10T21:50:24+00:00,Fantasyland,"""it's a small world""",5,True,2026-09-10T21:45:59.000Z
09/10/2026,2:50 PM,2026-09-10T21:50:24+00:00,Fantasyland,Alice in Wonderland,10,True,2026-09-10T21:45:59.000Z
09/10/2026,2:50 PM,2026-09-10T21:50:24+00:00,Fantasyland,Bluey’s Best Day Ever! at Fantasyland Theatre,0,True,2026-09-10T21:45:59.000Z
09/10/2026,2:50 PM,2026-09-10T21:50:24+00:00,Fantasyland,Casey Jr. Circus Train,5,True,2026-09-10T21:45:59.000Z
09/10/2026,2:50 PM,2026-09-10T21:50:24+00:00,Fantasyland,Dumbo the Flying Elephant,5,True,2026-09-10T21:45:59.000Z
09/10/2026,2:50 PM,2026-09-10T21:50:24+00:00,Fantasyland,King Arthur Carrousel,5,True,2026-09-10T21:45:59.000Z
09/10/2026,2:50 PM,2026-09-10T21:50:24+00:00,Fantasyland,Mad Tea Party,5,True,2026-09-10T21:45:59.000Z
09/10/2026,2:50 PM,2026-09-10T21:50:24+00:00,Fantasyland,Matterhorn Bobsleds,10,True,2026-09-10T21:45:59.000Z
09/10/2026,2:50 PM,2026-09-10T21:50:24+00:00,Fantasyland,Meet Disney Princesses at Royal Hall,15,True,2026-09-10T21:45:59.000Z
09/10/2026,2:50 PM,2026-09-10T21:50:24+00:00,Fantasyland,Mr. Toad's Wild Ride,5,True,2026-09-10T21:45:59.000Z
09/10/2026,2:50 PM,2026-09-10T21:50:24+00:00,Fantasyland,Peter Pan's Flight,15,True,2026-09-10T21:45:59.000Z
09/10/2026,2:50 PM,2026-09-10T21:50:24+00:00,Fantasyland,Pinocchio's Daring Journey,5,True,2026-09-10T21:45:59.000Z
09/10/2026,2:50 PM,2026-09-10T21:50:24+00:00,Fantasyland,Sleeping Beauty Castle Walkthrough,0,False,2026-09-10T21:45:59.000Z
09/10/2026,2:50 PM,2026-09-10T21:50:24+00:00,Fantasyland,Snow White's Enchanted Wish,5,True,2026-09-10T21:45:59.000Z
09/10/2026,2:50 PM,2026-09-10T21:50:24+00:00,Fantasyland,Storybook Land Canal Boats,5,True,2026-09-10T21:45:59.000Z
09/10/2026,2:50 PM,2026-09-10T21:50:24+00:00,Frontierland,Big Thunder Mountain Railroad,5,True,2026-09-10T21:45:59.000Z
09/10/2026,2:50 PM,2026-09-10T21:50:24+00:00,Frontierland,Frontierland Shootin' Exposition,0,False,2026-09-10T21:45:59.000Z
09/10/2026,2:50 PM,2026-09-10T21:50:24+00:00,Frontierland,Mark Twain Riverboat,0,False,2026-09-10T21:45:59.000Z
09/10/2026,2:50 PM,2026-09-10T21:50:24+00:00,Frontierland,Pirate's Lair on Tom Sawyer Island,5,True,2026-09-10T21:45:59.000Z
09/10/2026,2:50 PM,2026-09-10T21:50:24+00:00,Frontierland,Sailing Ship Columbia,0,False,2026-09-10T21:45:59.000Z
09/10/2026,2:50 PM,2026-09-10T21:50:24+00:00,Main Street U.S.A,Disneyland Railroad,5,True,2026-09-10T21:45:59.000Z
09/10/2026,2:50 PM,2026-09-10T21:50:24+00:00,Main Street U.S.A,Great Moments with Mr. Lincoln,0,False,2026-09-10T21:45:59.000Z
09/10/2026,2:50 PM,2026-09-10T21:50:24+00:00,Main Street U.S.A,Main Street Cinema,0,True,2026-09-10T21:45:59.000Z
09/10/2026,2:50 PM,2026-09-10T21:50:24+00:00,Main Street U.S.A,Main Street Vehicles,0,True,2026-09-10T21:45:59.000Z
09/10/2026,2:50 PM,2026-09-10T21:50:24+00:00,Main Street U.S.A,Opera House - Walt Disney - A Magical Life,0,True,2026-09-10T21:45:59.000Z
09/10/2026,2:50 PM,2026-09-10T21:50:24+00:00,Main Street U.S.A,The Disney Gallery,0,True,2026-09-10T21:45:59.000Z
09/10/2026,2:50 PM,2026-09-10T21:50:24+00:00,Main Street U.S.A,Walt Disney - A Magical Life,0,True,2026-09-10T21:45:59.000Z
09/10/2026,2:50 PM,2026-09-10T21:50:24+00:00,Mickey's Toontown,Chip 'n' Dale's GADGETcoaster,5,True,2026-09-10T21:45:59.000Z
09/10/2026,2:50 PM,2026-09-10T21:50:24+00:00,Mickey's Toontown,Donald's Duck Pond,0,True,2026-09-10T21:45:59.000Z
09/10/2026,2:50 PM,2026-09-10T21:50:24+00:00,Mickey's Toontown,Goofy's How-to-Play Yard,0,True,2026-09-10T21:45:59.000Z
09/10/2026,2:50 PM,2026-09-10T21:50:24+00:00,Mickey's Toontown,Mickey & Minnie's Runaway Railway,5,True,2026-09-10T21:45:59.000Z
09/10/2026,2:50 PM,2026-09-10T21:50:24+00:00,Mickey's Toontown,Mickey's House and Meet Mickey Mouse,10,True,2026-09-10T21:45:59.000Z
09/10/2026,2:50 PM,2026-09-10T21:50:24+00:00,Mickey's Toontown,Mickey's House and Meet Mickey Mouse,0,False,2026-09-06T19:50:39.000Z
09/10/2026,2:50 PM,2026-09-10T21:50:24+00:00,Mickey's Toontown,Minnie's House,0,True,2026-09-10T21:45:59.000Z
09/10/2026,2:50 PM,2026-09-10T21:50:24+00:00,Mickey's Toontown,Roger Rabbit's Car Toon Spin,20,True,2026-09-10T21:45:59.000Z
09/10/2026,2:50 PM,2026-09-10T21:50:24+00:00,New Orleans Square,Haunted Mansion Holiday,0,False,2026-09-10T21:45:59.000Z
09/10/2026,2:50 PM,2026-09-10T21:50:24+00:00,New Orleans Square,Pirates of the Caribbean,10,True,2026-09-10T21:45:59.000Z
09/10/2026,2:50 PM,2026-09-10T21:50:24+00:00,Star Wars: Galaxy's Edge,Millennium Falcon: Smugglers Run,5,True,2026-09-10T21:45:59.000Z
09/10/2026,2:50 PM,2026-09-10T21:50:24+00:00,Star Wars: Galaxy's Edge,Millennium Falcon: Smugglers Run Single Rider,0,True,2026-09-10T21:45:59.000Z
09/10/2026,2:50 PM,2026-09-10T21:50:24+00:00,Star Wars: Galaxy's Edge,Star Wars: Rise of the Resistance,10,True,2026-09-10T21:45:59.000Z
09/10/2026,2:50 PM,2026-09-10T21:50:24+00:00,Tomorrowland,Astro Orbitor,5,True,2026-09-10T21:45:59.000Z
09/10/2026,2:50 PM,2026-09-10T21:50:24+00:00,Tomorrowland,Autopia,5,True,2026-09-10T21:45:59.000Z
09/10/2026,2:50 PM,2026-09-10T21:50:24+00:00,Tomorrowland,Buzz Lightyear Astro Blasters,5,True,2026-09-10T21:45:59.000Z
09/10/2026,2:50 PM,2026-09-10T21:50:24+00:00,Tomorrowland,Disneyland Monorail,0,False,2026-09-10T21:45:59.000Z
09/10/2026,2:50 PM,2026-09-10T21:50:24+00:00,Tomorrowland,Finding Nemo Submarine Voyage,15,True,2026-09-10T21:45:59.000Z
09/10/2026,2:50 PM,2026-09-10T21:50:24+00:00,Tomorrowland,Pixar Short Film Spotlight,0,False,2026-09-10T21:45:59.000Z
09/10/2026,2:50 PM,2026-09-10T21:50:24+00:00,Tomorrowland,Space Mountain,10,True,2026-09-10T21:45:59.000Z
09/10/2026,2:50 PM,2026-09-10T21:50:24+00:00,Tomorrowland,Star Tours - The Adventures Continue,5,True,2026-09-10T21:45:59.000Z
09/10/2026,5:03 PM,2026-09-11T00:03:41+00:00,Adventureland,Adventureland Treehouse inspired by Walt Disney’s Swiss Family Robinson,0,True,2026-09-11T00:00:58.000Z
09/10/2026,5:03 PM,2026-09-11T00:03:41+00:00,Adventureland,Indiana Jones™ Adventure,0,False,2026-09-11T00:00:58.000Z
09/10/2026,5:03 PM,2026-09-11T00:03:41+00:00,Adventureland,Jungle Cruise,10,True,2026-09-11T00:00:58.000Z
09/10/2026,5:03 PM,2026-09-11T00:03:41+00:00,Adventureland,Walt Disney's Enchanted Tiki Room,0,True,2026-09-11T00:00:58.000Z
09/10/2026,5:03 PM,2026-09-11T00:03:41+00:00,Bayou Country,Davy Crockett's Explorer Canoes,0,False,2026-09-11T00:00:58.000Z
09/10/2026,5:03 PM,2026-09-11T00:03:41+00:00,Bayou Country,The Many Adventures of Winnie the Pooh,5,True,2026-09-11T00:00:58.000Z
09/10/2026,5:03 PM,2026-09-11T00:03:41+00:00,Bayou Country,Tiana's Bayou Adventure,0,False,2026-09-11T00:00:58.000Z
09/10/2026,5:03 PM,2026-09-11T00:03:41+00:00,Bayou Country,Tiana's Bayou Adventure Single Rider,0,False,2026-09-11T00:00:58.000Z
09/10/2026,5:03 PM,2026-09-11T00:03:41+00:00,Fantasyland,"""it's a small world""",5,True,2026-09-11T00:00:58.000Z
09/10/2026,5:03 PM,2026-09-11T00:03:41+00:00,Fantasyland,Alice in Wonderland,15,True,2026-09-11T00:00:58.000Z
09/10/2026,5:03 PM,2026-09-11T00:03:41+00:00,Fantasyland,Bluey’s Best Day Ever! at Fantasyland Theatre,0,True,2026-09-11T00:00:58.000Z
09/10/2026,5:03 PM,2026-09-11T00:03:41+00:00,Fantasyland,Casey Jr. Circus Train,5,True,2026-09-11T00:00:58.000Z
09/10/2026,5:03 PM,2026-09-11T00:03:41+00:00,Fantasyland,Dumbo the Flying Elephant,5,True,2026-09-11T00:00:58.000Z
09/10/2026,5:03 PM,2026-09-11T00:03:41+00:00,Fantasyland,King Arthur Carrousel,5,True,2026-09-11T00:00:58.000Z
09/10/2026,5:03 PM,2026-09-11T00:03:41+00:00,Fantasyland,Mad Tea Party,5,True,2026-09-11T00:00:58.000Z
09/10/2026,5:03 PM,2026-09-11T00:03:41+00:00,Fantasyland,Matterhorn Bobsleds,10,True,2026-09-11T00:00:58.000Z
09/10/2026,5:03 PM,2026-09-11T00:03:41+00:00,Fantasyland,Meet Disney Princesses at Royal Hall,30,True,2026-09-11T00:00:58.000Z
09/10/2026,5:03 PM,2026-09-11T00:03:41+00:00,Fantasyland,Mr. Toad's Wild Ride,5,True,2026-09-11T00:00:58.000Z
09/10/2026,5:03 PM,2026-09-11T00:03:41+00:00,Fantasyland,Peter Pan's Flight,20,True,2026-09-11T00:00:58.000Z
09/10/2026,5:03 PM,2026-09-11T00:03:41+00:00,Fantasyland,Pinocchio's Daring Journey,5,True,2026-09-11T00:00:58.000Z
09/10/2026,5:03 PM,2026-09-11T00:03:41+00:00,Fantasyland,Sleeping Beauty Castle Walkthrough,0,False,2026-09-11T00:00:58.000Z
09/10/2026,5:03 PM,2026-09-11T00:03:41+00:00,Fantasyland,Snow White's Enchanted Wish,5,True,2026-09-11T00:00:58.000Z
09/10/2026,5:03 PM,2026-09-11T00:03:41+00:00,Fantasyland,Storybook Land Canal Boats,5,True,2026-09-11T00:00:58.000Z
09/10/2026,5:03 PM,2026-09-11T00:03:41+00:00,Frontierland,Big Thunder Mountain Railroad,5,True,2026-09-11T00:00:58.000Z
09/10/2026,5:03 PM,2026-09-11T00:03:41+00:00,Frontierland,Frontierland Shootin' Exposition,0,False,2026-09-11T00:00:58.000Z
09/10/2026,5:03 PM,2026-09-11T00:03:41+00:00,Frontierland,Mark Twain Riverboat,0,False,2026-09-11T00:00:58.000Z
09/10/2026,5:03 PM,2026-09-11T00:03:41+00:00,Frontierland,Pirate's Lair on Tom Sawyer Island,0,False,2026-09-11T00:00:58.000Z
09/10/2026,5:03 PM,2026-09-11T00:03:41+00:00,Frontierland,Sailing Ship Columbia,0,False,2026-09-11T00:00:58.000Z
09/10/2026,5:03 PM,2026-09-11T00:03:41+00:00,Main Street U.S.A,Disneyland Railroad,5,True,2026-09-11T00:00:58.000Z
09/10/2026,5:03 PM,2026-09-11T00:03:41+00:00,Main Street U.S.A,Great Moments with Mr. Lincoln,0,False,2026-09-11T00:00:58.000Z
09/10/2026,5:03 PM,2026-09-11T00:03:41+00:00,Main Street U.S.A,Main Street Cinema,0,True,2026-09-11T00:00:58.000Z
09/10/2026,5:03 PM,2026-09-11T00:03:41+00:00,Main Street U.S.A,Main Street Vehicles,0,False,2026-09-11T00:00:58.000Z
09/10/2026,5:03 PM,2026-09-11T00:03:41+00:00,Main Street U.S.A,Opera House - Walt Disney - A Magical Life,0,True,2026-09-11T00:00:58.000Z
09/10/2026,5:03 PM,2026-09-11T00:03:41+00:00,Main Street U.S.A,The Disney Gallery,0,True,2026-09-11T00:00:58.000Z
09/10/2026,5:03 PM,2026-09-11T00:03:41+00:00,Main Street U.S.A,Walt Disney - A Magical Life,0,True,2026-09-11T00:00:58.000Z
09/10/2026,5:03 PM,2026-09-11T00:03:41+00:00,Mickey's Toontown,Chip 'n' Dale's GADGETcoaster,5,True,2026-09-11T00:00:58.000Z
09/10/2026,5:03 PM,2026-09-11T00:03:41+00:00,Mickey's Toontown,Donald's Duck Pond,0,True,2026-09-11T00:00:58.000Z
09/10/2026,5:03 PM,2026-09-11T00:03:41+00:00,Mickey's Toontown,Goofy's How-to-Play Yard,0,True,2026-09-11T00:00:58.000Z
09/10/2026,5:03 PM,2026-09-11T00:03:41+00:00,Mickey's Toontown,Mickey & Minnie's Runaway Railway,15,True,2026-09-11T00:00:58.000Z
09/10/2026,5:03 PM,2026-09-11T00:03:41+00:00,Mickey's Toontown,Mickey's House and Meet Mickey Mouse,10,True,2026-09-11T00:00:58.000Z
09/10/2026,5:03 PM,2026-09-11T00:03:41+00:00,Mickey's Toontown,Mickey's House and Meet Mickey Mouse,0,False,2026-09-06T19:50:39.000Z
09/10/2026,5:03 PM,2026-09-11T00:03:41+00:00,Mickey's Toontown,Minnie's House,0,True,2026-09-11T00:00:58.000Z
09/10/2026,5:03 PM,2026-09-11T00:03:41+00:00,Mickey's Toontown,Roger Rabbit's Car Toon Spin,0,False,2026-09-11T00:00:58.000Z
09/10/2026,5:03 PM,2026-09-11T00:03:41+00:00,New Orleans Square,Haunted Mansion Holiday,0,False,2026-09-11T00:00:58.000Z
09/10/2026,5:03 PM,2026-09-11T00:03:41+00:00,New Orleans Square,Pirates of the Caribbean,10,True,2026-09-11T00:00:58.000Z
09/10/2026,5:03 PM,2026-09-11T00:03:41+00:00,Star Wars: Galaxy's Edge,Millennium Falcon: Smugglers Run,5,True,2026-09-11T00:00:58.000Z
09/10/2026,5:03 PM,2026-09-11T00:03:41+00:00,Star Wars: Galaxy's Edge,Millennium Falcon: Smugglers Run Single Rider,0,True,2026-09-11T00:00:58.000Z
09/10/2026,5:03 PM,2026-09-11T00:03:41+00:00,Star Wars: Galaxy's Edge,Star Wars: Rise of the Resistance,25,True,2026-09-11T00:00:58.000Z
09/10/2026,5:03 PM,2026-09-11T00:03:41+00:00,Tomorrowland,Astro Orbitor,0,False,2026-09-11T00:00:58.000Z
09/10/2026,5:03 PM,2026-09-11T00:03:41+00:00,Tomorrowland,Autopia,10,True,2026-09-11T00:00:58.000Z
09/10/2026,5:03 PM,2026-09-11T00:03:41+00:00,Tomorrowland,Buzz Lightyear Astro Blasters,5,True,2026-09-11T00:00:58.000Z
09/10/2026,5:03 PM,2026-09-11T00:03:41+00:00,Tomorrowland,Disneyland Monorail,0,False,2026-09-11T00:00:58.000Z
09/10/2026,5:03 PM,2026-09-11T00:03:41+00:00,Tomorrowland,Finding Nemo Submarine Voyage,10,True,2026-09-11T00:00:58.000Z
09/10/2026,5:03 PM,2026-09-11T00:03:41+00:00,Tomorrowland,Pixar Short Film Spotlight,0,False,2026-09-11T00:00:58.000Z
09/10/2026,5:03 PM,2026-09-11T00:03:41+00:00,Tomorrowland,Space Mountain,25,True,2026-09-11T00:00:58.000Z
09/10/2026,5:03 PM,2026-09-11T00:03:41+00:00,Tomorrowland,Star Tours - The Adventures Continue,5,True,2026-09-11T00:00:58.000Z
09/10/2026,9:31 PM,2026-09-11T04:31:00+00:00,Adventureland,Adventureland Treehouse inspired by Walt Disney’s Swiss Family Robinson,0,True,2026-09-11T04:25:31.000Z
09/10/2026,9:31 PM,2026-09-11T04:31:00+00:00,Adventureland,Indiana Jones™ Adventure,0,False,2026-09-11T04:25:31.000Z
09/10/2026,9:31 PM,2026-09-11T04:31:00+00:00,Adventureland,Jungle Cruise,10,True,2026-09-11T04:25:31.000Z
09/10/2026,9:31 PM,2026-09-11T04:31:00+00:00,Adventureland,Walt Disney's Enchanted Tiki Room,0,True,2026-09-11T04:25:31.000Z
09/10/2026,9:31 PM,2026-09-11T04:31:00+00:00,Bayou Country,Davy Crockett's Explorer Canoes,0,False,2026-09-11T04:25:31.000Z
09/10/2026,9:31 PM,2026-09-11T04:31:00+00:00,Bayou Country,The Many Adventures of Winnie the Pooh,5,True,2026-09-11T04:25:31.000Z
09/10/2026,9:31 PM,2026-09-11T04:31:00+00:00,Bayou Country,Tiana's Bayou Adventure,40,True,2026-09-11T04:25:31.000Z
09/10/2026,9:31 PM,2026-09-11T04:31:00+00:00,Bayou Country,Tiana's Bayou Adventure Single Rider,0,True,2026-09-11T04:25:31.000Z
09/10/2026,9:31 PM,2026-09-11T04:31:00+00:00,Fantasyland,"""it's a small world""",5,True,2026-09-11T04:25:31.000Z
09/10/2026,9:31 PM,2026-09-11T04:31:00+00:00,Fantasyland,Alice in Wonderland,10,True,2026-09-11T04:25:31.000Z
09/10/2026,9:31 PM,2026-09-11T04:31:00+00:00,Fantasyland,Bluey’s Best Day Ever! at Fantasyland Theatre,0,True,2026-09-11T04:25:31.000Z
09/10/2026,9:31 PM,2026-09-11T04:31:00+00:00,Fantasyland,Casey Jr. Circus Train,5,True,2026-09-11T04:25:31.000Z
09/10/2026,9:31 PM,2026-09-11T04:31:00+00:00,Fantasyland,Dumbo the Flying Elephant,5,True,2026-09-11T04:25:31.000Z
09/10/2026,9:31 PM,2026-09-11T04:31:00+00:00,Fantasyland,King Arthur Carrousel,5,True,2026-09-11T04:25:31.000Z
09/10/2026,9:31 PM,2026-09-11T04:31:00+00:00,Fantasyland,Mad Tea Party,5,True,2026-09-11T04:25:31.000Z
09/10/2026,9:31 PM,2026-09-11T04:31:00+00:00,Fantasyland,Matterhorn Bobsleds,20,True,2026-09-11T04:25:31.000Z
09/10/2026,9:31 PM,2026-09-11T04:31:00+00:00,Fantasyland,Meet Disney Princesses at Royal Hall,0,False,2026-09-11T04:25:31.000Z
09/10/2026,9:31 PM,2026-09-11T04:31:00+00:00,Fantasyland,Mr. Toad's Wild Ride,10,True,2026-09-11T04:25:31.000Z
09/10/2026,9:31 PM,2026-09-11T04:31:00+00:00,Fantasyland,Peter Pan's Flight,20,True,2026-09-11T04:25:31.000Z
09/10/2026,9:31 PM,2026-09-11T04:31:00+00:00,Fantasyland,Pinocchio's Daring Journey,5,True,2026-09-11T04:25:31.000Z
09/10/2026,9:31 PM,2026-09-11T04:31:00+00:00,Fantasyland,Sleeping Beauty Castle Walkthrough,0,False,2026-09-11T04:25:31.000Z
09/10/2026,9:31 PM,2026-09-11T04:31:00+00:00,Fantasyland,Snow White's Enchanted Wish,5,True,2026-09-11T04:25:31.000Z
09/10/2026,9:31 PM,2026-09-11T04:31:00+00:00,Fantasyland,Storybook Land Canal Boats,10,True,2026-09-11T04:25:31.000Z
09/10/2026,9:31 PM,2026-09-11T04:31:00+00:00,Frontierland,Big Thunder Mountain Railroad,5,True,2026-09-11T04:25:31.000Z
09/10/2026,9:31 PM,2026-09-11T04:31:00+00:00,Frontierland,Frontierland Shootin' Exposition,0,False,2026-09-11T04:25:31.000Z
09/10/2026,9:31 PM,2026-09-11T04:31:00+00:00,Frontierland,Mark Twain Riverboat,0,False,2026-09-11T04:25:31.000Z
09/10/2026,9:31 PM,2026-09-11T04:31:00+00:00,Frontierland,Pirate's Lair on Tom Sawyer Island,0,False,2026-09-11T04:25:31.000Z
09/10/2026,9:31 PM,2026-09-11T04:31:00+00:00,Frontierland,Sailing Ship Columbia,0,False,2026-09-11T04:25:31.000Z
09/10/2026,9:31 PM,2026-09-11T04:31:00+00:00,Main Street U.S.A,Disneyland Railroad,5,True,2026-09-11T04:25:31.000Z
09/10/2026,9:31 PM,2026-09-11T04:31:00+00:00,Main Street U.S.A,Great Moments with Mr. Lincoln,0,False,2026-09-11T04:25:31.000Z
09/10/2026,9:31 PM,2026-09-11T04:31:00+00:00,Main Street U.S.A,Main Street Cinema,0,True,2026-09-11T04:25:31.000Z
09/10/2026,9:31 PM,2026-09-11T04:31:00+00:00,Main Street U.S.A,Main Street Vehicles,0,False,2026-09-11T04:25:31.000Z
09/10/2026,9:31 PM,2026-09-11T04:31:00+00:00,Main Street U.S.A,Opera House - Walt Disney - A Magical Life,0,False,2026-09-11T04:25:31.000Z
09/10/2026,9:31 PM,2026-09-11T04:31:00+00:00,Main Street U.S.A,The Disney Gallery,0,False,2026-09-11T04:25:31.000Z
09/10/2026,9:31 PM,2026-09-11T04:31:00+00:00,Main Street U.S.A,Walt Disney - A Magical Life,0,False,2026-09-11T04:25:31.000Z
09/10/2026,9:31 PM,2026-09-11T04:31:00+00:00,Mickey's Toontown,Chip 'n' Dale's GADGETcoaster,5,True,2026-09-11T04:25:31.000Z
09/10/2026,9:31 PM,2026-09-11T04:31:00+00:00,Mickey's Toontown,Donald's Duck Pond,0,True,2026-09-11T04:25:31.000Z
09/10/2026,9:31 PM,2026-09-11T04:31:00+00:00,Mickey's Toontown,Goofy's How-to-Play Yard,0,True,2026-09-11T04:25:31.000Z
09/10/2026,9:31 PM,2026-09-11T04:31:00+00:00,Mickey's Toontown,Mickey & Minnie's Runaway Railway,5,True,2026-09-11T04:25:31.000Z
09/10/2026,9:31 PM,2026-09-11T04:31:00+00:00,Mickey's Toontown,Mickey's House and Meet Mickey Mouse,10,True,2026-09-11T04:25:31.000Z
09/10/2026,9:31 PM,2026-09-11T04:31:00+00:00,Mickey's Toontown,Mickey's House and Meet Mickey Mouse,0,False,2026-09-06T19:50:39.000Z
09/10/2026,9:31 PM,2026-09-11T04:31:00+00:00,Mickey's Toontown,Minnie's House,0,False,2026-09-11T04:25:31.000Z
09/10/2026,9:31 PM,2026-09-11T04:31:00+00:00,Mickey's Toontown,Roger Rabbit's Car Toon Spin,10,True,2026-09-11T04:25:31.000Z
09/10/2026,9:31 PM,2026-09-11T04:31:00+00:00,New Orleans Square,Haunted Mansion Holiday,30,True,2026-09-11T04:25:31.000Z
09/10/2026,9:31 PM,2026-09-11T04:31:00+00:00,New Orleans Square,Pirates of the Caribbean,10,True,2026-09-11T04:25:31.000Z
09/10/2026,9:31 PM,2026-09-11T04:31:00+00:00,Star Wars: Galaxy's Edge,Millennium Falcon: Smugglers Run,5,True,2026-09-11T04:25:31.000Z
09/10/2026,9:31 PM,2026-09-11T04:31:00+00:00,Star Wars: Galaxy's Edge,Millennium Falcon: Smugglers Run Single Rider,0,True,2026-09-11T04:25:31.000Z
09/10/2026,9:31 PM,2026-09-11T04:31:00+00:00,Star Wars: Galaxy's Edge,Star Wars: Rise of the Resistance,15,True,2026-09-11T04:25:31.000Z
09/10/2026,9:31 PM,2026-09-11T04:31:00+00:00,Tomorrowland,Astro Orbitor,0,False,2026-09-11T04:25:31.000Z
09/10/2026,9:31 PM,2026-09-11T04:31:00+00:00,Tomorrowland,Autopia,10,True,2026-09-11T04:25:31.000Z
09/10/2026,9:31 PM,2026-09-11T04:31:00+00:00,Tomorrowland,Buzz Lightyear Astro Blasters,5,True,2026-09-11T04:25:31.000Z
09/10/2026,9:31 PM,2026-09-11T04:31:00+00:00,Tomorrowland,Disneyland Monorail,5,True,2026-09-11T04:25:31.000Z
09/10/2026,9:31 PM,2026-09-11T04:31:00+00:00,Tomorrowland,Finding Nemo Submarine Voyage,5,True,2026-09-11T04:25:31.000Z
09/10/2026,9:31 PM,2026-09-11T04:31:00+00:00,Tomorrowland,Pixar Short Film Spotlight,0,False,2026-09-11T04:25:31.000Z
09/10/2026,9:31 PM,2026-09-11T04:31:00+00:00,Tomorrowland,Space Mountain,45,True,2026-09-11T04:25:31.000Z
09/10/2026,9:31 PM,2026-09-11T04:31:00+00:00,Tomorrowland,Star Tours - The Adventures Continue,5,True,2026-09-11T04:25:31.000Z
09/11/2026,10:10 AM,2026-09-11T17:10:25+00:00,Adventureland,Adventureland Treehouse inspired by Walt Disney’s Swiss Family Robinson,0,True,2026-09-11T17:05:37.000Z
09/11/2026,10:10 AM,2026-09-11T17:10:25+00:00,Adventureland,Indiana Jones™ Adventure,0,False,2026-09-11T17:05:37.000Z
09/11/2026,10:10 AM,2026-09-11T17:10:25+00:00,Adventureland,Jungle Cruise,0,False,2026-09-11T17:05:37.000Z
09/11/2026,10:10 AM,2026-09-11T17:10:25+00:00,Adventureland,Walt Disney's Enchanted Tiki Room,0,True,2026-09-11T17:05:37.000Z
09/11/2026,10:10 AM,2026-09-11T17:10:25+00:00,Bayou Country,Davy Crockett's Explorer Canoes,5,True,2026-09-11T17:05:37.000Z
09/11/2026,10:10 AM,2026-09-11T17:10:25+00:00,Bayou Country,The Many Adventures of Winnie the Pooh,5,True,2026-09-11T17:05:37.000Z
09/11/2026,10:10 AM,2026-09-11T17:10:25+00:00,Bayou Country,Tiana's Bayou Adventure,5,True,2026-09-11T17:05:37.000Z
09/11/2026,10:10 AM,2026-09-11T17:10:25+00:00,Bayou Country,Tiana's Bayou Adventure Single Rider,0,True,2026-09-11T17:05:37.000Z
09/11/2026,10:10 AM,2026-09-11T17:10:25+00:00,Fantasyland,"""it's a small world""",5,True,2026-09-11T17:05:37.000Z
09/11/2026,10:10 AM,2026-09-11T17:10:25+00:00,Fantasyland,Alice in Wonderland,25,True,2026-09-11T17:05:37.000Z
09/11/2026,10:10 AM,2026-09-11T17:10:25+00:00,Fantasyland,Bluey’s Best Day Ever! at Fantasyland Theatre,0,True,2026-09-11T17:05:37.000Z
09/11/2026,10:10 AM,2026-09-11T17:10:25+00:00,Fantasyland,Casey Jr. Circus Train,5,True,2026-09-11T17:05:37.000Z
09/11/2026,10:10 AM,2026-09-11T17:10:25+00:00,Fantasyland,Dumbo the Flying Elephant,10,True,2026-09-11T17:05:37.000Z
09/11/2026,10:10 AM,2026-09-11T17:10:25+00:00,Fantasyland,King Arthur Carrousel,5,True,2026-09-11T17:05:37.000Z
09/11/2026,10:10 AM,2026-09-11T17:10:25+00:00,Fantasyland,Mad Tea Party,5,True,2026-09-11T17:05:37.000Z
09/11/2026,10:10 AM,2026-09-11T17:10:25+00:00,Fantasyland,Matterhorn Bobsleds,15,True,2026-09-11T17:05:37.000Z
09/11/2026,10:10 AM,2026-09-11T17:10:25+00:00,Fantasyland,Meet Disney Princesses at Royal Hall,0,True,2026-09-11T17:05:37.000Z
09/11/2026,10:10 AM,2026-09-11T17:10:25+00:00,Fantasyland,Mr. Toad's Wild Ride,10,True,2026-09-11T17:05:37.000Z
09/11/2026,10:10 AM,2026-09-11T17:10:25+00:00,Fantasyland,Peter Pan's Flight,30,True,2026-09-11T17:05:37.000Z
09/11/2026,10:10 AM,2026-09-11T17:10:25+00:00,Fantasyland,Pinocchio's Daring Journey,5,True,2026-09-11T17:05:37.000Z
09/11/2026,10:10 AM,2026-09-11T17:10:25+00:00,Fantasyland,Sleeping Beauty Castle Walkthrough,0,False,2026-09-11T17:05:37.000Z
09/11/2026,10:10 AM,2026-09-11T17:10:25+00:00,Fantasyland,Snow White's Enchanted Wish,10,True,2026-09-11T17:05:37.000Z
09/11/2026,10:10 AM,2026-09-11T17:10:25+00:00,Fantasyland,Storybook Land Canal Boats,10,True,2026-09-11T17:05:37.000Z
09/11/2026,10:10 AM,2026-09-11T17:10:25+00:00,Frontierland,Big Thunder Mountain Railroad,0,False,2026-09-11T17:05:37.000Z
09/11/2026,10:10 AM,2026-09-11T17:10:25+00:00,Frontierland,Frontierland Shootin' Exposition,0,True,2026-09-11T17:05:37.000Z
09/11/2026,10:10 AM,2026-09-11T17:10:25+00:00,Frontierland,Mark Twain Riverboat,0,False,2026-09-11T17:05:37.000Z
09/11/2026,10:10 AM,2026-09-11T17:10:25+00:00,Frontierland,Pirate's Lair on Tom Sawyer Island,5,True,2026-09-11T17:05:37.000Z
09/11/2026,10:10 AM,2026-09-11T17:10:25+00:00,Frontierland,Sailing Ship Columbia,0,False,2026-09-11T17:05:37.000Z
09/11/2026,10:10 AM,2026-09-11T17:10:25+00:00,Main Street U.S.A,Disneyland Railroad,5,True,2026-09-11T17:05:37.000Z
09/11/2026,10:10 AM,2026-09-11T17:10:25+00:00,Main Street U.S.A,Great Moments with Mr. Lincoln,0,True,2026-09-11T17:05:37.000Z
09/11/2026,10:10 AM,2026-09-11T17:10:25+00:00,Main Street U.S.A,Main Street Cinema,0,True,2026-09-11T17:05:37.000Z
09/11/2026,10:10 AM,2026-09-11T17:10:25+00:00,Main Street U.S.A,Main Street Vehicles,0,True,2026-09-11T17:05:37.000Z
09/11/2026,10:10 AM,2026-09-11T17:10:25+00:00,Main Street U.S.A,Opera House - Walt Disney - A Magical Life,0,True,2026-09-11T17:05:37.000Z
09/11/2026,10:10 AM,2026-09-11T17:10:25+00:00,Main Street U.S.A,The Disney Gallery,0,True,2026-09-11T17:05:37.000Z
09/11/2026,10:10 AM,2026-09-11T17:10:25+00:00,Main Street U.S.A,Walt Disney - A Magical Life,0,False,2026-09-11T17:05:37.000Z
09/11/2026,10:10 AM,2026-09-11T17:10:25+00:00,Mickey's Toontown,Chip 'n' Dale's GADGETcoaster,10,True,2026-09-11T17:05:37.000Z
09/11/2026,10:10 AM,2026-09-11T17:10:25+00:00,Mickey's Toontown,Donald's Duck Pond,0,True,2026-09-11T17:05:37.000Z
09/11/2026,10:10 AM,2026-09-11T17:10:25+00:00,Mickey's Toontown,Goofy's How-to-Play Yard,0,True,2026-09-11T17:05:37.000Z
09/11/2026,10:10 AM,2026-09-11T17:10:25+00:00,Mickey's Toontown,Mickey & Minnie's Runaway Railway,0,False,2026-09-11T17:05:37.000Z
09/11/2026,10:10 AM,2026-09-11T17:10:25+00:00,Mickey's Toontown,Mickey's House and Meet Mickey Mouse,25,True,2026-09-11T17:05:37.000Z
09/11/2026,10:10 AM,2026-09-11T17:10:25+00:00,Mickey's Toontown,Mickey's House and Meet Mickey Mouse,0,False,2026-09-06T19:50:39.000Z
09/11/2026,10:10 AM,2026-09-11T17:10:25+00:00,Mickey's Toontown,Minnie's House,0,True,2026-09-11T17:05:37.000Z
09/11/2026,10:10 AM,2026-09-11T17:10:25+00:00,Mickey's Toontown,Roger Rabbit's Car Toon Spin,40,True,2026-09-11T17:05:37.000Z
09/11/2026,10:10 AM,2026-09-11T17:10:25+00:00,New Orleans Square,Haunted Mansion Holiday,0,False,2026-09-11T17:05:37.000Z
09/11/2026,10:10 AM,2026-09-11T17:10:25+00:00,New Orleans Square,Pirates of the Caribbean,5,True,2026-09-11T17:05:37.000Z
09/11/2026,10:10 AM,2026-09-11T17:10:25+00:00,Star Wars: Galaxy's Edge,Millennium Falcon: Smugglers Run,5,True,2026-09-11T17:05:37.000Z
09/11/2026,10:10 AM,2026-09-11T17:10:25+00:00,Star Wars: Galaxy's Edge,Millennium Falcon: Smugglers Run Single Rider,0,True,2026-09-11T17:05:37.000Z
09/11/2026,10:10 AM,2026-09-11T17:10:25+00:00,Star Wars: Galaxy's Edge,Star Wars: Rise of the Resistance,75,True,2026-09-11T17:05:37.000Z
09/11/2026,10:10 AM,2026-09-11T17:10:25+00:00,Tomorrowland,Astro Orbitor,5,True,2026-09-11T17:05:37.000Z
09/11/2026,10:10 AM,2026-09-11T17:10:25+00:00,Tomorrowland,Autopia,5,True,2026-09-11T17:05:37.000Z
09/11/2026,10:10 AM,2026-09-11T17:10:25+00:00,Tomorrowland,Buzz Lightyear Astro Blasters,5,True,2026-09-11T17:05:37.000Z
09/11/2026,10:10 AM,2026-09-11T17:10:25+00:00,Tomorrowland,Disneyland Monorail,5,True,2026-09-11T17:05:37.000Z
09/11/2026,10:10 AM,2026-09-11T17:10:25+00:00,Tomorrowland,Finding Nemo Submarine Voyage,5,True,2026-09-11T17:05:37.000Z
09/11/2026,10:10 AM,2026-09-11T17:10:25+00:00,Tomorrowland,Pixar Short Film Spotlight,0,False,2026-09-11T17:05:37.000Z
09/11/2026,10:10 AM,2026-09-11T17:10:25+00:00,Tomorrowland,Space Mountain,30,True,2026-09-11T17:05:37.000Z
09/11/2026,10:10 AM,2026-09-11T17:10:25+00:00,Tomorrowland,Star Tours - The Adventures Continue,15,True,2026-09-11T17:05:37.000Z
09/11/2026,12:59 PM,2026-09-11T19:59:49+00:00,Adventureland,Adventureland Treehouse inspired by Walt Disney’s Swiss Family Robinson,0,True,2026-09-11T19:55:41.000Z
09/11/2026,12:59 PM,2026-09-11T19:59:49+00:00,Adventureland,Indiana Jones™ Adventure,0,False,2026-09-11T19:55:41.000Z
09/11/2026,12:59 PM,2026-09-11T19:59:49+00:00,Adventureland,Jungle Cruise,10,True,2026-09-11T19:55:41.000Z
09/11/2026,12:59 PM,2026-09-11T19:59:49+00:00,Adventureland,Walt Disney's Enchanted Tiki Room,0,True,2026-09-11T19:55:41.000Z
09/11/2026,12:59 PM,2026-09-11T19:59:49+00:00,Bayou Country,Davy Crockett's Explorer Canoes,5,True,2026-09-11T19:55:41.000Z
09/11/2026,12:59 PM,2026-09-11T19:59:49+00:00,Bayou Country,The Many Adventures of Winnie the Pooh,5,True,2026-09-11T19:55:41.000Z
09/11/2026,12:59 PM,2026-09-11T19:59:49+00:00,Bayou Country,Tiana's Bayou Adventure,0,False,2026-09-11T19:55:41.000Z
09/11/2026,12:59 PM,2026-09-11T19:59:49+00:00,Bayou Country,Tiana's Bayou Adventure Single Rider,0,False,2026-09-11T19:55:41.000Z
09/11/2026,12:59 PM,2026-09-11T19:59:49+00:00,Fantasyland,"""it's a small world""",5,True,2026-09-11T19:55:41.000Z
09/11/2026,12:59 PM,2026-09-11T19:59:49+00:00,Fantasyland,Alice in Wonderland,15,True,2026-09-11T19:55:41.000Z
09/11/2026,12:59 PM,2026-09-11T19:59:49+00:00,Fantasyland,Bluey’s Best Day Ever! at Fantasyland Theatre,0,True,2026-09-11T19:55:41.000Z
09/11/2026,12:59 PM,2026-09-11T19:59:49+00:00,Fantasyland,Casey Jr. Circus Train,5,True,2026-09-11T19:55:41.000Z
09/11/2026,12:59 PM,2026-09-11T19:59:49+00:00,Fantasyland,Dumbo the Flying Elephant,15,True,2026-09-11T19:55:41.000Z
09/11/2026,12:59 PM,2026-09-11T19:59:49+00:00,Fantasyland,King Arthur Carrousel,5,True,2026-09-11T19:55:41.000Z
09/11/2026,12:59 PM,2026-09-11T19:59:49+00:00,Fantasyland,Mad Tea Party,5,True,2026-09-11T19:55:41.000Z
09/11/2026,12:59 PM,2026-09-11T19:59:49+00:00,Fantasyland,Matterhorn Bobsleds,25,True,2026-09-11T19:55:41.000Z
09/11/2026,12:59 PM,2026-09-11T19:59:49+00:00,Fantasyland,Meet Disney Princesses at Royal Hall,15,True,2026-09-11T19:55:41.000Z
09/11/2026,12:59 PM,2026-09-11T19:59:49+00:00,Fantasyland,Mr. Toad's Wild Ride,5,True,2026-09-11T19:55:41.000Z
09/11/2026,12:59 PM,2026-09-11T19:59:49+00:00,Fantasyland,Peter Pan's Flight,20,True,2026-09-11T19:55:41.000Z
09/11/2026,12:59 PM,2026-09-11T19:59:49+00:00,Fantasyland,Pinocchio's Daring Journey,5,True,2026-09-11T19:55:41.000Z
09/11/2026,12:59 PM,2026-09-11T19:59:49+00:00,Fantasyland,Sleeping Beauty Castle Walkthrough,0,False,2026-09-11T19:55:41.000Z
09/11/2026,12:59 PM,2026-09-11T19:59:49+00:00,Fantasyland,Snow White's Enchanted Wish,10,True,2026-09-11T19:55:41.000Z
09/11/2026,12:59 PM,2026-09-11T19:59:49+00:00,Fantasyland,Storybook Land Canal Boats,5,True,2026-09-11T19:55:41.000Z
09/11/2026,12:59 PM,2026-09-11T19:59:49+00:00,Frontierland,Big Thunder Mountain Railroad,15,True,2026-09-11T19:55:41.000Z
09/11/2026,12:59 PM,2026-09-11T19:59:49+00:00,Frontierland,Frontierland Shootin' Exposition,0,True,2026-09-11T19:55:41.000Z
09/11/2026,12:59 PM,2026-09-11T19:59:49+00:00,Frontierland,Mark Twain Riverboat,0,False,2026-09-11T19:55:41.000Z
09/11/2026,12:59 PM,2026-09-11T19:59:49+00:00,Frontierland,Pirate's Lair on Tom Sawyer Island,5,True,2026-09-11T19:55:41.000Z
09/11/2026,12:59 PM,2026-09-11T19:59:49+00:00,Frontierland,Sailing Ship Columbia,0,False,2026-09-11T19:55:41.000Z
09/11/2026,12:59 PM,2026-09-11T19:59:49+00:00,Main Street U.S.A,Disneyland Railroad,10,True,2026-09-11T19:55:41.000Z
09/11/2026,12:59 PM,2026-09-11T19:59:49+00:00,Main Street U.S.A,Great Moments with Mr. Lincoln,0,True,2026-09-11T19:55:41.000Z
09/11/2026,12:59 PM,2026-09-11T19:59:49+00:00,Main Street U.S.A,Main Street Cinema,0,True,2026-09-11T19:55:41.000Z
09/11/2026,12:59 PM,2026-09-11T19:59:49+00:00,Main Street U.S.A,Main Street Vehicles,0,True,2026-09-11T19:55:41.000Z
09/11/2026,12:59 PM,2026-09-11T19:59:49+00:00,Main Street U.S.A,Opera House - Walt Disney - A Magical Life,0,True,2026-09-11T19:55:41.000Z
09/11/2026,12:59 PM,2026-09-11T19:59:49+00:00,Main Street U.S.A,The Disney Gallery,0,True,2026-09-11T19:55:41.000Z
09/11/2026,12:59 PM,2026-09-11T19:59:49+00:00,Main Street U.S.A,Walt Disney - A Magical Life,0,False,2026-09-11T19:55:41.000Z
09/11/2026,12:59 PM,2026-09-11T19:59:49+00:00,Mickey's Toontown,Chip 'n' Dale's GADGETcoaster,5,True,2026-09-11T19:55:41.000Z
09/11/2026,12:59 PM,2026-09-11T19:59:49+00:00,Mickey's Toontown,Donald's Duck Pond,0,True,2026-09-11T19:55:41.000Z
09/11/2026,12:59 PM,2026-09-11T19:59:49+00:00,Mickey's Toontown,Goofy's How-to-Play Yard,0,True,2026-09-11T19:55:41.000Z
09/11/2026,12:59 PM,2026-09-11T19:59:49+00:00,Mickey's Toontown,Mickey & Minnie's Runaway Railway,20,True,2026-09-11T19:55:41.000Z
09/11/2026,12:59 PM,2026-09-11T19:59:49+00:00,Mickey's Toontown,Mickey's House and Meet Mickey Mouse,10,True,2026-09-11T19:55:41.000Z
09/11/2026,12:59 PM,2026-09-11T19:59:49+00:00,Mickey's Toontown,Mickey's House and Meet Mickey Mouse,0,False,2026-09-06T19:50:39.000Z
09/11/2026,12:59 PM,2026-09-11T19:59:49+00:00,Mickey's Toontown,Minnie's House,0,True,2026-09-11T19:55:41.000Z
09/11/2026,12:59 PM,2026-09-11T19:59:49+00:00,Mickey's Toontown,Roger Rabbit's Car Toon Spin,30,True,2026-09-11T19:55:41.000Z
09/11/2026,12:59 PM,2026-09-11T19:59:49+00:00,New Orleans Square,Haunted Mansion Holiday,35,True,2026-09-11T19:55:41.000Z
09/11/2026,12:59 PM,2026-09-11T19:59:49+00:00,New Orleans Square,Pirates of the Caribbean,15,True,2026-09-11T19:55:41.000Z
09/11/2026,12:59 PM,2026-09-11T19:59:49+00:00,Star Wars: Galaxy's Edge,Millennium Falcon: Smugglers Run,10,True,2026-09-11T19:55:41.000Z
09/11/2026,12:59 PM,2026-09-11T19:59:49+00:00,Star Wars: Galaxy's Edge,Millennium Falcon: Smugglers Run Single Rider,0,True,2026-09-11T19:55:41.000Z
09/11/2026,12:59 PM,2026-09-11T19:59:49+00:00,Star Wars: Galaxy's Edge,Star Wars: Rise of the Resistance,45,True,2026-09-11T19:55:41.000Z
09/11/2026,12:59 PM,2026-09-11T19:59:49+00:00,Tomorrowland,Astro Orbitor,5,True,2026-09-11T19:55:41.000Z
09/11/2026,12:59 PM,2026-09-11T19:59:49+00:00,Tomorrowland,Autopia,5,True,2026-09-11T19:55:41.000Z
09/11/2026,12:59 PM,2026-09-11T19:59:49+00:00,Tomorrowland,Buzz Lightyear Astro Blasters,5,True,2026-09-11T19:55:41.000Z
09/11/2026,12:59 PM,2026-09-11T19:59:49+00:00,Tomorrowland,Disneyland Monorail,0,False,2026-09-11T19:55:41.000Z
09/11/2026,12:59 PM,2026-09-11T19:59:49+00:00,Tomorrowland,Finding Nemo Submarine Voyage,10,True,2026-09-11T19:55:41.000Z
09/11/2026,12:59 PM,2026-09-11T19:59:49+00:00,Tomorrowland,Pixar Short Film Spotlight,0,False,2026-09-11T19:55:41.000Z
09/11/2026,12:59 PM,2026-09-11T19:59:49+00:00,Tomorrowland,Space Mountain,30,True,2026-09-11T19:55:41.000Z
09/11/2026,12:59 PM,2026-09-11T19:59:49+00:00,Tomorrowland,Star Tours - The Adventures Continue,5,True,2026-09-11T19:55:41.000Z
09/11/2026,3:30 PM,2026-09-11T22:30:45+00:00,Adventureland,Adventureland Treehouse inspired by Walt Disney’s Swiss Family Robinson,0,True,2026-09-11T22:25:38.000Z
09/11/2026,3:30 PM,2026-09-11T22:30:45+00:00,Adventureland,Indiana Jones™ Adventure,0,False,2026-09-11T22:25:38.000Z
09/11/2026,3:30 PM,2026-09-11T22:30:45+00:00,Adventureland,Jungle Cruise,5,True,2026-09-11T22:25:38.000Z
09/11/2026,3:30 PM,2026-09-11T22:30:45+00:00,Adventureland,Walt Disney's Enchanted Tiki Room,0,True,2026-09-11T22:25:38.000Z
09/11/2026,3:30 PM,2026-09-11T22:30:45+00:00,Bayou Country,Davy Crockett's Explorer Canoes,5,True,2026-09-11T22:25:38.000Z
09/11/2026,3:30 PM,2026-09-11T22:30:45+00:00,Bayou Country,The Many Adventures of Winnie the Pooh,5,True,2026-09-11T22:25:38.000Z
09/11/2026,3:30 PM,2026-09-11T22:30:45+00:00,Bayou Country,Tiana's Bayou Adventure,50,True,2026-09-11T22:25:38.000Z
09/11/2026,3:30 PM,2026-09-11T22:30:45+00:00,Bayou Country,Tiana's Bayou Adventure Single Rider,0,True,2026-09-11T22:25:38.000Z
09/11/2026,3:30 PM,2026-09-11T22:30:45+00:00,Fantasyland,"""it's a small world""",5,True,2026-09-11T22:25:38.000Z
09/11/2026,3:30 PM,2026-09-11T22:30:45+00:00,Fantasyland,Alice in Wonderland,0,False,2026-09-11T22:25:38.000Z
09/11/2026,3:30 PM,2026-09-11T22:30:45+00:00,Fantasyland,Bluey’s Best Day Ever! at Fantasyland Theatre,0,True,2026-09-11T22:25:38.000Z
09/11/2026,3:30 PM,2026-09-11T22:30:45+00:00,Fantasyland,Casey Jr. Circus Train,5,True,2026-09-11T22:25:38.000Z
09/11/2026,3:30 PM,2026-09-11T22:30:45+00:00,Fantasyland,Dumbo the Flying Elephant,5,True,2026-09-11T22:25:38.000Z
09/11/2026,3:30 PM,2026-09-11T22:30:45+00:00,Fantasyland,King Arthur Carrousel,5,True,2026-09-11T22:25:38.000Z
09/11/2026,3:30 PM,2026-09-11T22:30:45+00:00,Fantasyland,Mad Tea Party,5,True,2026-09-11T22:25:38.000Z
09/11/2026,3:30 PM,2026-09-11T22:30:45+00:00,Fantasyland,Matterhorn Bobsleds,15,True,2026-09-11T22:25:38.000Z
09/11/2026,3:30 PM,2026-09-11T22:30:45+00:00,Fantasyland,Meet Disney Princesses at Royal Hall,15,True,2026-09-11T22:25:38.000Z
09/11/2026,3:30 PM,2026-09-11T22:30:45+00:00,Fantasyland,Mr. Toad's Wild Ride,5,True,2026-09-11T22:25:38.000Z
09/11/2026,3:30 PM,2026-09-11T22:30:45+00:00,Fantasyland,Peter Pan's Flight,20,True,2026-09-11T22:25:38.000Z
09/11/2026,3:30 PM,2026-09-11T22:30:45+00:00,Fantasyland,Pinocchio's Daring Journey,5,True,2026-09-11T22:25:38.000Z
09/11/2026,3:30 PM,2026-09-11T22:30:45+00:00,Fantasyland,Sleeping Beauty Castle Walkthrough,0,False,2026-09-11T22:25:38.000Z
09/11/2026,3:30 PM,2026-09-11T22:30:45+00:00,Fantasyland,Snow White's Enchanted Wish,10,True,2026-09-11T22:25:38.000Z
09/11/2026,3:30 PM,2026-09-11T22:30:45+00:00,Fantasyland,Storybook Land Canal Boats,5,True,2026-09-11T22:25:38.000Z
09/11/2026,3:30 PM,2026-09-11T22:30:45+00:00,Frontierland,Big Thunder Mountain Railroad,20,True,2026-09-11T22:25:38.000Z
09/11/2026,3:30 PM,2026-09-11T22:30:45+00:00,Frontierland,Frontierland Shootin' Exposition,0,True,2026-09-11T22:25:38.000Z
09/11/2026,3:30 PM,2026-09-11T22:30:45+00:00,Frontierland,Mark Twain Riverboat,0,False,2026-09-11T22:25:38.000Z
09/11/2026,3:30 PM,2026-09-11T22:30:45+00:00,Frontierland,Pirate's Lair on Tom Sawyer Island,5,True,2026-09-11T22:25:38.000Z
09/11/2026,3:30 PM,2026-09-11T22:30:45+00:00,Frontierland,Sailing Ship Columbia,0,False,2026-09-11T22:25:38.000Z
09/11/2026,3:30 PM,2026-09-11T22:30:45+00:00,Main Street U.S.A,Disneyland Railroad,10,True,2026-09-11T22:25:38.000Z
09/11/2026,3:30 PM,2026-09-11T22:30:45+00:00,Main Street U.S.A,Great Moments with Mr. Lincoln,0,False,2026-09-11T22:25:38.000Z
09/11/2026,3:30 PM,2026-09-11T22:30:45+00:00,Main Street U.S.A,Main Street Cinema,0,True,2026-09-11T22:25:38.000Z
09/11/2026,3:30 PM,2026-09-11T22:30:45+00:00,Main Street U.S.A,Main Street Vehicles,0,False,2026-09-11T22:25:38.000Z
09/11/2026,3:30 PM,2026-09-11T22:30:45+00:00,Main Street U.S.A,Opera House - Walt Disney - A Magical Life,0,True,2026-09-11T22:25:38.000Z
09/11/2026,3:30 PM,2026-09-11T22:30:45+00:00,Main Street U.S.A,The Disney Gallery,0,True,2026-09-11T22:25:38.000Z
09/11/2026,3:30 PM,2026-09-11T22:30:45+00:00,Main Street U.S.A,Walt Disney - A Magical Life,0,True,2026-09-11T22:25:38.000Z
09/11/2026,3:30 PM,2026-09-11T22:30:45+00:00,Mickey's Toontown,Chip 'n' Dale's GADGETcoaster,5,True,2026-09-11T22:25:38.000Z
09/11/2026,3:30 PM,2026-09-11T22:30:45+00:00,Mickey's Toontown,Donald's Duck Pond,0,True,2026-09-11T22:25:38.000Z
09/11/2026,3:30 PM,2026-09-11T22:30:45+00:00,Mickey's Toontown,Goofy's How-to-Play Yard,0,True,2026-09-11T22:25:38.000Z
09/11/2026,3:30 PM,2026-09-11T22:30:45+00:00,Mickey's Toontown,Mickey & Minnie's Runaway Railway,15,True,2026-09-11T22:25:38.000Z
09/11/2026,3:30 PM,2026-09-11T22:30:45+00:00,Mickey's Toontown,Mickey's House and Meet Mickey Mouse,10,True,2026-09-11T22:25:38.000Z
09/11/2026,3:30 PM,2026-09-11T22:30:45+00:00,Mickey's Toontown,Mickey's House and Meet Mickey Mouse,0,False,2026-09-06T19:50:39.000Z
09/11/2026,3:30 PM,2026-09-11T22:30:45+00:00,Mickey's Toontown,Minnie's House,0,True,2026-09-11T22:25:38.000Z
09/11/2026,3:30 PM,2026-09-11T22:30:45+00:00,Mickey's Toontown,Roger Rabbit's Car Toon Spin,35,True,2026-09-11T22:25:38.000Z
09/11/2026,3:30 PM,2026-09-11T22:30:45+00:00,New Orleans Square,Haunted Mansion Holiday,35,True,2026-09-11T22:25:38.000Z
09/11/2026,3:30 PM,2026-09-11T22:30:45+00:00,New Orleans Square,Pirates of the Caribbean,10,True,2026-09-11T22:25:38.000Z
09/11/2026,3:30 PM,2026-09-11T22:30:45+00:00,Star Wars: Galaxy's Edge,Millennium Falcon: Smugglers Run,10,True,2026-09-11T22:25:38.000Z
09/11/2026,3:30 PM,2026-09-11T22:30:45+00:00,Star Wars: Galaxy's Edge,Millennium Falcon: Smugglers Run Single Rider,0,True,2026-09-11T22:25:38.000Z
09/11/2026,3:30 PM,2026-09-11T22:30:45+00:00,Star Wars: Galaxy's Edge,Star Wars: Rise of the Resistance,25,True,2026-09-11T22:25:38.000Z
09/11/2026,3:30 PM,2026-09-11T22:30:45+00:00,Tomorrowland,Astro Orbitor,5,True,2026-09-11T22:25:38.000Z
09/11/2026,3:30 PM,2026-09-11T22:30:45+00:00,Tomorrowland,Autopia,10,True,2026-09-11T22:25:38.000Z
09/11/2026,3:30 PM,2026-09-11T22:30:45+00:00,Tomorrowland,Buzz Lightyear Astro Blasters,5,True,2026-09-11T22:25:38.000Z
09/11/2026,3:30 PM,2026-09-11T22:30:45+00:00,Tomorrowland,Disneyland Monorail,0,False,2026-09-11T22:25:38.000Z
09/11/2026,3:30 PM,2026-09-11T22:30:45+00:00,Tomorrowland,Finding Nemo Submarine Voyage,10,True,2026-09-11T22:25:38.000Z
09/11/2026,3:30 PM,2026-09-11T22:30:45+00:00,Tomorrowland,Pixar Short Film Spotlight,0,False,2026-09-11T22:25:38.000Z
09/11/2026,3:30 PM,2026-09-11T22:30:45+00:00,Tomorrowland,Space Mountain,40,True,2026-09-11T22:25:38.000Z
09/11/2026,3:30 PM,2026-09-11T22:30:45+00:00,Tomorrowland,Star Tours - The Adventures Continue,5,True,2026-09-11T22:25:38.000Z
09/11/2026,5:35 PM,2026-09-12T00:35:09+00:00,Adventureland,Adventureland Treehouse inspired by Walt Disney’s Swiss Family Robinson,0,True,2026-09-12T00:31:05.000Z
09/11/2026,5:35 PM,2026-09-12T00:35:09+00:00,Adventureland,Indiana Jones™ Adventure,0,False,2026-09-12T00:31:05.000Z
09/11/2026,5:35 PM,2026-09-12T00:35:09+00:00,Adventureland,Jungle Cruise,10,True,2026-09-12T00:31:05.000Z
09/11/2026,5:35 PM,2026-09-12T00:35:09+00:00,Adventureland,Walt Disney's Enchanted Tiki Room,0,True,2026-09-12T00:31:05.000Z
09/11/2026,5:35 PM,2026-09-12T00:35:09+00:00,Bayou Country,Davy Crockett's Explorer Canoes,0,False,2026-09-12T00:31:05.000Z
09/11/2026,5:35 PM,2026-09-12T00:35:09+00:00,Bayou Country,The Many Adventures of Winnie the Pooh,5,True,2026-09-12T00:31:05.000Z
09/11/2026,5:35 PM,2026-09-12T00:35:09+00:00,Bayou Country,Tiana's Bayou Adventure,40,True,2026-09-12T00:31:05.000Z
09/11/2026,5:35 PM,2026-09-12T00:35:09+00:00,Bayou Country,Tiana's Bayou Adventure Single Rider,0,True,2026-09-12T00:31:05.000Z
09/11/2026,5:35 PM,2026-09-12T00:35:09+00:00,Fantasyland,"""it's a small world""",5,True,2026-09-12T00:31:05.000Z
09/11/2026,5:35 PM,2026-09-12T00:35:09+00:00,Fantasyland,Alice in Wonderland,20,True,2026-09-12T00:31:05.000Z
09/11/2026,5:35 PM,2026-09-12T00:35:09+00:00,Fantasyland,Bluey’s Best Day Ever! at Fantasyland Theatre,0,True,2026-09-12T00:31:05.000Z
09/11/2026,5:35 PM,2026-09-12T00:35:09+00:00,Fantasyland,Casey Jr. Circus Train,5,True,2026-09-12T00:31:05.000Z
09/11/2026,5:35 PM,2026-09-12T00:35:09+00:00,Fantasyland,Dumbo the Flying Elephant,10,True,2026-09-12T00:31:05.000Z
09/11/2026,5:35 PM,2026-09-12T00:35:09+00:00,Fantasyland,King Arthur Carrousel,5,True,2026-09-12T00:31:05.000Z
09/11/2026,5:35 PM,2026-09-12T00:35:09+00:00,Fantasyland,Mad Tea Party,5,True,2026-09-12T00:31:05.000Z
09/11/2026,5:35 PM,2026-09-12T00:35:09+00:00,Fantasyland,Matterhorn Bobsleds,15,True,2026-09-12T00:31:05.000Z
09/11/2026,5:35 PM,2026-09-12T00:35:09+00:00,Fantasyland,Meet Disney Princesses at Royal Hall,0,False,2026-09-12T00:31:05.000Z
09/11/2026,5:35 PM,2026-09-12T00:35:09+00:00,Fantasyland,Mr. Toad's Wild Ride,10,True,2026-09-12T00:31:05.000Z
09/11/2026,5:35 PM,2026-09-12T00:35:09+00:00,Fantasyland,Peter Pan's Flight,30,True,2026-09-12T00:31:05.000Z
09/11/2026,5:35 PM,2026-09-12T00:35:09+00:00,Fantasyland,Pinocchio's Daring Journey,5,True,2026-09-12T00:31:05.000Z
09/11/2026,5:35 PM,2026-09-12T00:35:09+00:00,Fantasyland,Sleeping Beauty Castle Walkthrough,0,False,2026-09-12T00:31:05.000Z
09/11/2026,5:35 PM,2026-09-12T00:35:09+00:00,Fantasyland,Snow White's Enchanted Wish,10,True,2026-09-12T00:31:05.000Z
09/11/2026,5:35 PM,2026-09-12T00:35:09+00:00,Fantasyland,Storybook Land Canal Boats,15,True,2026-09-12T00:31:05.000Z
09/11/2026,5:35 PM,2026-09-12T00:35:09+00:00,Frontierland,Big Thunder Mountain Railroad,20,True,2026-09-12T00:31:05.000Z
09/11/2026,5:35 PM,2026-09-12T00:35:09+00:00,Frontierland,Frontierland Shootin' Exposition,0,True,2026-09-12T00:31:05.000Z
09/11/2026,5:35 PM,2026-09-12T00:35:09+00:00,Frontierland,Mark Twain Riverboat,0,False,2026-09-12T00:31:05.000Z
09/11/2026,5:35 PM,2026-09-12T00:35:09+00:00,Frontierland,Pirate's Lair on Tom Sawyer Island,0,False,2026-09-12T00:31:05.000Z
09/11/2026,5:35 PM,2026-09-12T00:35:09+00:00,Frontierland,Sailing Ship Columbia,0,False,2026-09-12T00:31:05.000Z
09/11/2026,5:35 PM,2026-09-12T00:35:09+00:00,Main Street U.S.A,Disneyland Railroad,10,True,2026-09-12T00:31:05.000Z
09/11/2026,5:35 PM,2026-09-12T00:35:09+00:00,Main Street U.S.A,Great Moments with Mr. Lincoln,0,False,2026-09-12T00:31:05.000Z
09/11/2026,5:35 PM,2026-09-12T00:35:09+00:00,Main Street U.S.A,Main Street Cinema,0,True,2026-09-12T00:31:05.000Z
09/11/2026,5:35 PM,2026-09-12T00:35:09+00:00,Main Street U.S.A,Main Street Vehicles,0,False,2026-09-12T00:31:05.000Z
09/11/2026,5:35 PM,2026-09-12T00:35:09+00:00,Main Street U.S.A,Opera House - Walt Disney - A Magical Life,0,True,2026-09-12T00:31:05.000Z
09/11/2026,5:35 PM,2026-09-12T00:35:09+00:00,Main Street U.S.A,The Disney Gallery,0,True,2026-09-12T00:31:05.000Z
09/11/2026,5:35 PM,2026-09-12T00:35:09+00:00,Main Street U.S.A,Walt Disney - A Magical Life,0,True,2026-09-12T00:31:05.000Z
09/11/2026,5:35 PM,2026-09-12T00:35:09+00:00,Mickey's Toontown,Chip 'n' Dale's GADGETcoaster,5,True,2026-09-12T00:31:05.000Z
09/11/2026,5:35 PM,2026-09-12T00:35:09+00:00,Mickey's Toontown,Donald's Duck Pond,0,True,2026-09-12T00:31:05.000Z
09/11/2026,5:35 PM,2026-09-12T00:35:09+00:00,Mickey's Toontown,Goofy's How-to-Play Yard,0,True,2026-09-12T00:31:05.000Z
09/11/2026,5:35 PM,2026-09-12T00:35:09+00:00,Mickey's Toontown,Mickey & Minnie's Runaway Railway,20,True,2026-09-12T00:31:05.000Z
09/11/2026,5:35 PM,2026-09-12T00:35:09+00:00,Mickey's Toontown,Mickey's House and Meet Mickey Mouse,30,True,2026-09-12T00:31:05.000Z
09/11/2026,5:35 PM,2026-09-12T00:35:09+00:00,Mickey's Toontown,Mickey's House and Meet Mickey Mouse,0,False,2026-09-06T19:50:39.000Z
09/11/2026,5:35 PM,2026-09-12T00:35:09+00:00,Mickey's Toontown,Minnie's House,0,True,2026-09-12T00:31:05.000Z
09/11/2026,5:35 PM,2026-09-12T00:35:09+00:00,Mickey's Toontown,Roger Rabbit's Car Toon Spin,20,True,2026-09-12T00:31:05.000Z
09/11/2026,5:35 PM,2026-09-12T00:35:09+00:00,New Orleans Square,Haunted Mansion Holiday,35,True,2026-09-12T00:31:05.000Z
09/11/2026,5:35 PM,2026-09-12T00:35:09+00:00,New Orleans Square,Pirates of the Caribbean,10,True,2026-09-12T00:31:05.000Z
09/11/2026,5:35 PM,2026-09-12T00:35:09+00:00,Star Wars: Galaxy's Edge,Millennium Falcon: Smugglers Run,10,True,2026-09-12T00:31:05.000Z
09/11/2026,5:35 PM,2026-09-12T00:35:09+00:00,Star Wars: Galaxy's Edge,Millennium Falcon: Smugglers Run Single Rider,0,True,2026-09-12T00:31:05.000Z
09/11/2026,5:35 PM,2026-09-12T00:35:09+00:00,Star Wars: Galaxy's Edge,Star Wars: Rise of the Resistance,30,True,2026-09-12T00:31:05.000Z
09/11/2026,5:35 PM,2026-09-12T00:35:09+00:00,Tomorrowland,Astro Orbitor,5,True,2026-09-12T00:31:05.000Z
09/11/2026,5:35 PM,2026-09-12T00:35:09+00:00,Tomorrowland,Autopia,10,True,2026-09-12T00:31:05.000Z
09/11/2026,5:35 PM,2026-09-12T00:35:09+00:00,Tomorrowland,Buzz Lightyear Astro Blasters,5,True,2026-09-12T00:31:05.000Z
09/11/2026,5:35 PM,2026-09-12T00:35:09+00:00,Tomorrowland,Disneyland Monorail,0,False,2026-09-12T00:31:05.000Z
09/11/2026,5:35 PM,2026-09-12T00:35:09+00:00,Tomorrowland,Finding Nemo Submarine Voyage,5,True,2026-09-12T00:31:05.000Z
09/11/2026,5:35 PM,2026-09-12T00:35:09+00:00,Tomorrowland,Pixar Short Film Spotlight,0,False,2026-09-12T00:31:05.000Z
09/11/2026,5:35 PM,2026-09-12T00:35:09+00:00,Tomorrowland,Space Mountain,40,True,2026-09-12T00:31:05.000Z
09/11/2026,5:35 PM,2026-09-12T00:35:09+00:00,Tomorrowland,Star Tours - The Adventures Continue,5,True,2026-09-12T00:31:05.000Z
09/11/2026,9:59 PM,2026-09-12T04:59:59+00:00,Adventureland,Adventureland Treehouse inspired by Walt Disney’s Swiss Family Robinson,0,False,2026-09-12T04:55:48.000Z
09/11/2026,9:59 PM,2026-09-12T04:59:59+00:00,Adventureland,Indiana Jones™ Adventure,0,False,2026-09-12T04:55:48.000Z
09/11/2026,9:59 PM,2026-09-12T04:59:59+00:00,Adventureland,Jungle Cruise,15,True,2026-09-12T04:55:48.000Z
09/11/2026,9:59 PM,2026-09-12T04:59:59+00:00,Adventureland,Walt Disney's Enchanted Tiki Room,0,True,2026-09-12T04:55:48.000Z
09/11/2026,9:59 PM,2026-09-12T04:59:59+00:00,Bayou Country,Davy Crockett's Explorer Canoes,0,False,2026-09-12T04:55:48.000Z
09/11/2026,9:59 PM,2026-09-12T04:59:59+00:00,Bayou Country,The Many Adventures of Winnie the Pooh,15,True,2026-09-12T04:55:48.000Z
09/11/2026,9:59 PM,2026-09-12T04:59:59+00:00,Bayou Country,Tiana's Bayou Adventure,25,True,2026-09-12T04:55:48.000Z
09/11/2026,9:59 PM,2026-09-12T04:59:59+00:00,Bayou Country,Tiana's Bayou Adventure Single Rider,0,True,2026-09-12T04:55:48.000Z
09/11/2026,9:59 PM,2026-09-12T04:59:59+00:00,Fantasyland,"""it's a small world""",10,True,2026-09-12T04:55:48.000Z
09/11/2026,9:59 PM,2026-09-12T04:59:59+00:00,Fantasyland,Alice in Wonderland,0,False,2026-09-12T04:55:48.000Z
09/11/2026,9:59 PM,2026-09-12T04:59:59+00:00,Fantasyland,Bluey’s Best Day Ever! at Fantasyland Theatre,0,True,2026-09-12T04:55:48.000Z
09/11/2026,9:59 PM,2026-09-12T04:59:59+00:00,Fantasyland,Casey Jr. Circus Train,10,True,2026-09-12T04:55:48.000Z
09/11/2026,9:59 PM,2026-09-12T04:59:59+00:00,Fantasyland,Dumbo the Flying Elephant,10,True,2026-09-12T04:55:48.000Z
09/11/2026,9:59 PM,2026-09-12T04:59:59+00:00,Fantasyland,King Arthur Carrousel,0,False,2026-09-12T04:55:48.000Z
09/11/2026,9:59 PM,2026-09-12T04:59:59+00:00,Fantasyland,Mad Tea Party,5,True,2026-09-12T04:55:48.000Z
09/11/2026,9:59 PM,2026-09-12T04:59:59+00:00,Fantasyland,Matterhorn Bobsleds,35,True,2026-09-12T04:55:48.000Z
09/11/2026,9:59 PM,2026-09-12T04:59:59+00:00,Fantasyland,Meet Disney Princesses at Royal Hall,0,False,2026-09-12T04:55:48.000Z
09/11/2026,9:59 PM,2026-09-12T04:59:59+00:00,Fantasyland,Mr. Toad's Wild Ride,0,False,2026-09-12T04:55:48.000Z
09/11/2026,9:59 PM,2026-09-12T04:59:59+00:00,Fantasyland,Peter Pan's Flight,0,False,2026-09-12T04:55:48.000Z
09/11/2026,9:59 PM,2026-09-12T04:59:59+00:00,Fantasyland,Pinocchio's Daring Journey,0,False,2026-09-12T04:55:48.000Z
09/11/2026,9:59 PM,2026-09-12T04:59:59+00:00,Fantasyland,Sleeping Beauty Castle Walkthrough,0,False,2026-09-12T04:55:48.000Z
09/11/2026,9:59 PM,2026-09-12T04:59:59+00:00,Fantasyland,Snow White's Enchanted Wish,0,False,2026-09-12T04:55:48.000Z
09/11/2026,9:59 PM,2026-09-12T04:59:59+00:00,Fantasyland,Storybook Land Canal Boats,15,True,2026-09-12T04:55:48.000Z
09/11/2026,9:59 PM,2026-09-12T04:59:59+00:00,Frontierland,Big Thunder Mountain Railroad,45,True,2026-09-12T04:55:48.000Z
09/11/2026,9:59 PM,2026-09-12T04:59:59+00:00,Frontierland,Frontierland Shootin' Exposition,0,True,2026-09-12T04:55:48.000Z
09/11/2026,9:59 PM,2026-09-12T04:59:59+00:00,Frontierland,Mark Twain Riverboat,0,False,2026-09-12T04:55:48.000Z
09/11/2026,9:59 PM,2026-09-12T04:59:59+00:00,Frontierland,Pirate's Lair on Tom Sawyer Island,0,False,2026-09-12T04:55:48.000Z
09/11/2026,9:59 PM,2026-09-12T04:59:59+00:00,Frontierland,Sailing Ship Columbia,0,False,2026-09-12T04:55:48.000Z
09/11/2026,9:59 PM,2026-09-12T04:59:59+00:00,Main Street U.S.A,Disneyland Railroad,5,True,2026-09-12T04:55:48.000Z
09/11/2026,9:59 PM,2026-09-12T04:59:59+00:00,Main Street U.S.A,Great Moments with Mr. Lincoln,0,False,2026-09-12T04:55:48.000Z
09/11/2026,9:59 PM,2026-09-12T04:59:59+00:00,Main Street U.S.A,Main Street Cinema,0,True,2026-09-12T04:55:48.000Z
09/11/2026,9:59 PM,2026-09-12T04:59:59+00:00,Main Street U.S.A,Main Street Vehicles,0,False,2026-09-12T04:55:48.000Z
09/11/2026,9:59 PM,2026-09-12T04:59:59+00:00,Main Street U.S.A,Opera House - Walt Disney - A Magical Life,0,False,2026-09-12T04:55:48.000Z
09/11/2026,9:59 PM,2026-09-12T04:59:59+00:00,Main Street U.S.A,The Disney Gallery,0,False,2026-09-12T04:55:48.000Z
09/11/2026,9:59 PM,2026-09-12T04:59:59+00:00,Main Street U.S.A,Walt Disney - A Magical Life,0,False,2026-09-12T04:55:48.000Z
09/11/2026,9:59 PM,2026-09-12T04:59:59+00:00,Mickey's Toontown,Chip 'n' Dale's GADGETcoaster,0,False,2026-09-12T04:55:48.000Z
09/11/2026,9:59 PM,2026-09-12T04:59:59+00:00,Mickey's Toontown,Donald's Duck Pond,0,False,2026-09-12T04:55:48.000Z
09/11/2026,9:59 PM,2026-09-12T04:59:59+00:00,Mickey's Toontown,Goofy's How-to-Play Yard,0,False,2026-09-12T04:55:48.000Z
09/11/2026,9:59 PM,2026-09-12T04:59:59+00:00,Mickey's Toontown,Mickey & Minnie's Runaway Railway,0,False,2026-09-12T04:55:48.000Z
09/11/2026,9:59 PM,2026-09-12T04:59:59+00:00,Mickey's Toontown,Mickey's House and Meet Mickey Mouse,0,False,2026-09-12T04:55:48.000Z
09/11/2026,9:59 PM,2026-09-12T04:59:59+00:00,Mickey's Toontown,Mickey's House and Meet Mickey Mouse,0,False,2026-09-06T19:50:39.000Z
09/11/2026,9:59 PM,2026-09-12T04:59:59+00:00,Mickey's Toontown,Minnie's House,0,False,2026-09-12T04:55:48.000Z
09/11/2026,9:59 PM,2026-09-12T04:59:59+00:00,Mickey's Toontown,Roger Rabbit's Car Toon Spin,0,False,2026-09-12T04:55:48.000Z
09/11/2026,9:59 PM,2026-09-12T04:59:59+00:00,New Orleans Square,Haunted Mansion Holiday,50,True,2026-09-12T04:55:48.000Z
09/11/2026,9:59 PM,2026-09-12T04:59:59+00:00,New Orleans Square,Pirates of the Caribbean,30,True,2026-09-12T04:55:48.000Z
09/11/2026,9:59 PM,2026-09-12T04:59:59+00:00,Star Wars: Galaxy's Edge,Millennium Falcon: Smugglers Run,25,True,2026-09-12T04:55:48.000Z
09/11/2026,9:59 PM,2026-09-12T04:59:59+00:00,Star Wars: Galaxy's Edge,Millennium Falcon: Smugglers Run Single Rider,0,True,2026-09-12T04:55:48.000Z
09/11/2026,9:59 PM,2026-09-12T04:59:59+00:00,Star Wars: Galaxy's Edge,Star Wars: Rise of the Resistance,40,True,2026-09-12T04:55:48.000Z
09/11/2026,9:59 PM,2026-09-12T04:59:59+00:00,Tomorrowland,Astro Orbitor,15,True,2026-09-12T04:55:48.000Z
09/11/2026,9:59 PM,2026-09-12T04:59:59+00:00,Tomorrowland,Autopia,10,True,2026-09-12T04:55:48.000Z
09/11/2026,9:59 PM,2026-09-12T04:59:59+00:00,Tomorrowland,Buzz Lightyear Astro Blasters,25,True,2026-09-12T04:55:48.000Z
09/11/2026,9:59 PM,2026-09-12T04:59:59+00:00,Tomorrowland,Disneyland Monorail,5,True,2026-09-12T04:55:48.000Z
09/11/2026,9:59 PM,2026-09-12T04:59:59+00:00,Tomorrowland,Finding Nemo Submarine Voyage,5,True,2026-09-12T04:55:48.000Z
09/11/2026,9:59 PM,2026-09-12T04:59:59+00:00,Tomorrowland,Pixar Short Film Spotlight,0,False,2026-09-12T04:55:48.000Z
09/11/2026,9:59 PM,2026-09-12T04:59:59+00:00,Tomorrowland,Space Mountain,50,True,2026-09-12T04:55:48.000Z
09/11/2026,9:59 PM,2026-09-12T04:59:59+00:00,Tomorrowland,Star Tours - The Adventures Continue,30,True,2026-09-12T04:55:48.000Z
09/12/2026,9:16 AM,2026-09-12T16:16:43+00:00,Adventureland,Adventureland Treehouse inspired by Walt Disney’s Swiss Family Robinson,0,True,2026-09-12T16:15:33.000Z
09/12/2026,9:16 AM,2026-09-12T16:16:43+00:00,Adventureland,Indiana Jones™ Adventure,0,False,2026-09-12T16:15:33.000Z
09/12/2026,9:16 AM,2026-09-12T16:16:43+00:00,Adventureland,Jungle Cruise,10,True,2026-09-12T16:15:33.000Z
09/12/2026,9:16 AM,2026-09-12T16:16:43+00:00,Adventureland,Walt Disney's Enchanted Tiki Room,0,True,2026-09-12T16:15:33.000Z
09/12/2026,9:16 AM,2026-09-12T16:16:43+00:00,Bayou Country,Davy Crockett's Explorer Canoes,0,False,2026-09-12T16:15:33.000Z
09/12/2026,9:16 AM,2026-09-12T16:16:43+00:00,Bayou Country,The Many Adventures of Winnie the Pooh,5,True,2026-09-12T16:15:33.000Z
09/12/2026,9:16 AM,2026-09-12T16:16:43+00:00,Bayou Country,Tiana's Bayou Adventure,5,True,2026-09-12T16:15:33.000Z
09/12/2026,9:16 AM,2026-09-12T16:16:43+00:00,Bayou Country,Tiana's Bayou Adventure Single Rider,0,True,2026-09-12T16:15:33.000Z
09/12/2026,9:16 AM,2026-09-12T16:16:43+00:00,Fantasyland,"""it's a small world""",5,True,2026-09-12T16:15:33.000Z
09/12/2026,9:16 AM,2026-09-12T16:16:43+00:00,Fantasyland,Alice in Wonderland,10,True,2026-09-12T16:15:33.000Z
09/12/2026,9:16 AM,2026-09-12T16:16:43+00:00,Fantasyland,Bluey’s Best Day Ever! at Fantasyland Theatre,0,True,2026-09-12T16:15:33.000Z
09/12/2026,9:16 AM,2026-09-12T16:16:43+00:00,Fantasyland,Casey Jr. Circus Train,5,True,2026-09-12T16:15:33.000Z
09/12/2026,9:16 AM,2026-09-12T16:16:43+00:00,Fantasyland,Dumbo the Flying Elephant,5,True,2026-09-12T16:15:33.000Z
09/12/2026,9:16 AM,2026-09-12T16:16:43+00:00,Fantasyland,King Arthur Carrousel,5,True,2026-09-12T16:15:33.000Z
09/12/2026,9:16 AM,2026-09-12T16:16:43+00:00,Fantasyland,Mad Tea Party,5,True,2026-09-12T16:15:33.000Z
09/12/2026,9:16 AM,2026-09-12T16:16:43+00:00,Fantasyland,Matterhorn Bobsleds,0,False,2026-09-12T16:15:33.000Z
09/12/2026,9:16 AM,2026-09-12T16:16:43+00:00,Fantasyland,Meet Disney Princesses at Royal Hall,0,False,2026-09-12T16:15:33.000Z
09/12/2026,9:16 AM,2026-09-12T16:16:43+00:00,Fantasyland,Mr. Toad's Wild Ride,5,True,2026-09-12T16:15:33.000Z
09/12/2026,9:16 AM,2026-09-12T16:16:43+00:00,Fantasyland,Peter Pan's Flight,25,True,2026-09-12T16:15:33.000Z
09/12/2026,9:16 AM,2026-09-12T16:16:43+00:00,Fantasyland,Pinocchio's Daring Journey,5,True,2026-09-12T16:15:33.000Z
09/12/2026,9:16 AM,2026-09-12T16:16:43+00:00,Fantasyland,Sleeping Beauty Castle Walkthrough,0,False,2026-09-12T16:15:33.000Z
09/12/2026,9:16 AM,2026-09-12T16:16:43+00:00,Fantasyland,Snow White's Enchanted Wish,5,True,2026-09-12T16:15:33.000Z
09/12/2026,9:16 AM,2026-09-12T16:16:43+00:00,Fantasyland,Storybook Land Canal Boats,5,True,2026-09-12T16:15:33.000Z
09/12/2026,9:16 AM,2026-09-12T16:16:43+00:00,Frontierland,Big Thunder Mountain Railroad,5,True,2026-09-12T16:15:33.000Z
09/12/2026,9:16 AM,2026-09-12T16:16:43+00:00,Frontierland,Frontierland Shootin' Exposition,0,True,2026-09-12T16:15:33.000Z
09/12/2026,9:16 AM,2026-09-12T16:16:43+00:00,Frontierland,Mark Twain Riverboat,10,True,2026-09-12T16:15:33.000Z
09/12/2026,9:16 AM,2026-09-12T16:16:43+00:00,Frontierland,Pirate's Lair on Tom Sawyer Island,10,True,2026-09-12T16:15:33.000Z
09/12/2026,9:16 AM,2026-09-12T16:16:43+00:00,Frontierland,Sailing Ship Columbia,0,False,2026-09-12T16:15:33.000Z
09/12/2026,9:16 AM,2026-09-12T16:16:43+00:00,Main Street U.S.A,Disneyland Railroad,5,True,2026-09-12T16:15:33.000Z
09/12/2026,9:16 AM,2026-09-12T16:16:43+00:00,Main Street U.S.A,Great Moments with Mr. Lincoln,0,True,2026-09-12T16:15:33.000Z
09/12/2026,9:16 AM,2026-09-12T16:16:43+00:00,Main Street U.S.A,Main Street Cinema,0,True,2026-09-12T16:15:33.000Z
09/12/2026,9:16 AM,2026-09-12T16:16:43+00:00,Main Street U.S.A,Main Street Vehicles,0,True,2026-09-12T16:15:33.000Z
09/12/2026,9:16 AM,2026-09-12T16:16:43+00:00,Main Street U.S.A,Opera House - Walt Disney - A Magical Life,0,True,2026-09-12T16:15:33.000Z
09/12/2026,9:16 AM,2026-09-12T16:16:43+00:00,Main Street U.S.A,The Disney Gallery,0,True,2026-09-12T16:15:33.000Z
09/12/2026,9:16 AM,2026-09-12T16:16:43+00:00,Main Street U.S.A,Walt Disney - A Magical Life,0,False,2026-09-12T16:15:33.000Z
09/12/2026,9:16 AM,2026-09-12T16:16:43+00:00,Mickey's Toontown,Chip 'n' Dale's GADGETcoaster,5,True,2026-09-12T16:15:33.000Z
09/12/2026,9:16 AM,2026-09-12T16:16:43+00:00,Mickey's Toontown,Donald's Duck Pond,0,True,2026-09-12T16:15:33.000Z
09/12/2026,9:16 AM,2026-09-12T16:16:43+00:00,Mickey's Toontown,Goofy's How-to-Play Yard,0,True,2026-09-12T16:15:33.000Z
09/12/2026,9:16 AM,2026-09-12T16:16:43+00:00,Mickey's Toontown,Mickey & Minnie's Runaway Railway,5,True,2026-09-12T16:15:33.000Z
09/12/2026,9:16 AM,2026-09-12T16:16:43+00:00,Mickey's Toontown,Mickey's House and Meet Mickey Mouse,10,True,2026-09-12T16:15:33.000Z
09/12/2026,9:16 AM,2026-09-12T16:16:43+00:00,Mickey's Toontown,Mickey's House and Meet Mickey Mouse,0,False,2026-09-06T19:50:39.000Z
09/12/2026,9:16 AM,2026-09-12T16:16:43+00:00,Mickey's Toontown,Minnie's House,0,True,2026-09-12T16:15:33.000Z
09/12/2026,9:16 AM,2026-09-12T16:16:43+00:00,Mickey's Toontown,Roger Rabbit's Car Toon Spin,5,True,2026-09-12T16:15:33.000Z
09/12/2026,9:16 AM,2026-09-12T16:16:43+00:00,New Orleans Square,Haunted Mansion Holiday,13,True,2026-09-12T16:15:33.000Z
09/12/2026,9:16 AM,2026-09-12T16:16:43+00:00,New Orleans Square,Pirates of the Caribbean,0,False,2026-09-12T16:15:33.000Z
09/12/2026,9:16 AM,2026-09-12T16:16:43+00:00,Star Wars: Galaxy's Edge,Millennium Falcon: Smugglers Run,10,True,2026-09-12T16:15:33.000Z
09/12/2026,9:16 AM,2026-09-12T16:16:43+00:00,Star Wars: Galaxy's Edge,Millennium Falcon: Smugglers Run Single Rider,0,True,2026-09-12T16:15:33.000Z
09/12/2026,9:16 AM,2026-09-12T16:16:43+00:00,Star Wars: Galaxy's Edge,Star Wars: Rise of the Resistance,35,True,2026-09-12T16:15:33.000Z
09/12/2026,9:16 AM,2026-09-12T16:16:43+00:00,Tomorrowland,Astro Orbitor,15,True,2026-09-12T16:15:33.000Z
09/12/2026,9:16 AM,2026-09-12T16:16:43+00:00,Tomorrowland,Autopia,5,True,2026-09-12T16:15:33.000Z
09/12/2026,9:16 AM,2026-09-12T16:16:43+00:00,Tomorrowland,Buzz Lightyear Astro Blasters,5,True,2026-09-12T16:15:33.000Z
09/12/2026,9:16 AM,2026-09-12T16:16:43+00:00,Tomorrowland,Disneyland Monorail,5,True,2026-09-12T16:15:33.000Z
09/12/2026,9:16 AM,2026-09-12T16:16:43+00:00,Tomorrowland,Finding Nemo Submarine Voyage,5,True,2026-09-12T16:15:33.000Z
09/12/2026,9:16 AM,2026-09-12T16:16:43+00:00,Tomorrowland,Pixar Short Film Spotlight,0,False,2026-09-12T16:15:33.000Z
09/12/2026,9:16 AM,2026-09-12T16:16:43+00:00,Tomorrowland,Space Mountain,10,True,2026-09-12T16:15:33.000Z
09/12/2026,9:16 AM,2026-09-12T16:16:43+00:00,Tomorrowland,Star Tours - The Adventures Continue,5,True,2026-09-12T16:15:33.000Z
09/12/2026,11:42 AM,2026-09-12T18:42:30+00:00,Adventureland,Adventureland Treehouse inspired by Walt Disney’s Swiss Family Robinson,0,True,2026-09-12T18:40:41.000Z
09/12/2026,11:42 AM,2026-09-12T18:42:30+00:00,Adventureland,Indiana Jones™ Adventure,0,False,2026-09-12T18:40:41.000Z
09/12/2026,11:42 AM,2026-09-12T18:42:30+00:00,Adventureland,Jungle Cruise,5,True,2026-09-12T18:40:41.000Z
09/12/2026,11:42 AM,2026-09-12T18:42:30+00:00,Adventureland,Walt Disney's Enchanted Tiki Room,0,True,2026-09-12T18:40:41.000Z
09/12/2026,11:42 AM,2026-09-12T18:42:30+00:00,Bayou Country,Davy Crockett's Explorer Canoes,5,True,2026-09-12T18:40:41.000Z
09/12/2026,11:42 AM,2026-09-12T18:42:30+00:00,Bayou Country,The Many Adventures of Winnie the Pooh,5,True,2026-09-12T18:40:41.000Z
09/12/2026,11:42 AM,2026-09-12T18:42:30+00:00,Bayou Country,Tiana's Bayou Adventure,15,True,2026-09-12T18:40:41.000Z
09/12/2026,11:42 AM,2026-09-12T18:42:30+00:00,Bayou Country,Tiana's Bayou Adventure Single Rider,0,True,2026-09-12T18:40:41.000Z
09/12/2026,11:42 AM,2026-09-12T18:42:30+00:00,Fantasyland,"""it's a small world""",5,True,2026-09-12T18:40:41.000Z
09/12/2026,11:42 AM,2026-09-12T18:42:30+00:00,Fantasyland,Alice in Wonderland,15,True,2026-09-12T18:40:41.000Z
09/12/2026,11:42 AM,2026-09-12T18:42:30+00:00,Fantasyland,Bluey’s Best Day Ever! at Fantasyland Theatre,0,True,2026-09-12T18:40:41.000Z
09/12/2026,11:42 AM,2026-09-12T18:42:30+00:00,Fantasyland,Casey Jr. Circus Train,10,True,2026-09-12T18:40:41.000Z
09/12/2026,11:42 AM,2026-09-12T18:42:30+00:00,Fantasyland,Dumbo the Flying Elephant,15,True,2026-09-12T18:40:41.000Z
09/12/2026,11:42 AM,2026-09-12T18:42:30+00:00,Fantasyland,King Arthur Carrousel,5,True,2026-09-12T18:40:41.000Z
09/12/2026,11:42 AM,2026-09-12T18:42:30+00:00,Fantasyland,Mad Tea Party,5,True,2026-09-12T18:40:41.000Z
09/12/2026,11:42 AM,2026-09-12T18:42:30+00:00,Fantasyland,Matterhorn Bobsleds,30,True,2026-09-12T18:40:41.000Z
09/12/2026,11:42 AM,2026-09-12T18:42:30+00:00,Fantasyland,Meet Disney Princesses at Royal Hall,15,True,2026-09-12T18:40:41.000Z
09/12/2026,11:42 AM,2026-09-12T18:42:30+00:00,Fantasyland,Mr. Toad's Wild Ride,10,True,2026-09-12T18:40:41.000Z
09/12/2026,11:42 AM,2026-09-12T18:42:30+00:00,Fantasyland,Peter Pan's Flight,25,True,2026-09-12T18:40:41.000Z
09/12/2026,11:42 AM,2026-09-12T18:42:30+00:00,Fantasyland,Pinocchio's Daring Journey,5,True,2026-09-12T18:40:41.000Z
09/12/2026,11:42 AM,2026-09-12T18:42:30+00:00,Fantasyland,Sleeping Beauty Castle Walkthrough,0,False,2026-09-12T18:40:41.000Z
09/12/2026,11:42 AM,2026-09-12T18:42:30+00:00,Fantasyland,Snow White's Enchanted Wish,5,True,2026-09-12T18:40:41.000Z
09/12/2026,11:42 AM,2026-09-12T18:42:30+00:00,Fantasyland,Storybook Land Canal Boats,5,True,2026-09-12T18:40:41.000Z
09/12/2026,11:42 AM,2026-09-12T18:42:30+00:00,Frontierland,Big Thunder Mountain Railroad,5,True,2026-09-12T18:40:41.000Z
09/12/2026,11:42 AM,2026-09-12T18:42:30+00:00,Frontierland,Frontierland Shootin' Exposition,0,True,2026-09-12T18:40:41.000Z
09/12/2026,11:42 AM,2026-09-12T18:42:30+00:00,Frontierland,Mark Twain Riverboat,10,True,2026-09-12T18:40:41.000Z
09/12/2026,11:42 AM,2026-09-12T18:42:30+00:00,Frontierland,Pirate's Lair on Tom Sawyer Island,10,True,2026-09-12T18:40:41.000Z
09/12/2026,11:42 AM,2026-09-12T18:42:30+00:00,Frontierland,Sailing Ship Columbia,0,True,2026-09-12T18:40:41.000Z
09/12/2026,11:42 AM,2026-09-12T18:42:30+00:00,Main Street U.S.A,Disneyland Railroad,5,True,2026-09-12T18:40:41.000Z
09/12/2026,11:42 AM,2026-09-12T18:42:30+00:00,Main Street U.S.A,Great Moments with Mr. Lincoln,0,True,2026-09-12T18:40:41.000Z
09/12/2026,11:42 AM,2026-09-12T18:42:30+00:00,Main Street U.S.A,Main Street Cinema,0,True,2026-09-12T18:40:41.000Z
09/12/2026,11:42 AM,2026-09-12T18:42:30+00:00,Main Street U.S.A,Main Street Vehicles,0,True,2026-09-12T18:40:41.000Z
09/12/2026,11:42 AM,2026-09-12T18:42:30+00:00,Main Street U.S.A,Opera House - Walt Disney - A Magical Life,0,True,2026-09-12T18:40:41.000Z
09/12/2026,11:42 AM,2026-09-12T18:42:30+00:00,Main Street U.S.A,The Disney Gallery,0,True,2026-09-12T18:40:41.000Z
09/12/2026,11:42 AM,2026-09-12T18:42:30+00:00,Main Street U.S.A,Walt Disney - A Magical Life,0,False,2026-09-12T18:40:41.000Z
09/12/2026,11:42 AM,2026-09-12T18:42:30+00:00,Mickey's Toontown,Chip 'n' Dale's GADGETcoaster,5,True,2026-09-12T18:40:41.000Z
09/12/2026,11:42 AM,2026-09-12T18:42:30+00:00,Mickey's Toontown,Donald's Duck Pond,0,True,2026-09-12T18:40:41.000Z
09/12/2026,11:42 AM,2026-09-12T18:42:30+00:00,Mickey's Toontown,Goofy's How-to-Play Yard,0,True,2026-09-12T18:40:41.000Z
09/12/2026,11:42 AM,2026-09-12T18:42:30+00:00,Mickey's Toontown,Mickey & Minnie's Runaway Railway,15,True,2026-09-12T18:40:41.000Z
09/12/2026,11:42 AM,2026-09-12T18:42:30+00:00,Mickey's Toontown,Mickey's House and Meet Mickey Mouse,15,True,2026-09-12T18:40:41.000Z
09/12/2026,11:42 AM,2026-09-12T18:42:30+00:00,Mickey's Toontown,Mickey's House and Meet Mickey Mouse,0,False,2026-09-06T19:50:39.000Z
09/12/2026,11:42 AM,2026-09-12T18:42:30+00:00,Mickey's Toontown,Minnie's House,0,True,2026-09-12T18:40:41.000Z
09/12/2026,11:42 AM,2026-09-12T18:42:30+00:00,Mickey's Toontown,Roger Rabbit's Car Toon Spin,30,True,2026-09-12T18:40:41.000Z
09/12/2026,11:42 AM,2026-09-12T18:42:30+00:00,New Orleans Square,Haunted Mansion Holiday,45,True,2026-09-12T18:40:41.000Z
09/12/2026,11:42 AM,2026-09-12T18:42:30+00:00,New Orleans Square,Pirates of the Caribbean,20,True,2026-09-12T18:40:41.000Z
09/12/2026,11:42 AM,2026-09-12T18:42:30+00:00,Star Wars: Galaxy's Edge,Millennium Falcon: Smugglers Run,10,True,2026-09-12T18:40:41.000Z
09/12/2026,11:42 AM,2026-09-12T18:42:30+00:00,Star Wars: Galaxy's Edge,Millennium Falcon: Smugglers Run Single Rider,0,True,2026-09-12T18:40:41.000Z
09/12/2026,11:42 AM,2026-09-12T18:42:30+00:00,Star Wars: Galaxy's Edge,Star Wars: Rise of the Resistance,25,True,2026-09-12T18:40:41.000Z
09/12/2026,11:42 AM,2026-09-12T18:42:30+00:00,Tomorrowland,Astro Orbitor,10,True,2026-09-12T18:40:41.000Z
09/12/2026,11:42 AM,2026-09-12T18:42:30+00:00,Tomorrowland,Autopia,15,True,2026-09-12T18:40:41.000Z
09/12/2026,11:42 AM,2026-09-12T18:42:30+00:00,Tomorrowland,Buzz Lightyear Astro Blasters,5,True,2026-09-12T18:40:41.000Z
09/12/2026,11:42 AM,2026-09-12T18:42:30+00:00,Tomorrowland,Disneyland Monorail,5,True,2026-09-12T18:40:41.000Z
09/12/2026,11:42 AM,2026-09-12T18:42:30+00:00,Tomorrowland,Finding Nemo Submarine Voyage,20,True,2026-09-12T18:40:41.000Z
09/12/2026,11:42 AM,2026-09-12T18:42:30+00:00,Tomorrowland,Pixar Short Film Spotlight,0,False,2026-09-12T18:40:41.000Z
09/12/2026,11:42 AM,2026-09-12T18:42:30+00:00,Tomorrowland,Space Mountain,30,True,2026-09-12T18:40:41.000Z
09/12/2026,11:42 AM,2026-09-12T18:42:30+00:00,Tomorrowland,Star Tours - The Adventures Continue,10,True,2026-09-12T18:40:41.000Z
09/12/2026,2:24 PM,2026-09-12T21:24:31+00:00,Adventureland,Adventureland Treehouse inspired by Walt Disney’s Swiss Family Robinson,0,True,2026-09-12T21:20:37.000Z
09/12/2026,2:24 PM,2026-09-12T21:24:31+00:00,Adventureland,Indiana Jones™ Adventure,0,False,2026-09-12T21:20:37.000Z
09/12/2026,2:24 PM,2026-09-12T21:24:31+00:00,Adventureland,Jungle Cruise,10,True,2026-09-12T21:20:37.000Z
09/12/2026,2:24 PM,2026-09-12T21:24:31+00:00,Adventureland,Walt Disney's Enchanted Tiki Room,0,True,2026-09-12T21:20:37.000Z
09/12/2026,2:24 PM,2026-09-12T21:24:31+00:00,Bayou Country,Davy Crockett's Explorer Canoes,5,True,2026-09-12T21:20:37.000Z
09/12/2026,2:24 PM,2026-09-12T21:24:31+00:00,Bayou Country,The Many Adventures of Winnie the Pooh,5,True,2026-09-12T21:20:37.000Z
09/12/2026,2:24 PM,2026-09-12T21:24:31+00:00,Bayou Country,Tiana's Bayou Adventure,45,True,2026-09-12T21:20:37.000Z
09/12/2026,2:24 PM,2026-09-12T21:24:31+00:00,Bayou Country,Tiana's Bayou Adventure Single Rider,0,True,2026-09-12T21:20:37.000Z
09/12/2026,2:24 PM,2026-09-12T21:24:31+00:00,Fantasyland,"""it's a small world""",5,True,2026-09-12T21:20:37.000Z
09/12/2026,2:24 PM,2026-09-12T21:24:31+00:00,Fantasyland,Alice in Wonderland,15,True,2026-09-12T21:20:37.000Z
09/12/2026,2:24 PM,2026-09-12T21:24:31+00:00,Fantasyland,Bluey’s Best Day Ever! at Fantasyland Theatre,0,True,2026-09-12T21:20:37.000Z
09/12/2026,2:24 PM,2026-09-12T21:24:31+00:00,Fantasyland,Casey Jr. Circus Train,5,True,2026-09-12T21:20:37.000Z
09/12/2026,2:24 PM,2026-09-12T21:24:31+00:00,Fantasyland,Dumbo the Flying Elephant,5,True,2026-09-12T21:20:37.000Z
09/12/2026,2:24 PM,2026-09-12T21:24:31+00:00,Fantasyland,King Arthur Carrousel,5,True,2026-09-12T21:20:37.000Z
09/12/2026,2:24 PM,2026-09-12T21:24:31+00:00,Fantasyland,Mad Tea Party,5,True,2026-09-12T21:20:37.000Z
09/12/2026,2:24 PM,2026-09-12T21:24:31+00:00,Fantasyland,Matterhorn Bobsleds,20,True,2026-09-12T21:20:37.000Z
09/12/2026,2:24 PM,2026-09-12T21:24:31+00:00,Fantasyland,Meet Disney Princesses at Royal Hall,10,True,2026-09-12T21:20:37.000Z
09/12/2026,2:24 PM,2026-09-12T21:24:31+00:00,Fantasyland,Mr. Toad's Wild Ride,5,True,2026-09-12T21:20:37.000Z
09/12/2026,2:24 PM,2026-09-12T21:24:31+00:00,Fantasyland,Peter Pan's Flight,15,True,2026-09-12T21:20:37.000Z
09/12/2026,2:24 PM,2026-09-12T21:24:31+00:00,Fantasyland,Pinocchio's Daring Journey,5,True,2026-09-12T21:20:37.000Z
09/12/2026,2:24 PM,2026-09-12T21:24:31+00:00,Fantasyland,Sleeping Beauty Castle Walkthrough,0,False,2026-09-12T21:20:37.000Z
09/12/2026,2:24 PM,2026-09-12T21:24:31+00:00,Fantasyland,Snow White's Enchanted Wish,5,True,2026-09-12T21:20:37.000Z
09/12/2026,2:24 PM,2026-09-12T21:24:31+00:00,Fantasyland,Storybook Land Canal Boats,5,True,2026-09-12T21:20:37.000Z
09/12/2026,2:24 PM,2026-09-12T21:24:31+00:00,Frontierland,Big Thunder Mountain Railroad,10,True,2026-09-12T21:20:37.000Z
09/12/2026,2:24 PM,2026-09-12T21:24:31+00:00,Frontierland,Frontierland Shootin' Exposition,0,True,2026-09-12T21:20:37.000Z
09/12/2026,2:24 PM,2026-09-12T21:24:31+00:00,Frontierland,Mark Twain Riverboat,10,True,2026-09-12T21:20:37.000Z
09/12/2026,2:24 PM,2026-09-12T21:24:31+00:00,Frontierland,Pirate's Lair on Tom Sawyer Island,10,True,2026-09-12T21:20:37.000Z
09/12/2026,2:24 PM,2026-09-12T21:24:31+00:00,Frontierland,Sailing Ship Columbia,10,True,2026-09-12T21:20:37.000Z
09/12/2026,2:24 PM,2026-09-12T21:24:31+00:00,Main Street U.S.A,Disneyland Railroad,5,True,2026-09-12T21:20:37.000Z
09/12/2026,2:24 PM,2026-09-12T21:24:31+00:00,Main Street U.S.A,Great Moments with Mr. Lincoln,0,False,2026-09-12T21:20:37.000Z
09/12/2026,2:24 PM,2026-09-12T21:24:31+00:00,Main Street U.S.A,Main Street Cinema,0,True,2026-09-12T21:20:37.000Z
09/12/2026,2:24 PM,2026-09-12T21:24:31+00:00,Main Street U.S.A,Main Street Vehicles,0,True,2026-09-12T21:20:37.000Z
09/12/2026,2:24 PM,2026-09-12T21:24:31+00:00,Main Street U.S.A,Opera House - Walt Disney - A Magical Life,0,True,2026-09-12T21:20:37.000Z
09/12/2026,2:24 PM,2026-09-12T21:24:31+00:00,Main Street U.S.A,The Disney Gallery,0,True,2026-09-12T21:20:37.000Z
09/12/2026,2:24 PM,2026-09-12T21:24:31+00:00,Main Street U.S.A,Walt Disney - A Magical Life,0,True,2026-09-12T21:20:37.000Z
09/12/2026,2:24 PM,2026-09-12T21:24:31+00:00,Mickey's Toontown,Chip 'n' Dale's GADGETcoaster,5,True,2026-09-12T21:20:37.000Z
09/12/2026,2:24 PM,2026-09-12T21:24:31+00:00,Mickey's Toontown,Donald's Duck Pond,0,True,2026-09-12T21:20:37.000Z
09/12/2026,2:24 PM,2026-09-12T21:24:31+00:00,Mickey's Toontown,Goofy's How-to-Play Yard,0,True,2026-09-12T21:20:37.000Z
09/12/2026,2:24 PM,2026-09-12T21:24:31+00:00,Mickey's Toontown,Mickey & Minnie's Runaway Railway,25,True,2026-09-12T21:20:37.000Z
09/12/2026,2:24 PM,2026-09-12T21:24:31+00:00,Mickey's Toontown,Mickey's House and Meet Mickey Mouse,10,True,2026-09-12T21:20:37.000Z
09/12/2026,2:24 PM,2026-09-12T21:24:31+00:00,Mickey's Toontown,Mickey's House and Meet Mickey Mouse,0,False,2026-09-06T19:50:39.000Z
09/12/2026,2:24 PM,2026-09-12T21:24:31+00:00,Mickey's Toontown,Minnie's House,0,True,2026-09-12T21:20:37.000Z
09/12/2026,2:24 PM,2026-09-12T21:24:31+00:00,Mickey's Toontown,Roger Rabbit's Car Toon Spin,0,False,2026-09-12T21:20:37.000Z
09/12/2026,2:24 PM,2026-09-12T21:24:31+00:00,New Orleans Square,Haunted Mansion Holiday,45,True,2026-09-12T21:20:37.000Z
09/12/2026,2:24 PM,2026-09-12T21:24:31+00:00,New Orleans Square,Pirates of the Caribbean,20,True,2026-09-12T21:20:37.000Z
09/12/2026,2:24 PM,2026-09-12T21:24:31+00:00,Star Wars: Galaxy's Edge,Millennium Falcon: Smugglers Run,5,True,2026-09-12T21:20:37.000Z
09/12/2026,2:24 PM,2026-09-12T21:24:31+00:00,Star Wars: Galaxy's Edge,Millennium Falcon: Smugglers Run Single Rider,0,True,2026-09-12T21:20:37.000Z
09/12/2026,2:24 PM,2026-09-12T21:24:31+00:00,Star Wars: Galaxy's Edge,Star Wars: Rise of the Resistance,30,True,2026-09-12T21:20:37.000Z
09/12/2026,2:24 PM,2026-09-12T21:24:31+00:00,Tomorrowland,Astro Orbitor,10,True,2026-09-12T21:20:37.000Z
09/12/2026,2:24 PM,2026-09-12T21:24:31+00:00,Tomorrowland,Autopia,20,True,2026-09-12T21:20:37.000Z
09/12/2026,2:24 PM,2026-09-12T21:24:31+00:00,Tomorrowland,Buzz Lightyear Astro Blasters,5,True,2026-09-12T21:20:37.000Z
09/12/2026,2:24 PM,2026-09-12T21:24:31+00:00,Tomorrowland,Disneyland Monorail,5,True,2026-09-12T21:20:37.000Z
09/12/2026,2:24 PM,2026-09-12T21:24:31+00:00,Tomorrowland,Finding Nemo Submarine Voyage,5,True,2026-09-12T21:20:37.000Z
09/12/2026,2:24 PM,2026-09-12T21:24:31+00:00,Tomorrowland,Pixar Short Film Spotlight,0,False,2026-09-12T21:20:37.000Z
09/12/2026,2:24 PM,2026-09-12T21:24:31+00:00,Tomorrowland,Space Mountain,40,True,2026-09-12T21:20:37.000Z
09/12/2026,2:24 PM,2026-09-12T21:24:31+00:00,Tomorrowland,Star Tours - The Adventures Continue,15,True,2026-09-12T21:20:37.000Z
09/12/2026,4:16 PM,2026-09-12T23:16:44+00:00,Adventureland,Adventureland Treehouse inspired by Walt Disney’s Swiss Family Robinson,0,True,2026-09-12T23:15:38.000Z
09/12/2026,4:16 PM,2026-09-12T23:16:44+00:00,Adventureland,Indiana Jones™ Adventure,0,False,2026-09-12T23:15:38.000Z
09/12/2026,4:16 PM,2026-09-12T23:16:44+00:00,Adventureland,Jungle Cruise,5,True,2026-09-12T23:15:38.000Z
09/12/2026,4:16 PM,2026-09-12T23:16:44+00:00,Adventureland,Walt Disney's Enchanted Tiki Room,0,True,2026-09-12T23:15:38.000Z
09/12/2026,4:16 PM,2026-09-12T23:16:44+00:00,Bayou Country,Davy Crockett's Explorer Canoes,5,True,2026-09-12T23:15:38.000Z
09/12/2026,4:16 PM,2026-09-12T23:16:44+00:00,Bayou Country,The Many Adventures of Winnie the Pooh,5,True,2026-09-12T23:15:38.000Z
09/12/2026,4:16 PM,2026-09-12T23:16:44+00:00,Bayou Country,Tiana's Bayou Adventure,30,True,2026-09-12T23:15:38.000Z
09/12/2026,4:16 PM,2026-09-12T23:16:44+00:00,Bayou Country,Tiana's Bayou Adventure Single Rider,0,True,2026-09-12T23:15:38.000Z
09/12/2026,4:16 PM,2026-09-12T23:16:44+00:00,Fantasyland,"""it's a small world""",5,True,2026-09-12T23:15:38.000Z
09/12/2026,4:16 PM,2026-09-12T23:16:44+00:00,Fantasyland,Alice in Wonderland,15,True,2026-09-12T23:15:38.000Z
09/12/2026,4:16 PM,2026-09-12T23:16:44+00:00,Fantasyland,Bluey’s Best Day Ever! at Fantasyland Theatre,0,True,2026-09-12T23:15:38.000Z
09/12/2026,4:16 PM,2026-09-12T23:16:44+00:00,Fantasyland,Casey Jr. Circus Train,5,True,2026-09-12T23:15:38.000Z
09/12/2026,4:16 PM,2026-09-12T23:16:44+00:00,Fantasyland,Dumbo the Flying Elephant,5,True,2026-09-12T23:15:38.000Z
09/12/2026,4:16 PM,2026-09-12T23:16:44+00:00,Fantasyland,King Arthur Carrousel,5,True,2026-09-12T23:15:38.000Z
09/12/2026,4:16 PM,2026-09-12T23:16:44+00:00,Fantasyland,Mad Tea Party,5,True,2026-09-12T23:15:38.000Z
09/12/2026,4:16 PM,2026-09-12T23:16:44+00:00,Fantasyland,Matterhorn Bobsleds,10,True,2026-09-12T23:15:38.000Z
09/12/2026,4:16 PM,2026-09-12T23:16:44+00:00,Fantasyland,Meet Disney Princesses at Royal Hall,15,True,2026-09-12T23:15:38.000Z
09/12/2026,4:16 PM,2026-09-12T23:16:44+00:00,Fantasyland,Mr. Toad's Wild Ride,5,True,2026-09-12T23:15:38.000Z
09/12/2026,4:16 PM,2026-09-12T23:16:44+00:00,Fantasyland,Peter Pan's Flight,25,True,2026-09-12T23:15:38.000Z
09/12/2026,4:16 PM,2026-09-12T23:16:44+00:00,Fantasyland,Pinocchio's Daring Journey,5,True,2026-09-12T23:15:38.000Z
09/12/2026,4:16 PM,2026-09-12T23:16:44+00:00,Fantasyland,Sleeping Beauty Castle Walkthrough,0,False,2026-09-12T23:15:38.000Z
09/12/2026,4:16 PM,2026-09-12T23:16:44+00:00,Fantasyland,Snow White's Enchanted Wish,10,True,2026-09-12T23:15:38.000Z
09/12/2026,4:16 PM,2026-09-12T23:16:44+00:00,Fantasyland,Storybook Land Canal Boats,10,True,2026-09-12T23:15:38.000Z
09/12/2026,4:16 PM,2026-09-12T23:16:44+00:00,Frontierland,Big Thunder Mountain Railroad,10,True,2026-09-12T23:15:38.000Z
09/12/2026,4:16 PM,2026-09-12T23:16:44+00:00,Frontierland,Frontierland Shootin' Exposition,0,True,2026-09-12T23:15:38.000Z
09/12/2026,4:16 PM,2026-09-12T23:16:44+00:00,Frontierland,Mark Twain Riverboat,10,True,2026-09-12T23:15:38.000Z
09/12/2026,4:16 PM,2026-09-12T23:16:44+00:00,Frontierland,Pirate's Lair on Tom Sawyer Island,10,True,2026-09-12T23:15:38.000Z
09/12/2026,4:16 PM,2026-09-12T23:16:44+00:00,Frontierland,Sailing Ship Columbia,0,False,2026-09-12T23:15:38.000Z
09/12/2026,4:16 PM,2026-09-12T23:16:44+00:00,Main Street U.S.A,Disneyland Railroad,5,True,2026-09-12T23:15:38.000Z
09/12/2026,4:16 PM,2026-09-12T23:16:44+00:00,Main Street U.S.A,Great Moments with Mr. Lincoln,0,False,2026-09-12T23:15:38.000Z
09/12/2026,4:16 PM,2026-09-12T23:16:44+00:00,Main Street U.S.A,Main Street Cinema,0,True,2026-09-12T23:15:38.000Z
09/12/2026,4:16 PM,2026-09-12T23:16:44+00:00,Main Street U.S.A,Main Street Vehicles,0,False,2026-09-12T23:15:38.000Z
09/12/2026,4:16 PM,2026-09-12T23:16:44+00:00,Main Street U.S.A,Opera House - Walt Disney - A Magical Life,0,True,2026-09-12T23:15:38.000Z
09/12/2026,4:16 PM,2026-09-12T23:16:44+00:00,Main Street U.S.A,The Disney Gallery,0,True,2026-09-12T23:15:38.000Z
09/12/2026,4:16 PM,2026-09-12T23:16:44+00:00,Main Street U.S.A,Walt Disney - A Magical Life,0,True,2026-09-12T23:15:38.000Z
09/12/2026,4:16 PM,2026-09-12T23:16:44+00:00,Mickey's Toontown,Chip 'n' Dale's GADGETcoaster,15,True,2026-09-12T23:15:38.000Z
09/12/2026,4:16 PM,2026-09-12T23:16:44+00:00,Mickey's Toontown,Donald's Duck Pond,0,True,2026-09-12T23:15:38.000Z
09/12/2026,4:16 PM,2026-09-12T23:16:44+00:00,Mickey's Toontown,Goofy's How-to-Play Yard,0,True,2026-09-12T23:15:38.000Z
09/12/2026,4:16 PM,2026-09-12T23:16:44+00:00,Mickey's Toontown,Mickey & Minnie's Runaway Railway,10,True,2026-09-12T23:15:38.000Z
09/12/2026,4:16 PM,2026-09-12T23:16:44+00:00,Mickey's Toontown,Mickey's House and Meet Mickey Mouse,10,True,2026-09-12T23:15:38.000Z
09/12/2026,4:16 PM,2026-09-12T23:16:44+00:00,Mickey's Toontown,Mickey's House and Meet Mickey Mouse,0,False,2026-09-06T19:50:39.000Z
09/12/2026,4:16 PM,2026-09-12T23:16:44+00:00,Mickey's Toontown,Minnie's House,0,True,2026-09-12T23:15:38.000Z
09/12/2026,4:16 PM,2026-09-12T23:16:44+00:00,Mickey's Toontown,Roger Rabbit's Car Toon Spin,0,False,2026-09-12T23:15:38.000Z
09/12/2026,4:16 PM,2026-09-12T23:16:44+00:00,New Orleans Square,Haunted Mansion Holiday,40,True,2026-09-12T23:15:38.000Z
09/12/2026,4:16 PM,2026-09-12T23:16:44+00:00,New Orleans Square,Pirates of the Caribbean,10,True,2026-09-12T23:15:38.000Z
09/12/2026,4:16 PM,2026-09-12T23:16:44+00:00,Star Wars: Galaxy's Edge,Millennium Falcon: Smugglers Run,5,True,2026-09-12T23:15:38.000Z
09/12/2026,4:16 PM,2026-09-12T23:16:44+00:00,Star Wars: Galaxy's Edge,Millennium Falcon: Smugglers Run Single Rider,0,True,2026-09-12T23:15:38.000Z
09/12/2026,4:16 PM,2026-09-12T23:16:44+00:00,Star Wars: Galaxy's Edge,Star Wars: Rise of the Resistance,25,True,2026-09-12T23:15:38.000Z
09/12/2026,4:16 PM,2026-09-12T23:16:44+00:00,Tomorrowland,Astro Orbitor,5,True,2026-09-12T23:15:38.000Z
09/12/2026,4:16 PM,2026-09-12T23:16:44+00:00,Tomorrowland,Autopia,15,True,2026-09-12T23:15:38.000Z
09/12/2026,4:16 PM,2026-09-12T23:16:44+00:00,Tomorrowland,Buzz Lightyear Astro Blasters,5,True,2026-09-12T23:15:38.000Z
09/12/2026,4:16 PM,2026-09-12T23:16:44+00:00,Tomorrowland,Disneyland Monorail,5,True,2026-09-12T23:15:38.000Z
09/12/2026,4:16 PM,2026-09-12T23:16:44+00:00,Tomorrowland,Finding Nemo Submarine Voyage,5,True,2026-09-12T23:15:38.000Z
09/12/2026,4:16 PM,2026-09-12T23:16:44+00:00,Tomorrowland,Pixar Short Film Spotlight,0,False,2026-09-12T23:15:38.000Z
09/12/2026,4:16 PM,2026-09-12T23:16:44+00:00,Tomorrowland,Space Mountain,45,True,2026-09-12T23:15:38.000Z
09/12/2026,4:16 PM,2026-09-12T23:16:44+00:00,Tomorrowland,Star Tours - The Adventures Continue,5,True,2026-09-12T23:15:38.000Z
09/12/2026,6:23 PM,2026-09-13T01:23:02+00:00,Adventureland,Adventureland Treehouse inspired by Walt Disney’s Swiss Family Robinson,0,True,2026-09-13T01:20:47.000Z
09/12/2026,6:23 PM,2026-09-13T01:23:02+00:00,Adventureland,Indiana Jones™ Adventure,0,False,2026-09-13T01:20:47.000Z
09/12/2026,6:23 PM,2026-09-13T01:23:02+00:00,Adventureland,Jungle Cruise,0,False,2026-09-13T01:20:47.000Z
09/12/2026,6:23 PM,2026-09-13T01:23:02+00:00,Adventureland,Walt Disney's Enchanted Tiki Room,0,True,2026-09-13T01:20:47.000Z
09/12/2026,6:23 PM,2026-09-13T01:23:02+00:00,Bayou Country,Davy Crockett's Explorer Canoes,0,False,2026-09-13T01:20:47.000Z
09/12/2026,6:23 PM,2026-09-13T01:23:02+00:00,Bayou Country,The Many Adventures of Winnie the Pooh,5,True,2026-09-13T01:20:47.000Z
09/12/2026,6:23 PM,2026-09-13T01:23:02+00:00,Bayou Country,Tiana's Bayou Adventure,0,False,2026-09-13T01:20:47.000Z
09/12/2026,6:23 PM,2026-09-13T01:23:02+00:00,Bayou Country,Tiana's Bayou Adventure Single Rider,0,False,2026-09-13T01:20:47.000Z
09/12/2026,6:23 PM,2026-09-13T01:23:02+00:00,Fantasyland,"""it's a small world""",5,True,2026-09-13T01:20:47.000Z
09/12/2026,6:23 PM,2026-09-13T01:23:02+00:00,Fantasyland,Alice in Wonderland,15,True,2026-09-13T01:20:47.000Z
09/12/2026,6:23 PM,2026-09-13T01:23:02+00:00,Fantasyland,Bluey’s Best Day Ever! at Fantasyland Theatre,0,True,2026-09-13T01:20:47.000Z
09/12/2026,6:23 PM,2026-09-13T01:23:02+00:00,Fantasyland,Casey Jr. Circus Train,5,True,2026-09-13T01:20:47.000Z
09/12/2026,6:23 PM,2026-09-13T01:23:02+00:00,Fantasyland,Dumbo the Flying Elephant,10,True,2026-09-13T01:20:47.000Z
09/12/2026,6:23 PM,2026-09-13T01:23:02+00:00,Fantasyland,King Arthur Carrousel,5,True,2026-09-13T01:20:47.000Z
09/12/2026,6:23 PM,2026-09-13T01:23:02+00:00,Fantasyland,Mad Tea Party,5,True,2026-09-13T01:20:47.000Z
09/12/2026,6:23 PM,2026-09-13T01:23:02+00:00,Fantasyland,Matterhorn Bobsleds,25,True,2026-09-13T01:20:47.000Z
09/12/2026,6:23 PM,2026-09-13T01:23:02+00:00,Fantasyland,Meet Disney Princesses at Royal Hall,0,False,2026-09-13T01:20:47.000Z
09/12/2026,6:23 PM,2026-09-13T01:23:02+00:00,Fantasyland,Mr. Toad's Wild Ride,10,True,2026-09-13T01:20:47.000Z
09/12/2026,6:23 PM,2026-09-13T01:23:02+00:00,Fantasyland,Peter Pan's Flight,20,True,2026-09-13T01:20:47.000Z
09/12/2026,6:23 PM,2026-09-13T01:23:02+00:00,Fantasyland,Pinocchio's Daring Journey,5,True,2026-09-13T01:20:47.000Z
09/12/2026,6:23 PM,2026-09-13T01:23:02+00:00,Fantasyland,Sleeping Beauty Castle Walkthrough,0,False,2026-09-13T01:20:47.000Z
09/12/2026,6:23 PM,2026-09-13T01:23:02+00:00,Fantasyland,Snow White's Enchanted Wish,10,True,2026-09-13T01:20:47.000Z
09/12/2026,6:23 PM,2026-09-13T01:23:02+00:00,Fantasyland,Storybook Land Canal Boats,10,True,2026-09-13T01:20:47.000Z
09/12/2026,6:23 PM,2026-09-13T01:23:02+00:00,Frontierland,Big Thunder Mountain Railroad,10,True,2026-09-13T01:20:47.000Z
09/12/2026,6:23 PM,2026-09-13T01:23:02+00:00,Frontierland,Frontierland Shootin' Exposition,0,True,2026-09-13T01:20:47.000Z
09/12/2026,6:23 PM,2026-09-13T01:23:02+00:00,Frontierland,Mark Twain Riverboat,0,False,2026-09-13T01:20:47.000Z
09/12/2026,6:23 PM,2026-09-13T01:23:02+00:00,Frontierland,Pirate's Lair on Tom Sawyer Island,0,False,2026-09-13T01:20:47.000Z
09/12/2026,6:23 PM,2026-09-13T01:23:02+00:00,Frontierland,Sailing Ship Columbia,0,False,2026-09-13T01:20:47.000Z
09/12/2026,6:23 PM,2026-09-13T01:23:02+00:00,Main Street U.S.A,Disneyland Railroad,0,False,2026-09-13T01:20:47.000Z
09/12/2026,6:23 PM,2026-09-13T01:23:02+00:00,Main Street U.S.A,Great Moments with Mr. Lincoln,0,False,2026-09-13T01:20:47.000Z
09/12/2026,6:23 PM,2026-09-13T01:23:02+00:00,Main Street U.S.A,Main Street Cinema,0,True,2026-09-13T01:20:47.000Z
09/12/2026,6:23 PM,2026-09-13T01:23:02+00:00,Main Street U.S.A,Main Street Vehicles,0,False,2026-09-13T01:20:47.000Z
09/12/2026,6:23 PM,2026-09-13T01:23:02+00:00,Main Street U.S.A,Opera House - Walt Disney - A Magical Life,0,True,2026-09-13T01:20:47.000Z
09/12/2026,6:23 PM,2026-09-13T01:23:02+00:00,Main Street U.S.A,The Disney Gallery,0,True,2026-09-13T01:20:47.000Z
09/12/2026,6:23 PM,2026-09-13T01:23:02+00:00,Main Street U.S.A,Walt Disney - A Magical Life,0,True,2026-09-13T01:20:47.000Z
09/12/2026,6:23 PM,2026-09-13T01:23:02+00:00,Mickey's Toontown,Chip 'n' Dale's GADGETcoaster,5,True,2026-09-13T01:20:47.000Z
09/12/2026,6:23 PM,2026-09-13T01:23:02+00:00,Mickey's Toontown,Donald's Duck Pond,0,True,2026-09-13T01:20:47.000Z
09/12/2026,6:23 PM,2026-09-13T01:23:02+00:00,Mickey's Toontown,Goofy's How-to-Play Yard,0,True,2026-09-13T01:20:47.000Z
09/12/2026,6:23 PM,2026-09-13T01:23:02+00:00,Mickey's Toontown,Mickey & Minnie's Runaway Railway,20,True,2026-09-13T01:20:47.000Z
09/12/2026,6:23 PM,2026-09-13T01:23:02+00:00,Mickey's Toontown,Mickey's House and Meet Mickey Mouse,15,True,2026-09-13T01:20:47.000Z
09/12/2026,6:23 PM,2026-09-13T01:23:02+00:00,Mickey's Toontown,Mickey's House and Meet Mickey Mouse,0,False,2026-09-06T19:50:39.000Z
09/12/2026,6:23 PM,2026-09-13T01:23:02+00:00,Mickey's Toontown,Minnie's House,0,True,2026-09-13T01:20:47.000Z
09/12/2026,6:23 PM,2026-09-13T01:23:02+00:00,Mickey's Toontown,Roger Rabbit's Car Toon Spin,30,True,2026-09-13T01:20:47.000Z
09/12/2026,6:23 PM,2026-09-13T01:23:02+00:00,New Orleans Square,Haunted Mansion Holiday,40,True,2026-09-13T01:20:47.000Z
09/12/2026,6:23 PM,2026-09-13T01:23:02+00:00,New Orleans Square,Pirates of the Caribbean,0,False,2026-09-13T01:20:47.000Z
09/12/2026,6:23 PM,2026-09-13T01:23:02+00:00,Star Wars: Galaxy's Edge,Millennium Falcon: Smugglers Run,15,True,2026-09-13T01:20:47.000Z
09/12/2026,6:23 PM,2026-09-13T01:23:02+00:00,Star Wars: Galaxy's Edge,Millennium Falcon: Smugglers Run Single Rider,0,True,2026-09-13T01:20:47.000Z
09/12/2026,6:23 PM,2026-09-13T01:23:02+00:00,Star Wars: Galaxy's Edge,Star Wars: Rise of the Resistance,35,True,2026-09-13T01:20:47.000Z
09/12/2026,6:23 PM,2026-09-13T01:23:02+00:00,Tomorrowland,Astro Orbitor,5,True,2026-09-13T01:20:47.000Z
09/12/2026,6:23 PM,2026-09-13T01:23:02+00:00,Tomorrowland,Autopia,25,True,2026-09-13T01:20:47.000Z
09/12/2026,6:23 PM,2026-09-13T01:23:02+00:00,Tomorrowland,Buzz Lightyear Astro Blasters,5,True,2026-09-13T01:20:47.000Z
09/12/2026,6:23 PM,2026-09-13T01:23:02+00:00,Tomorrowland,Disneyland Monorail,5,True,2026-09-13T01:20:47.000Z
09/12/2026,6:23 PM,2026-09-13T01:23:02+00:00,Tomorrowland,Finding Nemo Submarine Voyage,5,True,2026-09-13T01:20:47.000Z
09/12/2026,6:23 PM,2026-09-13T01:23:02+00:00,Tomorrowland,Pixar Short Film Spotlight,0,False,2026-09-13T01:20:47.000Z
09/12/2026,6:23 PM,2026-09-13T01:23:02+00:00,Tomorrowland,Space Mountain,20,True,2026-09-13T01:20:47.000Z
09/12/2026,6:23 PM,2026-09-13T01:23:02+00:00,Tomorrowland,Star Tours - The Adventures Continue,5,True,2026-09-13T01:20:47.000Z
09/13/2026,9:56 AM,2026-09-13T16:56:33+00:00,Adventureland,Adventureland Treehouse inspired by Walt Disney’s Swiss Family Robinson,0,True,2026-09-13T16:50:46.000Z
09/13/2026,9:56 AM,2026-09-13T16:56:33+00:00,Adventureland,Indiana Jones™ Adventure,0,False,2026-09-13T16:50:46.000Z
09/13/2026,9:56 AM,2026-09-13T16:56:33+00:00,Adventureland,Jungle Cruise,5,True,2026-09-13T16:50:46.000Z
09/13/2026,9:56 AM,2026-09-13T16:56:33+00:00,Adventureland,Walt Disney's Enchanted Tiki Room,0,True,2026-09-13T16:50:46.000Z
09/13/2026,9:56 AM,2026-09-13T16:56:33+00:00,Bayou Country,Davy Crockett's Explorer Canoes,0,False,2026-09-13T16:50:46.000Z
09/13/2026,9:56 AM,2026-09-13T16:56:33+00:00,Bayou Country,The Many Adventures of Winnie the Pooh,5,True,2026-09-13T16:50:46.000Z
09/13/2026,9:56 AM,2026-09-13T16:56:33+00:00,Bayou Country,Tiana's Bayou Adventure,5,True,2026-09-13T16:50:46.000Z
09/13/2026,9:56 AM,2026-09-13T16:56:33+00:00,Bayou Country,Tiana's Bayou Adventure Single Rider,0,True,2026-09-13T16:50:46.000Z
09/13/2026,9:56 AM,2026-09-13T16:56:33+00:00,Fantasyland,"""it's a small world""",5,True,2026-09-13T16:50:46.000Z
09/13/2026,9:56 AM,2026-09-13T16:56:33+00:00,Fantasyland,Alice in Wonderland,15,True,2026-09-13T16:50:46.000Z
09/13/2026,9:56 AM,2026-09-13T16:56:33+00:00,Fantasyland,Bluey’s Best Day Ever! at Fantasyland Theatre,0,True,2026-09-13T16:50:46.000Z
09/13/2026,9:56 AM,2026-09-13T16:56:33+00:00,Fantasyland,Casey Jr. Circus Train,5,True,2026-09-13T16:50:46.000Z
09/13/2026,9:56 AM,2026-09-13T16:56:33+00:00,Fantasyland,Dumbo the Flying Elephant,10,True,2026-09-13T16:50:46.000Z
09/13/2026,9:56 AM,2026-09-13T16:56:33+00:00,Fantasyland,King Arthur Carrousel,5,True,2026-09-13T16:50:46.000Z
09/13/2026,9:56 AM,2026-09-13T16:56:33+00:00,Fantasyland,Mad Tea Party,5,True,2026-09-13T16:50:46.000Z
09/13/2026,9:56 AM,2026-09-13T16:56:33+00:00,Fantasyland,Matterhorn Bobsleds,10,True,2026-09-13T16:50:46.000Z
09/13/2026,9:56 AM,2026-09-13T16:56:33+00:00,Fantasyland,Meet Disney Princesses at Royal Hall,0,False,2026-09-13T16:50:46.000Z
09/13/2026,9:56 AM,2026-09-13T16:56:33+00:00,Fantasyland,Mr. Toad's Wild Ride,10,True,2026-09-13T16:50:46.000Z
09/13/2026,9:56 AM,2026-09-13T16:56:33+00:00,Fantasyland,Peter Pan's Flight,30,True,2026-09-13T16:50:46.000Z
09/13/2026,9:56 AM,2026-09-13T16:56:33+00:00,Fantasyland,Pinocchio's Daring Journey,5,True,2026-09-13T16:50:46.000Z
09/13/2026,9:56 AM,2026-09-13T16:56:33+00:00,Fantasyland,Sleeping Beauty Castle Walkthrough,0,False,2026-09-13T16:50:46.000Z
09/13/2026,9:56 AM,2026-09-13T16:56:33+00:00,Fantasyland,Snow White's Enchanted Wish,5,True,2026-09-13T16:50:46.000Z
09/13/2026,9:56 AM,2026-09-13T16:56:33+00:00,Fantasyland,Storybook Land Canal Boats,5,True,2026-09-13T16:50:46.000Z
09/13/2026,9:56 AM,2026-09-13T16:56:33+00:00,Frontierland,Big Thunder Mountain Railroad,5,True,2026-09-13T16:50:46.000Z
09/13/2026,9:56 AM,2026-09-13T16:56:33+00:00,Frontierland,Frontierland Shootin' Exposition,0,True,2026-09-13T16:50:46.000Z
09/13/2026,9:56 AM,2026-09-13T16:56:33+00:00,Frontierland,Mark Twain Riverboat,10,True,2026-09-13T16:50:46.000Z
09/13/2026,9:56 AM,2026-09-13T16:56:33+00:00,Frontierland,Pirate's Lair on Tom Sawyer Island,5,True,2026-09-13T16:50:46.000Z
09/13/2026,9:56 AM,2026-09-13T16:56:33+00:00,Frontierland,Sailing Ship Columbia,0,False,2026-09-13T16:50:46.000Z
09/13/2026,9:56 AM,2026-09-13T16:56:33+00:00,Main Street U.S.A,Disneyland Railroad,5,True,2026-09-13T16:50:46.000Z
09/13/2026,9:56 AM,2026-09-13T16:56:33+00:00,Main Street U.S.A,Great Moments with Mr. Lincoln,0,True,2026-09-13T16:50:46.000Z
09/13/2026,9:56 AM,2026-09-13T16:56:33+00:00,Main Street U.S.A,Main Street Cinema,0,True,2026-09-13T16:50:46.000Z
09/13/2026,9:56 AM,2026-09-13T16:56:33+00:00,Main Street U.S.A,Main Street Vehicles,0,True,2026-09-13T16:50:46.000Z
09/13/2026,9:56 AM,2026-09-13T16:56:33+00:00,Main Street U.S.A,Opera House - Walt Disney - A Magical Life,0,True,2026-09-13T16:50:46.000Z
09/13/2026,9:56 AM,2026-09-13T16:56:33+00:00,Main Street U.S.A,The Disney Gallery,0,True,2026-09-13T16:50:46.000Z
09/13/2026,9:56 AM,2026-09-13T16:56:33+00:00,Main Street U.S.A,Walt Disney - A Magical Life,0,False,2026-09-13T16:50:46.000Z
09/13/2026,9:56 AM,2026-09-13T16:56:33+00:00,Mickey's Toontown,Chip 'n' Dale's GADGETcoaster,5,True,2026-09-13T16:50:46.000Z
09/13/2026,9:56 AM,2026-09-13T16:56:33+00:00,Mickey's Toontown,Donald's Duck Pond,0,True,2026-09-13T16:50:46.000Z
09/13/2026,9:56 AM,2026-09-13T16:56:33+00:00,Mickey's Toontown,Goofy's How-to-Play Yard,0,True,2026-09-13T16:50:46.000Z
09/13/2026,9:56 AM,2026-09-13T16:56:33+00:00,Mickey's Toontown,Mickey & Minnie's Runaway Railway,5,True,2026-09-13T16:50:46.000Z
09/13/2026,9:56 AM,2026-09-13T16:56:33+00:00,Mickey's Toontown,Mickey's House and Meet Mickey Mouse,5,True,2026-09-13T16:50:46.000Z
09/13/2026,9:56 AM,2026-09-13T16:56:33+00:00,Mickey's Toontown,Mickey's House and Meet Mickey Mouse,0,False,2026-09-06T19:50:39.000Z
09/13/2026,9:56 AM,2026-09-13T16:56:33+00:00,Mickey's Toontown,Minnie's House,0,True,2026-09-13T16:50:46.000Z
09/13/2026,9:56 AM,2026-09-13T16:56:33+00:00,Mickey's Toontown,Roger Rabbit's Car Toon Spin,10,True,2026-09-13T16:50:46.000Z
09/13/2026,9:56 AM,2026-09-13T16:56:33+00:00,New Orleans Square,Haunted Mansion Holiday,35,True,2026-09-13T16:50:46.000Z
09/13/2026,9:56 AM,2026-09-13T16:56:33+00:00,New Orleans Square,Pirates of the Caribbean,10,True,2026-09-13T16:50:46.000Z
09/13/2026,9:56 AM,2026-09-13T16:56:33+00:00,Star Wars: Galaxy's Edge,Millennium Falcon: Smugglers Run,5,True,2026-09-13T16:50:46.000Z
09/13/2026,9:56 AM,2026-09-13T16:56:33+00:00,Star Wars: Galaxy's Edge,Millennium Falcon: Smugglers Run Single Rider,0,True,2026-09-13T16:50:46.000Z
09/13/2026,9:56 AM,2026-09-13T16:56:33+00:00,Star Wars: Galaxy's Edge,Star Wars: Rise of the Resistance,50,True,2026-09-13T16:50:46.000Z
09/13/2026,9:56 AM,2026-09-13T16:56:33+00:00,Tomorrowland,Astro Orbitor,5,True,2026-09-13T16:50:46.000Z
09/13/2026,9:56 AM,2026-09-13T16:56:33+00:00,Tomorrowland,Autopia,5,True,2026-09-13T16:50:46.000Z
09/13/2026,9:56 AM,2026-09-13T16:56:33+00:00,Tomorrowland,Buzz Lightyear Astro Blasters,5,True,2026-09-13T16:50:46.000Z
09/13/2026,9:56 AM,2026-09-13T16:56:33+00:00,Tomorrowland,Disneyland Monorail,15,True,2026-09-13T16:50:46.000Z
09/13/2026,9:56 AM,2026-09-13T16:56:33+00:00,Tomorrowland,Finding Nemo Submarine Voyage,5,True,2026-09-13T16:50:46.000Z
09/13/2026,9:56 AM,2026-09-13T16:56:33+00:00,Tomorrowland,Pixar Short Film Spotlight,0,False,2026-09-13T16:50:46.000Z
09/13/2026,9:56 AM,2026-09-13T16:56:33+00:00,Tomorrowland,Space Mountain,15,True,2026-09-13T16:50:46.000Z
09/13/2026,9:56 AM,2026-09-13T16:56:33+00:00,Tomorrowland,Star Tours - The Adventures Continue,5,True,2026-09-13T16:50:46.000Z
09/13/2026,12:23 PM,2026-09-13T19:23:29+00:00,Adventureland,Adventureland Treehouse inspired by Walt Disney’s Swiss Family Robinson,0,True,2026-09-13T19:20:37.000Z
09/13/2026,12:23 PM,2026-09-13T19:23:29+00:00,Adventureland,Indiana Jones™ Adventure,0,False,2026-09-13T19:20:37.000Z
09/13/2026,12:23 PM,2026-09-13T19:23:29+00:00,Adventureland,Jungle Cruise,15,True,2026-09-13T19:20:37.000Z
09/13/2026,12:23 PM,2026-09-13T19:23:29+00:00,Adventureland,Walt Disney's Enchanted Tiki Room,0,True,2026-09-13T19:20:37.000Z
09/13/2026,12:23 PM,2026-09-13T19:23:29+00:00,Bayou Country,Davy Crockett's Explorer Canoes,5,True,2026-09-13T19:20:37.000Z
09/13/2026,12:23 PM,2026-09-13T19:23:29+00:00,Bayou Country,The Many Adventures of Winnie the Pooh,10,True,2026-09-13T19:20:37.000Z
09/13/2026,12:23 PM,2026-09-13T19:23:29+00:00,Bayou Country,Tiana's Bayou Adventure,30,True,2026-09-13T19:20:37.000Z
09/13/2026,12:23 PM,2026-09-13T19:23:29+00:00,Bayou Country,Tiana's Bayou Adventure Single Rider,0,True,2026-09-13T19:20:37.000Z
09/13/2026,12:23 PM,2026-09-13T19:23:29+00:00,Fantasyland,"""it's a small world""",5,True,2026-09-13T19:20:37.000Z
09/13/2026,12:23 PM,2026-09-13T19:23:29+00:00,Fantasyland,Alice in Wonderland,25,True,2026-09-13T19:20:37.000Z
09/13/2026,12:23 PM,2026-09-13T19:23:29+00:00,Fantasyland,Bluey’s Best Day Ever! at Fantasyland Theatre,0,True,2026-09-13T19:20:37.000Z
09/13/2026,12:23 PM,2026-09-13T19:23:29+00:00,Fantasyland,Casey Jr. Circus Train,5,True,2026-09-13T19:20:37.000Z
09/13/2026,12:23 PM,2026-09-13T19:23:29+00:00,Fantasyland,Dumbo the Flying Elephant,20,True,2026-09-13T19:20:37.000Z
09/13/2026,12:23 PM,2026-09-13T19:23:29+00:00,Fantasyland,King Arthur Carrousel,5,True,2026-09-13T19:20:37.000Z
09/13/2026,12:23 PM,2026-09-13T19:23:29+00:00,Fantasyland,Mad Tea Party,5,True,2026-09-13T19:20:37.000Z
09/13/2026,12:23 PM,2026-09-13T19:23:29+00:00,Fantasyland,Matterhorn Bobsleds,10,True,2026-09-13T19:20:37.000Z
09/13/2026,12:23 PM,2026-09-13T19:23:29+00:00,Fantasyland,Meet Disney Princesses at Royal Hall,15,True,2026-09-13T19:20:37.000Z
09/13/2026,12:23 PM,2026-09-13T19:23:29+00:00,Fantasyland,Mr. Toad's Wild Ride,10,True,2026-09-13T19:20:37.000Z
09/13/2026,12:23 PM,2026-09-13T19:23:29+00:00,Fantasyland,Peter Pan's Flight,0,False,2026-09-13T19:20:37.000Z
09/13/2026,12:23 PM,2026-09-13T19:23:29+00:00,Fantasyland,Pinocchio's Daring Journey,5,True,2026-09-13T19:20:37.000Z
09/13/2026,12:23 PM,2026-09-13T19:23:29+00:00,Fantasyland,Sleeping Beauty Castle Walkthrough,0,False,2026-09-13T19:20:37.000Z
09/13/2026,12:23 PM,2026-09-13T19:23:29+00:00,Fantasyland,Snow White's Enchanted Wish,5,True,2026-09-13T19:20:37.000Z
09/13/2026,12:23 PM,2026-09-13T19:23:29+00:00,Fantasyland,Storybook Land Canal Boats,5,True,2026-09-13T19:20:37.000Z
09/13/2026,12:23 PM,2026-09-13T19:23:29+00:00,Frontierland,Big Thunder Mountain Railroad,20,True,2026-09-13T19:20:37.000Z
09/13/2026,12:23 PM,2026-09-13T19:23:29+00:00,Frontierland,Frontierland Shootin' Exposition,0,True,2026-09-13T19:20:37.000Z
09/13/2026,12:23 PM,2026-09-13T19:23:29+00:00,Frontierland,Mark Twain Riverboat,10,True,2026-09-13T19:20:37.000Z
09/13/2026,12:23 PM,2026-09-13T19:23:29+00:00,Frontierland,Pirate's Lair on Tom Sawyer Island,5,True,2026-09-13T19:20:37.000Z
09/13/2026,12:23 PM,2026-09-13T19:23:29+00:00,Frontierland,Sailing Ship Columbia,10,True,2026-09-13T19:20:37.000Z
09/13/2026,12:23 PM,2026-09-13T19:23:29+00:00,Main Street U.S.A,Disneyland Railroad,5,True,2026-09-13T19:20:37.000Z
09/13/2026,12:23 PM,2026-09-13T19:23:29+00:00,Main Street U.S.A,Great Moments with Mr. Lincoln,0,True,2026-09-13T19:20:37.000Z
09/13/2026,12:23 PM,2026-09-13T19:23:29+00:00,Main Street U.S.A,Main Street Cinema,0,True,2026-09-13T19:20:37.000Z
09/13/2026,12:23 PM,2026-09-13T19:23:29+00:00,Main Street U.S.A,Main Street Vehicles,0,True,2026-09-13T19:20:37.000Z
09/13/2026,12:23 PM,2026-09-13T19:23:29+00:00,Main Street U.S.A,Opera House - Walt Disney - A Magical Life,0,True,2026-09-13T19:20:37.000Z
09/13/2026,12:23 PM,2026-09-13T19:23:29+00:00,Main Street U.S.A,The Disney Gallery,0,True,2026-09-13T19:20:37.000Z
09/13/2026,12:23 PM,2026-09-13T19:23:29+00:00,Main Street U.S.A,Walt Disney - A Magical Life,0,False,2026-09-13T19:20:37.000Z
09/13/2026,12:23 PM,2026-09-13T19:23:29+00:00,Mickey's Toontown,Chip 'n' Dale's GADGETcoaster,15,True,2026-09-13T19:20:37.000Z
09/13/2026,12:23 PM,2026-09-13T19:23:29+00:00,Mickey's Toontown,Donald's Duck Pond,0,True,2026-09-13T19:20:37.000Z
09/13/2026,12:23 PM,2026-09-13T19:23:29+00:00,Mickey's Toontown,Goofy's How-to-Play Yard,0,True,2026-09-13T19:20:37.000Z
09/13/2026,12:23 PM,2026-09-13T19:23:29+00:00,Mickey's Toontown,Mickey & Minnie's Runaway Railway,25,True,2026-09-13T19:20:37.000Z
09/13/2026,12:23 PM,2026-09-13T19:23:29+00:00,Mickey's Toontown,Mickey's House and Meet Mickey Mouse,15,True,2026-09-13T19:20:37.000Z
09/13/2026,12:23 PM,2026-09-13T19:23:29+00:00,Mickey's Toontown,Mickey's House and Meet Mickey Mouse,0,False,2026-09-06T19:50:39.000Z
09/13/2026,12:23 PM,2026-09-13T19:23:29+00:00,Mickey's Toontown,Minnie's House,0,True,2026-09-13T19:20:37.000Z
09/13/2026,12:23 PM,2026-09-13T19:23:29+00:00,Mickey's Toontown,Roger Rabbit's Car Toon Spin,0,False,2026-09-13T19:20:37.000Z
09/13/2026,12:23 PM,2026-09-13T19:23:29+00:00,New Orleans Square,Haunted Mansion Holiday,40,True,2026-09-13T19:20:37.000Z
09/13/2026,12:23 PM,2026-09-13T19:23:29+00:00,New Orleans Square,Pirates of the Caribbean,15,True,2026-09-13T19:20:37.000Z
09/13/2026,12:23 PM,2026-09-13T19:23:29+00:00,Star Wars: Galaxy's Edge,Millennium Falcon: Smugglers Run,15,True,2026-09-13T19:20:37.000Z
09/13/2026,12:23 PM,2026-09-13T19:23:29+00:00,Star Wars: Galaxy's Edge,Millennium Falcon: Smugglers Run Single Rider,0,True,2026-09-13T19:20:37.000Z
09/13/2026,12:23 PM,2026-09-13T19:23:29+00:00,Star Wars: Galaxy's Edge,Star Wars: Rise of the Resistance,20,True,2026-09-13T19:20:37.000Z
09/13/2026,12:23 PM,2026-09-13T19:23:29+00:00,Tomorrowland,Astro Orbitor,15,True,2026-09-13T19:20:37.000Z
09/13/2026,12:23 PM,2026-09-13T19:23:29+00:00,Tomorrowland,Autopia,10,True,2026-09-13T19:20:37.000Z
09/13/2026,12:23 PM,2026-09-13T19:23:29+00:00,Tomorrowland,Buzz Lightyear Astro Blasters,5,True,2026-09-13T19:20:37.000Z
09/13/2026,12:23 PM,2026-09-13T19:23:29+00:00,Tomorrowland,Disneyland Monorail,15,True,2026-09-13T19:20:37.000Z
09/13/2026,12:23 PM,2026-09-13T19:23:29+00:00,Tomorrowland,Finding Nemo Submarine Voyage,5,True,2026-09-13T19:20:37.000Z
09/13/2026,12:23 PM,2026-09-13T19:23:29+00:00,Tomorrowland,Pixar Short Film Spotlight,0,False,2026-09-13T19:20:37.000Z
09/13/2026,12:23 PM,2026-09-13T19:23:29+00:00,Tomorrowland,Space Mountain,35,True,2026-09-13T19:20:37.000Z
09/13/2026,12:23 PM,2026-09-13T19:23:29+00:00,Tomorrowland,Star Tours - The Adventures Continue,5,True,2026-09-13T19:20:37.000Z
09/13/2026,2:38 PM,2026-09-13T21:38:29+00:00,Adventureland,Adventureland Treehouse inspired by Walt Disney’s Swiss Family Robinson,0,True,2026-09-13T21:35:43.000Z
09/13/2026,2:38 PM,2026-09-13T21:38:29+00:00,Adventureland,Indiana Jones™ Adventure,0,False,2026-09-13T21:35:43.000Z
09/13/2026,2:38 PM,2026-09-13T21:38:29+00:00,Adventureland,Jungle Cruise,10,True,2026-09-13T21:35:43.000Z
09/13/2026,2:38 PM,2026-09-13T21:38:29+00:00,Adventureland,Walt Disney's Enchanted Tiki Room,0,True,2026-09-13T21:35:43.000Z
09/13/2026,2:38 PM,2026-09-13T21:38:29+00:00,Bayou Country,Davy Crockett's Explorer Canoes,5,True,2026-09-13T21:35:43.000Z
09/13/2026,2:38 PM,2026-09-13T21:38:29+00:00,Bayou Country,The Many Adventures of Winnie the Pooh,5,True,2026-09-13T21:35:43.000Z
09/13/2026,2:38 PM,2026-09-13T21:38:29+00:00,Bayou Country,Tiana's Bayou Adventure,25,True,2026-09-13T21:35:43.000Z
09/13/2026,2:38 PM,2026-09-13T21:38:29+00:00,Bayou Country,Tiana's Bayou Adventure Single Rider,0,True,2026-09-13T21:35:43.000Z
09/13/2026,2:38 PM,2026-09-13T21:38:29+00:00,Fantasyland,"""it's a small world""",5,True,2026-09-13T21:35:43.000Z
09/13/2026,2:38 PM,2026-09-13T21:38:29+00:00,Fantasyland,Alice in Wonderland,15,True,2026-09-13T21:35:43.000Z
09/13/2026,2:38 PM,2026-09-13T21:38:29+00:00,Fantasyland,Bluey’s Best Day Ever! at Fantasyland Theatre,0,True,2026-09-13T21:35:43.000Z
09/13/2026,2:38 PM,2026-09-13T21:38:29+00:00,Fantasyland,Casey Jr. Circus Train,0,False,2026-09-13T21:35:43.000Z
09/13/2026,2:38 PM,2026-09-13T21:38:29+00:00,Fantasyland,Dumbo the Flying Elephant,15,True,2026-09-13T21:35:43.000Z
09/13/2026,2:38 PM,2026-09-13T21:38:29+00:00,Fantasyland,King Arthur Carrousel,5,True,2026-09-13T21:35:43.000Z
09/13/2026,2:38 PM,2026-09-13T21:38:29+00:00,Fantasyland,Mad Tea Party,5,True,2026-09-13T21:35:43.000Z
09/13/2026,2:38 PM,2026-09-13T21:38:29+00:00,Fantasyland,Matterhorn Bobsleds,10,True,2026-09-13T21:35:43.000Z
09/13/2026,2:38 PM,2026-09-13T21:38:29+00:00,Fantasyland,Meet Disney Princesses at Royal Hall,15,True,2026-09-13T21:35:43.000Z
09/13/2026,2:38 PM,2026-09-13T21:38:29+00:00,Fantasyland,Mr. Toad's Wild Ride,10,True,2026-09-13T21:35:43.000Z
09/13/2026,2:38 PM,2026-09-13T21:38:29+00:00,Fantasyland,Peter Pan's Flight,20,True,2026-09-13T21:35:43.000Z
09/13/2026,2:38 PM,2026-09-13T21:38:29+00:00,Fantasyland,Pinocchio's Daring Journey,5,True,2026-09-13T21:35:43.000Z
09/13/2026,2:38 PM,2026-09-13T21:38:29+00:00,Fantasyland,Sleeping Beauty Castle Walkthrough,0,False,2026-09-13T21:35:43.000Z
09/13/2026,2:38 PM,2026-09-13T21:38:29+00:00,Fantasyland,Snow White's Enchanted Wish,5,True,2026-09-13T21:35:43.000Z
09/13/2026,2:38 PM,2026-09-13T21:38:29+00:00,Fantasyland,Storybook Land Canal Boats,5,True,2026-09-13T21:35:43.000Z
09/13/2026,2:38 PM,2026-09-13T21:38:29+00:00,Frontierland,Big Thunder Mountain Railroad,10,True,2026-09-13T21:35:43.000Z
09/13/2026,2:38 PM,2026-09-13T21:38:29+00:00,Frontierland,Frontierland Shootin' Exposition,0,True,2026-09-13T21:35:43.000Z
09/13/2026,2:38 PM,2026-09-13T21:38:29+00:00,Frontierland,Mark Twain Riverboat,0,False,2026-09-13T21:35:43.000Z
09/13/2026,2:38 PM,2026-09-13T21:38:29+00:00,Frontierland,Pirate's Lair on Tom Sawyer Island,5,True,2026-09-13T21:35:43.000Z
09/13/2026,2:38 PM,2026-09-13T21:38:29+00:00,Frontierland,Sailing Ship Columbia,10,True,2026-09-13T21:35:43.000Z
09/13/2026,2:38 PM,2026-09-13T21:38:29+00:00,Main Street U.S.A,Disneyland Railroad,5,True,2026-09-13T21:35:43.000Z
09/13/2026,2:38 PM,2026-09-13T21:38:29+00:00,Main Street U.S.A,Great Moments with Mr. Lincoln,0,False,2026-09-13T21:35:43.000Z
09/13/2026,2:38 PM,2026-09-13T21:38:29+00:00,Main Street U.S.A,Main Street Cinema,0,True,2026-09-13T21:35:43.000Z
09/13/2026,2:38 PM,2026-09-13T21:38:29+00:00,Main Street U.S.A,Main Street Vehicles,0,True,2026-09-13T21:35:43.000Z
09/13/2026,2:38 PM,2026-09-13T21:38:29+00:00,Main Street U.S.A,Opera House - Walt Disney - A Magical Life,0,True,2026-09-13T21:35:43.000Z
09/13/2026,2:38 PM,2026-09-13T21:38:29+00:00,Main Street U.S.A,The Disney Gallery,0,True,2026-09-13T21:35:43.000Z
09/13/2026,2:38 PM,2026-09-13T21:38:29+00:00,Main Street U.S.A,Walt Disney - A Magical Life,0,True,2026-09-13T21:35:43.000Z
09/13/2026,2:38 PM,2026-09-13T21:38:29+00:00,Mickey's Toontown,Chip 'n' Dale's GADGETcoaster,15,True,2026-09-13T21:35:43.000Z
09/13/2026,2:38 PM,2026-09-13T21:38:29+00:00,Mickey's Toontown,Donald's Duck Pond,0,True,2026-09-13T21:35:43.000Z
09/13/2026,2:38 PM,2026-09-13T21:38:29+00:00,Mickey's Toontown,Goofy's How-to-Play Yard,0,True,2026-09-13T21:35:43.000Z
09/13/2026,2:38 PM,2026-09-13T21:38:29+00:00,Mickey's Toontown,Mickey & Minnie's Runaway Railway,20,True,2026-09-13T21:35:43.000Z
09/13/2026,2:38 PM,2026-09-13T21:38:29+00:00,Mickey's Toontown,Mickey's House and Meet Mickey Mouse,15,True,2026-09-13T21:35:43.000Z
09/13/2026,2:38 PM,2026-09-13T21:38:29+00:00,Mickey's Toontown,Minnie's House,0,True,2026-09-13T21:35:43.000Z
09/13/2026,2:38 PM,2026-09-13T21:38:29+00:00,Mickey's Toontown,Roger Rabbit's Car Toon Spin,30,True,2026-09-13T21:35:43.000Z
09/13/2026,2:38 PM,2026-09-13T21:38:29+00:00,New Orleans Square,Haunted Mansion Holiday,45,True,2026-09-13T21:35:43.000Z
09/13/2026,2:38 PM,2026-09-13T21:38:29+00:00,New Orleans Square,Pirates of the Caribbean,10,True,2026-09-13T21:35:43.000Z
09/13/2026,2:38 PM,2026-09-13T21:38:29+00:00,Star Wars: Galaxy's Edge,Millennium Falcon: Smugglers Run,10,True,2026-09-13T21:35:43.000Z
09/13/2026,2:38 PM,2026-09-13T21:38:29+00:00,Star Wars: Galaxy's Edge,Millennium Falcon: Smugglers Run Single Rider,0,True,2026-09-13T21:35:43.000Z
09/13/2026,2:38 PM,2026-09-13T21:38:29+00:00,Star Wars: Galaxy's Edge,Star Wars: Rise of the Resistance,35,True,2026-09-13T21:35:43.000Z
09/13/2026,2:38 PM,2026-09-13T21:38:29+00:00,Tomorrowland,Astro Orbitor,15,True,2026-09-13T21:35:43.000Z
09/13/2026,2:38 PM,2026-09-13T21:38:29+00:00,Tomorrowland,Autopia,5,True,2026-09-13T21:35:43.000Z
09/13/2026,2:38 PM,2026-09-13T21:38:29+00:00,Tomorrowland,Buzz Lightyear Astro Blasters,5,True,2026-09-13T21:35:43.000Z
09/13/2026,2:38 PM,2026-09-13T21:38:29+00:00,Tomorrowland,Disneyland Monorail,15,True,2026-09-13T21:35:43.000Z
09/13/2026,2:38 PM,2026-09-13T21:38:29+00:00,Tomorrowland,Finding Nemo Submarine Voyage,5,True,2026-09-13T21:35:43.000Z
09/13/2026,2:38 PM,2026-09-13T21:38:29+00:00,Tomorrowland,Pixar Short Film Spotlight,0,False,2026-09-13T21:35:43.000Z
09/13/2026,2:38 PM,2026-09-13T21:38:29+00:00,Tomorrowland,Space Mountain,25,True,2026-09-13T21:35:43.000Z
09/13/2026,2:38 PM,2026-09-13T21:38:29+00:00,Tomorrowland,Star Tours - The Adventures Continue,10,True,2026-09-13T21:35:43.000Z
09/13/2026,5:06 PM,2026-09-14T00:06:29+00:00,Adventureland,Adventureland Treehouse inspired by Walt Disney’s Swiss Family Robinson,0,True,2026-09-14T00:00:52.000Z
09/13/2026,5:06 PM,2026-09-14T00:06:29+00:00,Adventureland,Indiana Jones™ Adventure,0,False,2026-09-14T00:00:52.000Z
09/13/2026,5:06 PM,2026-09-14T00:06:29+00:00,Adventureland,Jungle Cruise,0,False,2026-09-14T00:00:52.000Z
09/13/2026,5:06 PM,2026-09-14T00:06:29+00:00,Adventureland,Walt Disney's Enchanted Tiki Room,0,True,2026-09-14T00:00:52.000Z
09/13/2026,5:06 PM,2026-09-14T00:06:29+00:00,Bayou Country,Davy Crockett's Explorer Canoes,5,True,2026-09-14T00:00:52.000Z
09/13/2026,5:06 PM,2026-09-14T00:06:29+00:00,Bayou Country,The Many Adventures of Winnie the Pooh,5,True,2026-09-14T00:00:52.000Z
09/13/2026,5:06 PM,2026-09-14T00:06:29+00:00,Bayou Country,Tiana's Bayou Adventure,45,True,2026-09-14T00:00:52.000Z
09/13/2026,5:06 PM,2026-09-14T00:06:29+00:00,Bayou Country,Tiana's Bayou Adventure Single Rider,0,True,2026-09-14T00:00:52.000Z
09/13/2026,5:06 PM,2026-09-14T00:06:29+00:00,Fantasyland,"""it's a small world""",5,True,2026-09-14T00:00:52.000Z
09/13/2026,5:06 PM,2026-09-14T00:06:29+00:00,Fantasyland,Alice in Wonderland,20,True,2026-09-14T00:00:52.000Z
09/13/2026,5:06 PM,2026-09-14T00:06:29+00:00,Fantasyland,Bluey’s Best Day Ever! at Fantasyland Theatre,0,True,2026-09-14T00:00:52.000Z
09/13/2026,5:06 PM,2026-09-14T00:06:29+00:00,Fantasyland,Casey Jr. Circus Train,5,True,2026-09-14T00:00:52.000Z
09/13/2026,5:06 PM,2026-09-14T00:06:29+00:00,Fantasyland,Dumbo the Flying Elephant,10,True,2026-09-14T00:00:52.000Z
09/13/2026,5:06 PM,2026-09-14T00:06:29+00:00,Fantasyland,King Arthur Carrousel,5,True,2026-09-14T00:00:52.000Z
09/13/2026,5:06 PM,2026-09-14T00:06:29+00:00,Fantasyland,Mad Tea Party,5,True,2026-09-14T00:00:52.000Z
09/13/2026,5:06 PM,2026-09-14T00:06:29+00:00,Fantasyland,Matterhorn Bobsleds,15,True,2026-09-14T00:00:52.000Z
09/13/2026,5:06 PM,2026-09-14T00:06:29+00:00,Fantasyland,Meet Disney Princesses at Royal Hall,45,True,2026-09-14T00:00:52.000Z
09/13/2026,5:06 PM,2026-09-14T00:06:29+00:00,Fantasyland,Mr. Toad's Wild Ride,5,True,2026-09-14T00:00:52.000Z
09/13/2026,5:06 PM,2026-09-14T00:06:29+00:00,Fantasyland,Peter Pan's Flight,25,True,2026-09-14T00:00:52.000Z
09/13/2026,5:06 PM,2026-09-14T00:06:29+00:00,Fantasyland,Pinocchio's Daring Journey,5,True,2026-09-14T00:00:52.000Z
09/13/2026,5:06 PM,2026-09-14T00:06:29+00:00,Fantasyland,Sleeping Beauty Castle Walkthrough,0,False,2026-09-14T00:00:52.000Z
09/13/2026,5:06 PM,2026-09-14T00:06:29+00:00,Fantasyland,Snow White's Enchanted Wish,5,True,2026-09-14T00:00:52.000Z
09/13/2026,5:06 PM,2026-09-14T00:06:29+00:00,Fantasyland,Storybook Land Canal Boats,5,True,2026-09-14T00:00:52.000Z
09/13/2026,5:06 PM,2026-09-14T00:06:29+00:00,Frontierland,Big Thunder Mountain Railroad,15,True,2026-09-14T00:00:52.000Z
09/13/2026,5:06 PM,2026-09-14T00:06:29+00:00,Frontierland,Frontierland Shootin' Exposition,0,True,2026-09-14T00:00:52.000Z
09/13/2026,5:06 PM,2026-09-14T00:06:29+00:00,Frontierland,Mark Twain Riverboat,10,True,2026-09-14T00:00:52.000Z
09/13/2026,5:06 PM,2026-09-14T00:06:29+00:00,Frontierland,Pirate's Lair on Tom Sawyer Island,0,False,2026-09-14T00:00:52.000Z
09/13/2026,5:06 PM,2026-09-14T00:06:29+00:00,Frontierland,Sailing Ship Columbia,0,False,2026-09-14T00:00:52.000Z
09/13/2026,5:06 PM,2026-09-14T00:06:29+00:00,Main Street U.S.A,Disneyland Railroad,10,True,2026-09-14T00:00:52.000Z
09/13/2026,5:06 PM,2026-09-14T00:06:29+00:00,Main Street U.S.A,Great Moments with Mr. Lincoln,0,False,2026-09-14T00:00:52.000Z
09/13/2026,5:06 PM,2026-09-14T00:06:29+00:00,Main Street U.S.A,Main Street Cinema,0,True,2026-09-14T00:00:52.000Z
09/13/2026,5:06 PM,2026-09-14T00:06:29+00:00,Main Street U.S.A,Main Street Vehicles,0,False,2026-09-14T00:00:52.000Z
09/13/2026,5:06 PM,2026-09-14T00:06:29+00:00,Main Street U.S.A,Opera House - Walt Disney - A Magical Life,0,True,2026-09-14T00:00:52.000Z
09/13/2026,5:06 PM,2026-09-14T00:06:29+00:00,Main Street U.S.A,The Disney Gallery,0,True,2026-09-14T00:00:52.000Z
09/13/2026,5:06 PM,2026-09-14T00:06:29+00:00,Main Street U.S.A,Walt Disney - A Magical Life,0,True,2026-09-14T00:00:52.000Z
09/13/2026,5:06 PM,2026-09-14T00:06:29+00:00,Mickey's Toontown,Chip 'n' Dale's GADGETcoaster,15,True,2026-09-14T00:00:52.000Z
09/13/2026,5:06 PM,2026-09-14T00:06:29+00:00,Mickey's Toontown,Donald's Duck Pond,0,True,2026-09-14T00:00:52.000Z
09/13/2026,5:06 PM,2026-09-14T00:06:29+00:00,Mickey's Toontown,Goofy's How-to-Play Yard,0,True,2026-09-14T00:00:52.000Z
09/13/2026,5:06 PM,2026-09-14T00:06:29+00:00,Mickey's Toontown,Mickey & Minnie's Runaway Railway,35,True,2026-09-14T00:00:52.000Z
09/13/2026,5:06 PM,2026-09-14T00:06:29+00:00,Mickey's Toontown,Mickey's House and Meet Mickey Mouse,15,True,2026-09-14T00:00:52.000Z
09/13/2026,5:06 PM,2026-09-14T00:06:29+00:00,Mickey's Toontown,Minnie's House,0,True,2026-09-14T00:00:52.000Z
09/13/2026,5:06 PM,2026-09-14T00:06:29+00:00,Mickey's Toontown,Roger Rabbit's Car Toon Spin,30,True,2026-09-14T00:00:52.000Z
09/13/2026,5:06 PM,2026-09-14T00:06:29+00:00,New Orleans Square,Haunted Mansion Holiday,40,True,2026-09-14T00:00:52.000Z
09/13/2026,5:06 PM,2026-09-14T00:06:29+00:00,New Orleans Square,Pirates of the Caribbean,15,True,2026-09-14T00:00:52.000Z
09/13/2026,5:06 PM,2026-09-14T00:06:29+00:00,Star Wars: Galaxy's Edge,Millennium Falcon: Smugglers Run,5,True,2026-09-14T00:00:52.000Z
09/13/2026,5:06 PM,2026-09-14T00:06:29+00:00,Star Wars: Galaxy's Edge,Millennium Falcon: Smugglers Run Single Rider,0,True,2026-09-14T00:00:52.000Z
09/13/2026,5:06 PM,2026-09-14T00:06:29+00:00,Star Wars: Galaxy's Edge,Star Wars: Rise of the Resistance,50,True,2026-09-14T00:00:52.000Z
09/13/2026,5:06 PM,2026-09-14T00:06:29+00:00,Tomorrowland,Astro Orbitor,5,True,2026-09-14T00:00:52.000Z
09/13/2026,5:06 PM,2026-09-14T00:06:29+00:00,Tomorrowland,Autopia,15,True,2026-09-14T00:00:52.000Z
09/13/2026,5:06 PM,2026-09-14T00:06:29+00:00,Tomorrowland,Buzz Lightyear Astro Blasters,5,True,2026-09-14T00:00:52.000Z
09/13/2026,5:06 PM,2026-09-14T00:06:29+00:00,Tomorrowland,Disneyland Monorail,15,True,2026-09-14T00:00:52.000Z
09/13/2026,5:06 PM,2026-09-14T00:06:29+00:00,Tomorrowland,Finding Nemo Submarine Voyage,10,True,2026-09-14T00:00:52.000Z
09/13/2026,5:06 PM,2026-09-14T00:06:29+00:00,Tomorrowland,Pixar Short Film Spotlight,0,False,2026-09-14T00:00:52.000Z
09/13/2026,5:06 PM,2026-09-14T00:06:29+00:00,Tomorrowland,Space Mountain,45,True,2026-09-14T00:00:52.000Z
09/13/2026,5:06 PM,2026-09-14T00:06:29+00:00,Tomorrowland,Star Tours - The Adventures Continue,5,True,2026-09-14T00:00:52.000Z
09/13/2026,9:51 PM,2026-09-14T04:51:15+00:00,Adventureland,Adventureland Treehouse inspired by Walt Disney’s Swiss Family Robinson,0,False,2026-09-14T04:45:38.000Z
09/13/2026,9:51 PM,2026-09-14T04:51:15+00:00,Adventureland,Indiana Jones™ Adventure,0,False,2026-09-14T04:45:38.000Z
09/13/2026,9:51 PM,2026-09-14T04:51:15+00:00,Adventureland,Jungle Cruise,5,True,2026-09-14T04:45:38.000Z
09/13/2026,9:51 PM,2026-09-14T04:51:15+00:00,Adventureland,Walt Disney's Enchanted Tiki Room,0,True,2026-09-14T04:45:38.000Z
09/13/2026,9:51 PM,2026-09-14T04:51:15+00:00,Bayou Country,Davy Crockett's Explorer Canoes,0,False,2026-09-14T04:45:38.000Z
09/13/2026,9:51 PM,2026-09-14T04:51:15+00:00,Bayou Country,The Many Adventures of Winnie the Pooh,5,True,2026-09-14T04:45:38.000Z
09/13/2026,9:51 PM,2026-09-14T04:51:15+00:00,Bayou Country,Tiana's Bayou Adventure,5,True,2026-09-14T04:45:38.000Z
09/13/2026,9:51 PM,2026-09-14T04:51:15+00:00,Bayou Country,Tiana's Bayou Adventure Single Rider,0,True,2026-09-14T04:45:38.000Z
09/13/2026,9:51 PM,2026-09-14T04:51:15+00:00,Fantasyland,"""it's a small world""",5,True,2026-09-14T04:45:38.000Z
09/13/2026,9:51 PM,2026-09-14T04:51:15+00:00,Fantasyland,Alice in Wonderland,0,False,2026-09-14T04:45:38.000Z
09/13/2026,9:51 PM,2026-09-14T04:51:15+00:00,Fantasyland,Bluey’s Best Day Ever! at Fantasyland Theatre,0,True,2026-09-14T04:45:38.000Z
09/13/2026,9:51 PM,2026-09-14T04:51:15+00:00,Fantasyland,Casey Jr. Circus Train,5,True,2026-09-14T04:45:38.000Z
09/13/2026,9:51 PM,2026-09-14T04:51:15+00:00,Fantasyland,Dumbo the Flying Elephant,10,True,2026-09-14T04:45:38.000Z
09/13/2026,9:51 PM,2026-09-14T04:51:15+00:00,Fantasyland,King Arthur Carrousel,0,False,2026-09-14T04:45:38.000Z
09/13/2026,9:51 PM,2026-09-14T04:51:15+00:00,Fantasyland,Mad Tea Party,5,True,2026-09-14T04:45:38.000Z
09/13/2026,9:51 PM,2026-09-14T04:51:15+00:00,Fantasyland,Matterhorn Bobsleds,5,True,2026-09-14T04:45:38.000Z
09/13/2026,9:51 PM,2026-09-14T04:51:15+00:00,Fantasyland,Meet Disney Princesses at Royal Hall,0,False,2026-09-14T04:45:38.000Z
09/13/2026,9:51 PM,2026-09-14T04:51:15+00:00,Fantasyland,Mr. Toad's Wild Ride,0,False,2026-09-14T04:45:38.000Z
09/13/2026,9:51 PM,2026-09-14T04:51:15+00:00,Fantasyland,Peter Pan's Flight,0,False,2026-09-14T04:45:38.000Z
09/13/2026,9:51 PM,2026-09-14T04:51:15+00:00,Fantasyland,Pinocchio's Daring Journey,0,False,2026-09-14T04:45:38.000Z
09/13/2026,9:51 PM,2026-09-14T04:51:15+00:00,Fantasyland,Sleeping Beauty Castle Walkthrough,0,False,2026-09-14T04:45:38.000Z
09/13/2026,9:51 PM,2026-09-14T04:51:15+00:00,Fantasyland,Snow White's Enchanted Wish,0,False,2026-09-14T04:45:38.000Z
09/13/2026,9:51 PM,2026-09-14T04:51:15+00:00,Fantasyland,Storybook Land Canal Boats,5,True,2026-09-14T04:45:38.000Z
09/13/2026,9:51 PM,2026-09-14T04:51:15+00:00,Frontierland,Big Thunder Mountain Railroad,0,False,2026-09-14T04:45:38.000Z
09/13/2026,9:51 PM,2026-09-14T04:51:15+00:00,Frontierland,Frontierland Shootin' Exposition,0,True,2026-09-14T04:45:38.000Z
09/13/2026,9:51 PM,2026-09-14T04:51:15+00:00,Frontierland,Mark Twain Riverboat,0,False,2026-09-14T04:45:38.000Z
09/13/2026,9:51 PM,2026-09-14T04:51:15+00:00,Frontierland,Pirate's Lair on Tom Sawyer Island,0,False,2026-09-14T04:45:38.000Z
09/13/2026,9:51 PM,2026-09-14T04:51:15+00:00,Frontierland,Sailing Ship Columbia,0,False,2026-09-14T04:45:38.000Z
09/13/2026,9:51 PM,2026-09-14T04:51:15+00:00,Main Street U.S.A,Disneyland Railroad,10,True,2026-09-14T04:45:38.000Z
09/13/2026,9:51 PM,2026-09-14T04:51:15+00:00,Main Street U.S.A,Great Moments with Mr. Lincoln,0,False,2026-09-14T04:45:38.000Z
09/13/2026,9:51 PM,2026-09-14T04:51:15+00:00,Main Street U.S.A,Main Street Cinema,0,True,2026-09-14T04:45:38.000Z
09/13/2026,9:51 PM,2026-09-14T04:51:15+00:00,Main Street U.S.A,Main Street Vehicles,0,False,2026-09-14T04:45:38.000Z
09/13/2026,9:51 PM,2026-09-14T04:51:15+00:00,Main Street U.S.A,Opera House - Walt Disney - A Magical Life,0,False,2026-09-14T04:45:38.000Z
09/13/2026,9:51 PM,2026-09-14T04:51:15+00:00,Main Street U.S.A,The Disney Gallery,0,False,2026-09-14T04:45:38.000Z
09/13/2026,9:51 PM,2026-09-14T04:51:15+00:00,Main Street U.S.A,Walt Disney - A Magical Life,0,False,2026-09-14T04:45:38.000Z
09/13/2026,9:51 PM,2026-09-14T04:51:15+00:00,Mickey's Toontown,Chip 'n' Dale's GADGETcoaster,0,False,2026-09-14T04:45:38.000Z
09/13/2026,9:51 PM,2026-09-14T04:51:15+00:00,Mickey's Toontown,Donald's Duck Pond,0,False,2026-09-14T04:45:38.000Z
09/13/2026,9:51 PM,2026-09-14T04:51:15+00:00,Mickey's Toontown,Goofy's How-to-Play Yard,0,False,2026-09-14T04:45:38.000Z
09/13/2026,9:51 PM,2026-09-14T04:51:15+00:00,Mickey's Toontown,Mickey & Minnie's Runaway Railway,0,False,2026-09-14T04:45:38.000Z
09/13/2026,9:51 PM,2026-09-14T04:51:15+00:00,Mickey's Toontown,Mickey's House and Meet Mickey Mouse,0,False,2026-09-14T04:45:38.000Z
09/13/2026,9:51 PM,2026-09-14T04:51:15+00:00,Mickey's Toontown,Minnie's House,0,False,2026-09-14T04:45:38.000Z
09/13/2026,9:51 PM,2026-09-14T04:51:15+00:00,Mickey's Toontown,Roger Rabbit's Car Toon Spin,0,False,2026-09-14T04:45:38.000Z
09/13/2026,9:51 PM,2026-09-14T04:51:15+00:00,New Orleans Square,Haunted Mansion Holiday,0,False,2026-09-14T04:45:38.000Z
09/13/2026,9:51 PM,2026-09-14T04:51:15+00:00,New Orleans Square,Pirates of the Caribbean,15,True,2026-09-14T04:45:38.000Z
09/13/2026,9:51 PM,2026-09-14T04:51:15+00:00,Star Wars: Galaxy's Edge,Millennium Falcon: Smugglers Run,10,True,2026-09-14T04:45:38.000Z
09/13/2026,9:51 PM,2026-09-14T04:51:15+00:00,Star Wars: Galaxy's Edge,Millennium Falcon: Smugglers Run Single Rider,0,True,2026-09-14T04:45:38.000Z
09/13/2026,9:51 PM,2026-09-14T04:51:15+00:00,Star Wars: Galaxy's Edge,Star Wars: Rise of the Resistance,15,True,2026-09-14T04:45:38.000Z
09/13/2026,9:51 PM,2026-09-14T04:51:15+00:00,Tomorrowland,Astro Orbitor,10,True,2026-09-14T04:45:38.000Z
09/13/2026,9:51 PM,2026-09-14T04:51:15+00:00,Tomorrowland,Autopia,5,True,2026-09-14T04:45:38.000Z
09/13/2026,9:51 PM,2026-09-14T04:51:15+00:00,Tomorrowland,Buzz Lightyear Astro Blasters,10,True,2026-09-14T04:45:38.000Z
09/13/2026,9:51 PM,2026-09-14T04:51:15+00:00,Tomorrowland,Disneyland Monorail,0,False,2026-09-14T04:45:38.000Z
09/13/2026,9:51 PM,2026-09-14T04:51:15+00:00,Tomorrowland,Finding Nemo Submarine Voyage,5,True,2026-09-14T04:45:38.000Z
09/13/2026,9:51 PM,2026-09-14T04:51:15+00:00,Tomorrowland,Pixar Short Film Spotlight,0,False,2026-09-14T04:45:38.000Z
09/13/2026,9:51 PM,2026-09-14T04:51:15+00:00,Tomorrowland,Space Mountain,20,True,2026-09-14T04:45:38.000Z
09/13/2026,9:51 PM,2026-09-14T04:51:15+00:00,Tomorrowland,Star Tours - The Adventures Continue,5,True,2026-09-14T04:45:38.000Z
09/14/2026,9:31 AM,2026-09-14T16:31:22+00:00,Adventureland,Adventureland Treehouse inspired by Walt Disney’s Swiss Family Robinson,0,True,2026-09-14T16:25:35.000Z
09/14/2026,9:31 AM,2026-09-14T16:31:22+00:00,Adventureland,Indiana Jones™ Adventure,0,False,2026-09-14T16:25:35.000Z
09/14/2026,9:31 AM,2026-09-14T16:31:22+00:00,Adventureland,Jungle Cruise,5,True,2026-09-14T16:25:35.000Z
09/14/2026,9:31 AM,2026-09-14T16:31:22+00:00,Adventureland,Walt Disney's Enchanted Tiki Room,0,False,2026-09-14T16:25:35.000Z
09/14/2026,9:31 AM,2026-09-14T16:31:22+00:00,Bayou Country,Davy Crockett's Explorer Canoes,0,False,2026-09-14T16:25:35.000Z
09/14/2026,9:31 AM,2026-09-14T16:31:22+00:00,Bayou Country,The Many Adventures of Winnie the Pooh,5,True,2026-09-14T16:25:35.000Z
09/14/2026,9:31 AM,2026-09-14T16:31:22+00:00,Bayou Country,Tiana's Bayou Adventure,5,True,2026-09-14T16:25:35.000Z
09/14/2026,9:31 AM,2026-09-14T16:31:22+00:00,Bayou Country,Tiana's Bayou Adventure Single Rider,0,True,2026-09-14T16:25:35.000Z
09/14/2026,9:31 AM,2026-09-14T16:31:22+00:00,Fantasyland,"""it's a small world""",5,True,2026-09-14T16:25:35.000Z
09/14/2026,9:31 AM,2026-09-14T16:31:22+00:00,Fantasyland,Alice in Wonderland,25,True,2026-09-14T16:25:35.000Z
09/14/2026,9:31 AM,2026-09-14T16:31:22+00:00,Fantasyland,Bluey’s Best Day Ever! at Fantasyland Theatre,0,True,2026-09-14T16:25:35.000Z
09/14/2026,9:31 AM,2026-09-14T16:31:22+00:00,Fantasyland,Casey Jr. Circus Train,10,True,2026-09-14T16:25:35.000Z
09/14/2026,9:31 AM,2026-09-14T16:31:22+00:00,Fantasyland,Dumbo the Flying Elephant,15,True,2026-09-14T16:25:35.000Z
09/14/2026,9:31 AM,2026-09-14T16:31:22+00:00,Fantasyland,King Arthur Carrousel,5,True,2026-09-14T16:25:35.000Z
09/14/2026,9:31 AM,2026-09-14T16:31:22+00:00,Fantasyland,Mad Tea Party,0,False,2026-09-14T16:25:35.000Z
09/14/2026,9:31 AM,2026-09-14T16:31:22+00:00,Fantasyland,Matterhorn Bobsleds,0,False,2026-09-14T16:25:35.000Z
09/14/2026,9:31 AM,2026-09-14T16:31:22+00:00,Fantasyland,Meet Disney Princesses at Royal Hall,0,False,2026-09-14T16:25:35.000Z
09/14/2026,9:31 AM,2026-09-14T16:31:22+00:00,Fantasyland,Mr. Toad's Wild Ride,10,True,2026-09-14T16:25:35.000Z
09/14/2026,9:31 AM,2026-09-14T16:31:22+00:00,Fantasyland,Peter Pan's Flight,25,True,2026-09-14T16:25:35.000Z
09/14/2026,9:31 AM,2026-09-14T16:31:22+00:00,Fantasyland,Pinocchio's Daring Journey,5,True,2026-09-14T16:25:35.000Z
09/14/2026,9:31 AM,2026-09-14T16:31:22+00:00,Fantasyland,Sleeping Beauty Castle Walkthrough,0,False,2026-09-14T16:25:35.000Z
09/14/2026,9:31 AM,2026-09-14T16:31:22+00:00,Fantasyland,Snow White's Enchanted Wish,10,True,2026-09-14T16:25:35.000Z
09/14/2026,9:31 AM,2026-09-14T16:31:22+00:00,Fantasyland,Storybook Land Canal Boats,15,True,2026-09-14T16:25:35.000Z
09/14/2026,9:31 AM,2026-09-14T16:31:22+00:00,Frontierland,Big Thunder Mountain Railroad,20,True,2026-09-14T16:25:35.000Z
09/14/2026,9:31 AM,2026-09-14T16:31:22+00:00,Frontierland,Frontierland Shootin' Exposition,0,True,2026-09-14T16:25:35.000Z
09/14/2026,9:31 AM,2026-09-14T16:31:22+00:00,Frontierland,Mark Twain Riverboat,10,True,2026-09-14T16:25:35.000Z
09/14/2026,9:31 AM,2026-09-14T16:31:22+00:00,Frontierland,Pirate's Lair on Tom Sawyer Island,0,False,2026-09-14T16:25:35.000Z
09/14/2026,9:31 AM,2026-09-14T16:31:22+00:00,Frontierland,Sailing Ship Columbia,0,False,2026-09-14T16:25:35.000Z
09/14/2026,9:31 AM,2026-09-14T16:31:22+00:00,Main Street U.S.A,Disneyland Railroad,0,True,2026-09-14T16:25:35.000Z
09/14/2026,9:31 AM,2026-09-14T16:31:22+00:00,Main Street U.S.A,Great Moments with Mr. Lincoln,0,True,2026-09-14T16:25:35.000Z
09/14/2026,9:31 AM,2026-09-14T16:31:22+00:00,Main Street U.S.A,Main Street Cinema,0,True,2026-09-14T16:25:35.000Z
09/14/2026,9:31 AM,2026-09-14T16:31:22+00:00,Main Street U.S.A,Main Street Vehicles,0,True,2026-09-14T16:25:35.000Z
09/14/2026,9:31 AM,2026-09-14T16:31:22+00:00,Main Street U.S.A,Opera House - Walt Disney - A Magical Life,0,True,2026-09-14T16:25:35.000Z
09/14/2026,9:31 AM,2026-09-14T16:31:22+00:00,Main Street U.S.A,The Disney Gallery,0,True,2026-09-14T16:25:35.000Z
09/14/2026,9:31 AM,2026-09-14T16:31:22+00:00,Main Street U.S.A,Walt Disney - A Magical Life,0,False,2026-09-14T16:25:35.000Z
09/14/2026,9:31 AM,2026-09-14T16:31:22+00:00,Mickey's Toontown,Chip 'n' Dale's GADGETcoaster,5,True,2026-09-14T16:25:35.000Z
09/14/2026,9:31 AM,2026-09-14T16:31:22+00:00,Mickey's Toontown,Donald's Duck Pond,0,True,2026-09-14T16:25:35.000Z
09/14/2026,9:31 AM,2026-09-14T16:31:22+00:00,Mickey's Toontown,Goofy's How-to-Play Yard,0,True,2026-09-14T16:25:35.000Z
09/14/2026,9:31 AM,2026-09-14T16:31:22+00:00,Mickey's Toontown,Mickey & Minnie's Runaway Railway,5,True,2026-09-14T16:25:35.000Z
09/14/2026,9:31 AM,2026-09-14T16:31:22+00:00,Mickey's Toontown,Mickey's House and Meet Mickey Mouse,15,True,2026-09-14T16:25:35.000Z
09/14/2026,9:31 AM,2026-09-14T16:31:22+00:00,Mickey's Toontown,Minnie's House,0,True,2026-09-14T16:25:35.000Z
09/14/2026,9:31 AM,2026-09-14T16:31:22+00:00,Mickey's Toontown,Roger Rabbit's Car Toon Spin,5,True,2026-09-14T16:25:35.000Z
09/14/2026,9:31 AM,2026-09-14T16:31:22+00:00,New Orleans Square,Haunted Mansion Holiday,20,True,2026-09-14T16:25:35.000Z
09/14/2026,9:31 AM,2026-09-14T16:31:22+00:00,New Orleans Square,Pirates of the Caribbean,5,True,2026-09-14T16:25:35.000Z
09/14/2026,9:31 AM,2026-09-14T16:31:22+00:00,Star Wars: Galaxy's Edge,Millennium Falcon: Smugglers Run,10,True,2026-09-14T16:25:35.000Z
09/14/2026,9:31 AM,2026-09-14T16:31:22+00:00,Star Wars: Galaxy's Edge,Millennium Falcon: Smugglers Run Single Rider,0,True,2026-09-14T16:25:35.000Z
09/14/2026,9:31 AM,2026-09-14T16:31:22+00:00,Star Wars: Galaxy's Edge,Star Wars: Rise of the Resistance,40,True,2026-09-14T16:25:35.000Z
09/14/2026,9:31 AM,2026-09-14T16:31:22+00:00,Tomorrowland,Astro Orbitor,5,True,2026-09-14T16:25:35.000Z
09/14/2026,9:31 AM,2026-09-14T16:31:22+00:00,Tomorrowland,Autopia,5,True,2026-09-14T16:25:35.000Z
09/14/2026,9:31 AM,2026-09-14T16:31:22+00:00,Tomorrowland,Buzz Lightyear Astro Blasters,5,True,2026-09-14T16:25:35.000Z
09/14/2026,9:31 AM,2026-09-14T16:31:22+00:00,Tomorrowland,Disneyland Monorail,5,True,2026-09-14T16:30:47.000Z
09/14/2026,9:31 AM,2026-09-14T16:31:22+00:00,Tomorrowland,Finding Nemo Submarine Voyage,5,True,2026-09-14T16:25:35.000Z
09/14/2026,9:31 AM,2026-09-14T16:31:22+00:00,Tomorrowland,Pixar Short Film Spotlight,0,False,2026-09-14T16:25:35.000Z
09/14/2026,9:31 AM,2026-09-14T16:31:22+00:00,Tomorrowland,Space Mountain,0,False,2026-09-14T16:25:35.000Z
09/14/2026,9:31 AM,2026-09-14T16:31:22+00:00,Tomorrowland,Star Tours - The Adventures Continue,5,True,2026-09-14T16:25:35.000Z
09/14/2026,1:29 PM,2026-09-14T20:29:47+00:00,Adventureland,Adventureland Treehouse inspired by Walt Disney’s Swiss Family Robinson,0,True,2026-09-14T20:26:21.000Z
09/14/2026,1:29 PM,2026-09-14T20:29:47+00:00,Adventureland,Indiana Jones™ Adventure,0,False,2026-09-14T20:26:21.000Z
09/14/2026,1:29 PM,2026-09-14T20:29:47+00:00,Adventureland,Jungle Cruise,10,True,2026-09-14T20:26:21.000Z
09/14/2026,1:29 PM,2026-09-14T20:29:47+00:00,Adventureland,Walt Disney's Enchanted Tiki Room,0,True,2026-09-14T20:26:21.000Z
09/14/2026,1:29 PM,2026-09-14T20:29:47+00:00,Bayou Country,Davy Crockett's Explorer Canoes,0,False,2026-09-14T20:26:21.000Z
09/14/2026,1:29 PM,2026-09-14T20:29:47+00:00,Bayou Country,The Many Adventures of Winnie the Pooh,10,True,2026-09-14T20:26:21.000Z
09/14/2026,1:29 PM,2026-09-14T20:29:47+00:00,Bayou Country,Tiana's Bayou Adventure,35,True,2026-09-14T20:26:21.000Z
09/14/2026,1:29 PM,2026-09-14T20:29:47+00:00,Bayou Country,Tiana's Bayou Adventure Single Rider,0,True,2026-09-14T20:26:21.000Z
09/14/2026,1:29 PM,2026-09-14T20:29:47+00:00,Fantasyland,"""it's a small world""",0,False,2026-09-14T20:26:21.000Z
09/14/2026,1:29 PM,2026-09-14T20:29:47+00:00,Fantasyland,Alice in Wonderland,25,True,2026-09-14T20:26:21.000Z
09/14/2026,1:29 PM,2026-09-14T20:29:47+00:00,Fantasyland,Bluey’s Best Day Ever! at Fantasyland Theatre,0,True,2026-09-14T20:26:21.000Z
09/14/2026,1:29 PM,2026-09-14T20:29:47+00:00,Fantasyland,Casey Jr. Circus Train,10,True,2026-09-14T20:26:21.000Z
09/14/2026,1:29 PM,2026-09-14T20:29:47+00:00,Fantasyland,Dumbo the Flying Elephant,15,True,2026-09-14T20:26:21.000Z
09/14/2026,1:29 PM,2026-09-14T20:29:47+00:00,Fantasyland,King Arthur Carrousel,5,True,2026-09-14T20:26:21.000Z
09/14/2026,1:29 PM,2026-09-14T20:29:47+00:00,Fantasyland,Mad Tea Party,0,False,2026-09-14T20:26:21.000Z
09/14/2026,1:29 PM,2026-09-14T20:29:47+00:00,Fantasyland,Matterhorn Bobsleds,25,True,2026-09-14T20:26:21.000Z
09/14/2026,1:29 PM,2026-09-14T20:29:47+00:00,Fantasyland,Meet Disney Princesses at Royal Hall,30,True,2026-09-14T20:26:21.000Z
09/14/2026,1:29 PM,2026-09-14T20:29:47+00:00,Fantasyland,Mr. Toad's Wild Ride,10,True,2026-09-14T20:26:21.000Z
09/14/2026,1:29 PM,2026-09-14T20:29:47+00:00,Fantasyland,Peter Pan's Flight,25,True,2026-09-14T20:26:21.000Z
09/14/2026,1:29 PM,2026-09-14T20:29:47+00:00,Fantasyland,Pinocchio's Daring Journey,10,True,2026-09-14T20:26:21.000Z
09/14/2026,1:29 PM,2026-09-14T20:29:47+00:00,Fantasyland,Sleeping Beauty Castle Walkthrough,0,False,2026-09-14T20:26:21.000Z
09/14/2026,1:29 PM,2026-09-14T20:29:47+00:00,Fantasyland,Snow White's Enchanted Wish,5,True,2026-09-14T20:26:21.000Z
09/14/2026,1:29 PM,2026-09-14T20:29:47+00:00,Fantasyland,Storybook Land Canal Boats,10,True,2026-09-14T20:26:21.000Z
09/14/2026,1:29 PM,2026-09-14T20:29:47+00:00,Frontierland,Big Thunder Mountain Railroad,10,True,2026-09-14T20:26:21.000Z
09/14/2026,1:29 PM,2026-09-14T20:29:47+00:00,Frontierland,Frontierland Shootin' Exposition,0,True,2026-09-14T20:26:21.000Z
09/14/2026,1:29 PM,2026-09-14T20:29:47+00:00,Frontierland,Mark Twain Riverboat,10,True,2026-09-14T20:26:21.000Z
09/14/2026,1:29 PM,2026-09-14T20:29:47+00:00,Frontierland,Pirate's Lair on Tom Sawyer Island,0,False,2026-09-14T20:26:21.000Z
09/14/2026,1:29 PM,2026-09-14T20:29:47+00:00,Frontierland,Sailing Ship Columbia,0,False,2026-09-14T20:26:21.000Z
09/14/2026,1:29 PM,2026-09-14T20:29:47+00:00,Main Street U.S.A,Disneyland Railroad,0,True,2026-09-14T20:26:21.000Z
09/14/2026,1:29 PM,2026-09-14T20:29:47+00:00,Main Street U.S.A,Great Moments with Mr. Lincoln,0,True,2026-09-14T20:26:21.000Z
09/14/2026,1:29 PM,2026-09-14T20:29:47+00:00,Main Street U.S.A,Main Street Cinema,0,True,2026-09-14T20:26:21.000Z
09/14/2026,1:29 PM,2026-09-14T20:29:47+00:00,Main Street U.S.A,Main Street Vehicles,0,True,2026-09-14T20:26:21.000Z
09/14/2026,1:29 PM,2026-09-14T20:29:47+00:00,Main Street U.S.A,Opera House - Walt Disney - A Magical Life,0,True,2026-09-14T20:26:21.000Z
09/14/2026,1:29 PM,2026-09-14T20:29:47+00:00,Main Street U.S.A,The Disney Gallery,0,True,2026-09-14T20:26:21.000Z
09/14/2026,1:29 PM,2026-09-14T20:29:47+00:00,Main Street U.S.A,Walt Disney - A Magical Life,0,False,2026-09-14T20:26:21.000Z
09/14/2026,1:29 PM,2026-09-14T20:29:47+00:00,Mickey's Toontown,Chip 'n' Dale's GADGETcoaster,25,True,2026-09-14T20:26:21.000Z
09/14/2026,1:29 PM,2026-09-14T20:29:47+00:00,Mickey's Toontown,Donald's Duck Pond,0,True,2026-09-14T20:26:21.000Z
09/14/2026,1:29 PM,2026-09-14T20:29:47+00:00,Mickey's Toontown,Goofy's How-to-Play Yard,0,True,2026-09-14T20:26:21.000Z
09/14/2026,1:29 PM,2026-09-14T20:29:47+00:00,Mickey's Toontown,Mickey & Minnie's Runaway Railway,35,True,2026-09-14T20:26:21.000Z
09/14/2026,1:29 PM,2026-09-14T20:29:47+00:00,Mickey's Toontown,Mickey's House and Meet Mickey Mouse,10,True,2026-09-14T20:26:21.000Z
09/14/2026,1:29 PM,2026-09-14T20:29:47+00:00,Mickey's Toontown,Minnie's House,0,True,2026-09-14T20:26:21.000Z
09/14/2026,1:29 PM,2026-09-14T20:29:47+00:00,Mickey's Toontown,Roger Rabbit's Car Toon Spin,40,True,2026-09-14T20:26:21.000Z
09/14/2026,1:29 PM,2026-09-14T20:29:47+00:00,New Orleans Square,Haunted Mansion Holiday,30,True,2026-09-14T20:26:21.000Z
09/14/2026,1:29 PM,2026-09-14T20:29:47+00:00,New Orleans Square,Pirates of the Caribbean,20,True,2026-09-14T20:26:21.000Z
09/14/2026,1:29 PM,2026-09-14T20:29:47+00:00,Star Wars: Galaxy's Edge,Millennium Falcon: Smugglers Run,30,True,2026-09-14T20:26:21.000Z
09/14/2026,1:29 PM,2026-09-14T20:29:47+00:00,Star Wars: Galaxy's Edge,Millennium Falcon: Smugglers Run Single Rider,0,True,2026-09-14T20:26:21.000Z
09/14/2026,1:29 PM,2026-09-14T20:29:47+00:00,Star Wars: Galaxy's Edge,Star Wars: Rise of the Resistance,25,True,2026-09-14T20:26:21.000Z
09/14/2026,1:29 PM,2026-09-14T20:29:47+00:00,Tomorrowland,Astro Orbitor,15,True,2026-09-14T20:26:21.000Z
09/14/2026,1:29 PM,2026-09-14T20:29:47+00:00,Tomorrowland,Autopia,15,True,2026-09-14T20:26:21.000Z
09/14/2026,1:29 PM,2026-09-14T20:29:47+00:00,Tomorrowland,Buzz Lightyear Astro Blasters,15,True,2026-09-14T20:26:21.000Z
09/14/2026,1:29 PM,2026-09-14T20:29:47+00:00,Tomorrowland,Disneyland Monorail,5,True,2026-09-14T20:26:21.000Z
09/14/2026,1:29 PM,2026-09-14T20:29:47+00:00,Tomorrowland,Finding Nemo Submarine Voyage,15,True,2026-09-14T20:26:21.000Z
09/14/2026,1:29 PM,2026-09-14T20:29:47+00:00,Tomorrowland,Pixar Short Film Spotlight,0,False,2026-09-14T20:26:21.000Z
09/14/2026,1:29 PM,2026-09-14T20:29:47+00:00,Tomorrowland,Space Mountain,0,False,2026-09-14T20:26:21.000Z
09/14/2026,1:29 PM,2026-09-14T20:29:47+00:00,Tomorrowland,Star Tours - The Adventures Continue,15,True,2026-09-14T20:26:21.000Z
09/14/2026,4:24 PM,2026-09-14T23:24:40+00:00,Adventureland,Adventureland Treehouse inspired by Walt Disney’s Swiss Family Robinson,0,True,2026-09-14T23:20:40.000Z
09/14/2026,4:24 PM,2026-09-14T23:24:40+00:00,Adventureland,Indiana Jones™ Adventure,0,False,2026-09-14T23:20:40.000Z
09/14/2026,4:24 PM,2026-09-14T23:24:40+00:00,Adventureland,Jungle Cruise,10,True,2026-09-14T23:20:40.000Z
09/14/2026,4:24 PM,2026-09-14T23:24:40+00:00,Adventureland,Walt Disney's Enchanted Tiki Room,0,True,2026-09-14T23:20:40.000Z
09/14/2026,4:24 PM,2026-09-14T23:24:40+00:00,Bayou Country,Davy Crockett's Explorer Canoes,0,False,2026-09-14T23:20:40.000Z
09/14/2026,4:24 PM,2026-09-14T23:24:40+00:00,Bayou Country,The Many Adventures of Winnie the Pooh,5,True,2026-09-14T23:20:40.000Z
09/14/2026,4:24 PM,2026-09-14T23:24:40+00:00,Bayou Country,Tiana's Bayou Adventure,45,True,2026-09-14T23:20:40.000Z
09/14/2026,4:24 PM,2026-09-14T23:24:40+00:00,Bayou Country,Tiana's Bayou Adventure Single Rider,0,True,2026-09-14T23:20:40.000Z
09/14/2026,4:24 PM,2026-09-14T23:24:40+00:00,Fantasyland,"""it's a small world""",5,True,2026-09-14T23:20:40.000Z
09/14/2026,4:24 PM,2026-09-14T23:24:40+00:00,Fantasyland,Alice in Wonderland,15,True,2026-09-14T23:20:40.000Z
09/14/2026,4:24 PM,2026-09-14T23:24:40+00:00,Fantasyland,Bluey’s Best Day Ever! at Fantasyland Theatre,0,True,2026-09-14T23:20:40.000Z
09/14/2026,4:24 PM,2026-09-14T23:24:40+00:00,Fantasyland,Casey Jr. Circus Train,5,True,2026-09-14T23:20:40.000Z
09/14/2026,4:24 PM,2026-09-14T23:24:40+00:00,Fantasyland,Dumbo the Flying Elephant,10,True,2026-09-14T23:20:40.000Z
09/14/2026,4:24 PM,2026-09-14T23:24:40+00:00,Fantasyland,King Arthur Carrousel,5,True,2026-09-14T23:20:40.000Z
09/14/2026,4:24 PM,2026-09-14T23:24:40+00:00,Fantasyland,Mad Tea Party,0,False,2026-09-14T23:20:40.000Z
09/14/2026,4:24 PM,2026-09-14T23:24:40+00:00,Fantasyland,Matterhorn Bobsleds,20,True,2026-09-14T23:20:40.000Z
09/14/2026,4:24 PM,2026-09-14T23:24:40+00:00,Fantasyland,Meet Disney Princesses at Royal Hall,30,True,2026-09-14T23:20:40.000Z
09/14/2026,4:24 PM,2026-09-14T23:24:40+00:00,Fantasyland,Mr. Toad's Wild Ride,15,True,2026-09-14T23:20:40.000Z
09/14/2026,4:24 PM,2026-09-14T23:24:40+00:00,Fantasyland,Peter Pan's Flight,30,True,2026-09-14T23:20:40.000Z
09/14/2026,4:24 PM,2026-09-14T23:24:40+00:00,Fantasyland,Pinocchio's Daring Journey,5,True,2026-09-14T23:20:40.000Z
09/14/2026,4:24 PM,2026-09-14T23:24:40+00:00,Fantasyland,Sleeping Beauty Castle Walkthrough,0,False,2026-09-14T23:20:40.000Z
09/14/2026,4:24 PM,2026-09-14T23:24:40+00:00,Fantasyland,Snow White's Enchanted Wish,5,True,2026-09-14T23:20:40.000Z
09/14/2026,4:24 PM,2026-09-14T23:24:40+00:00,Fantasyland,Storybook Land Canal Boats,5,True,2026-09-14T23:20:40.000Z
09/14/2026,4:24 PM,2026-09-14T23:24:40+00:00,Frontierland,Big Thunder Mountain Railroad,20,True,2026-09-14T23:20:40.000Z
09/14/2026,4:24 PM,2026-09-14T23:24:40+00:00,Frontierland,Frontierland Shootin' Exposition,0,True,2026-09-14T23:20:40.000Z
09/14/2026,4:24 PM,2026-09-14T23:24:40+00:00,Frontierland,Mark Twain Riverboat,10,True,2026-09-14T23:20:40.000Z
09/14/2026,4:24 PM,2026-09-14T23:24:40+00:00,Frontierland,Pirate's Lair on Tom Sawyer Island,0,False,2026-09-14T23:20:40.000Z
09/14/2026,4:24 PM,2026-09-14T23:24:40+00:00,Frontierland,Sailing Ship Columbia,0,False,2026-09-14T23:20:40.000Z
09/14/2026,4:24 PM,2026-09-14T23:24:40+00:00,Main Street U.S.A,Disneyland Railroad,5,True,2026-09-14T23:20:40.000Z
09/14/2026,4:24 PM,2026-09-14T23:24:40+00:00,Main Street U.S.A,Great Moments with Mr. Lincoln,0,False,2026-09-14T23:20:40.000Z
09/14/2026,4:24 PM,2026-09-14T23:24:40+00:00,Main Street U.S.A,Main Street Cinema,0,True,2026-09-14T23:20:40.000Z
09/14/2026,4:24 PM,2026-09-14T23:24:40+00:00,Main Street U.S.A,Main Street Vehicles,0,False,2026-09-14T23:20:40.000Z
09/14/2026,4:24 PM,2026-09-14T23:24:40+00:00,Main Street U.S.A,Opera House - Walt Disney - A Magical Life,0,True,2026-09-14T23:20:40.000Z
09/14/2026,4:24 PM,2026-09-14T23:24:40+00:00,Main Street U.S.A,The Disney Gallery,0,True,2026-09-14T23:20:40.000Z
09/14/2026,4:24 PM,2026-09-14T23:24:40+00:00,Main Street U.S.A,Walt Disney - A Magical Life,0,True,2026-09-14T23:20:40.000Z
09/14/2026,4:24 PM,2026-09-14T23:24:40+00:00,Mickey's Toontown,Chip 'n' Dale's GADGETcoaster,10,True,2026-09-14T23:20:40.000Z
09/14/2026,4:24 PM,2026-09-14T23:24:40+00:00,Mickey's Toontown,Donald's Duck Pond,0,True,2026-09-14T23:20:40.000Z
09/14/2026,4:24 PM,2026-09-14T23:24:40+00:00,Mickey's Toontown,Goofy's How-to-Play Yard,0,True,2026-09-14T23:20:40.000Z
09/14/2026,4:24 PM,2026-09-14T23:24:40+00:00,Mickey's Toontown,Mickey & Minnie's Runaway Railway,20,True,2026-09-14T23:20:40.000Z
09/14/2026,4:24 PM,2026-09-14T23:24:40+00:00,Mickey's Toontown,Mickey's House and Meet Mickey Mouse,5,True,2026-09-14T23:20:40.000Z
09/14/2026,4:24 PM,2026-09-14T23:24:40+00:00,Mickey's Toontown,Minnie's House,0,True,2026-09-14T23:20:40.000Z
09/14/2026,4:24 PM,2026-09-14T23:24:40+00:00,Mickey's Toontown,Roger Rabbit's Car Toon Spin,0,False,2026-09-14T23:20:40.000Z
09/14/2026,4:24 PM,2026-09-14T23:24:40+00:00,New Orleans Square,Haunted Mansion Holiday,35,True,2026-09-14T23:20:40.000Z
09/14/2026,4:24 PM,2026-09-14T23:24:40+00:00,New Orleans Square,Pirates of the Caribbean,10,True,2026-09-14T23:20:40.000Z
09/14/2026,4:24 PM,2026-09-14T23:24:40+00:00,Star Wars: Galaxy's Edge,Millennium Falcon: Smugglers Run,10,True,2026-09-14T23:20:40.000Z
09/14/2026,4:24 PM,2026-09-14T23:24:40+00:00,Star Wars: Galaxy's Edge,Millennium Falcon: Smugglers Run Single Rider,0,True,2026-09-14T23:20:40.000Z
09/14/2026,4:24 PM,2026-09-14T23:24:40+00:00,Star Wars: Galaxy's Edge,Star Wars: Rise of the Resistance,35,True,2026-09-14T23:20:40.000Z
09/14/2026,4:24 PM,2026-09-14T23:24:40+00:00,Tomorrowland,Astro Orbitor,5,True,2026-09-14T23:20:40.000Z
09/14/2026,4:24 PM,2026-09-14T23:24:40+00:00,Tomorrowland,Autopia,10,True,2026-09-14T23:20:40.000Z
09/14/2026,4:24 PM,2026-09-14T23:24:40+00:00,Tomorrowland,Buzz Lightyear Astro Blasters,5,True,2026-09-14T23:20:40.000Z
09/14/2026,4:24 PM,2026-09-14T23:24:40+00:00,Tomorrowland,Disneyland Monorail,5,True,2026-09-14T23:20:40.000Z
09/14/2026,4:24 PM,2026-09-14T23:24:40+00:00,Tomorrowland,Finding Nemo Submarine Voyage,10,True,2026-09-14T23:20:40.000Z
09/14/2026,4:24 PM,2026-09-14T23:24:40+00:00,Tomorrowland,Pixar Short Film Spotlight,0,False,2026-09-14T23:20:40.000Z
09/14/2026,4:24 PM,2026-09-14T23:24:40+00:00,Tomorrowland,Space Mountain,45,True,2026-09-14T23:20:40.000Z
09/14/2026,4:24 PM,2026-09-14T23:24:40+00:00,Tomorrowland,Star Tours - The Adventures Continue,5,True,2026-09-14T23:20:40.000Z
09/14/2026,6:52 PM,2026-09-15T01:52:42+00:00,Adventureland,Adventureland Treehouse inspired by Walt Disney’s Swiss Family Robinson,0,True,2026-09-15T01:50:37.000Z
09/14/2026,6:52 PM,2026-09-15T01:52:42+00:00,Adventureland,Indiana Jones™ Adventure,0,False,2026-09-15T01:50:37.000Z
09/14/2026,6:52 PM,2026-09-15T01:52:42+00:00,Adventureland,Jungle Cruise,10,True,2026-09-15T01:50:37.000Z
09/14/2026,6:52 PM,2026-09-15T01:52:42+00:00,Adventureland,Walt Disney's Enchanted Tiki Room,0,True,2026-09-15T01:50:37.000Z
09/14/2026,6:52 PM,2026-09-15T01:52:42+00:00,Bayou Country,Davy Crockett's Explorer Canoes,0,False,2026-09-15T01:50:37.000Z
09/14/2026,6:52 PM,2026-09-15T01:52:42+00:00,Bayou Country,The Many Adventures of Winnie the Pooh,5,True,2026-09-15T01:50:37.000Z
09/14/2026,6:52 PM,2026-09-15T01:52:42+00:00,Bayou Country,Tiana's Bayou Adventure,20,True,2026-09-15T01:50:37.000Z
09/14/2026,6:52 PM,2026-09-15T01:52:42+00:00,Bayou Country,Tiana's Bayou Adventure Single Rider,0,True,2026-09-15T01:50:37.000Z
09/14/2026,6:52 PM,2026-09-15T01:52:42+00:00,Fantasyland,"""it's a small world""",5,True,2026-09-15T01:50:37.000Z
09/14/2026,6:52 PM,2026-09-15T01:52:42+00:00,Fantasyland,Alice in Wonderland,25,True,2026-09-15T01:50:37.000Z
09/14/2026,6:52 PM,2026-09-15T01:52:42+00:00,Fantasyland,Bluey’s Best Day Ever! at Fantasyland Theatre,0,True,2026-09-15T01:50:37.000Z
09/14/2026,6:52 PM,2026-09-15T01:52:42+00:00,Fantasyland,Casey Jr. Circus Train,5,True,2026-09-15T01:50:37.000Z
09/14/2026,6:52 PM,2026-09-15T01:52:42+00:00,Fantasyland,Dumbo the Flying Elephant,10,True,2026-09-15T01:50:37.000Z
09/14/2026,6:52 PM,2026-09-15T01:52:42+00:00,Fantasyland,King Arthur Carrousel,5,True,2026-09-15T01:50:37.000Z
09/14/2026,6:52 PM,2026-09-15T01:52:42+00:00,Fantasyland,Mad Tea Party,0,False,2026-09-15T01:50:37.000Z
09/14/2026,6:52 PM,2026-09-15T01:52:42+00:00,Fantasyland,Matterhorn Bobsleds,20,True,2026-09-15T01:50:37.000Z
09/14/2026,6:52 PM,2026-09-15T01:52:42+00:00,Fantasyland,Meet Disney Princesses at Royal Hall,0,False,2026-09-15T01:50:37.000Z
09/14/2026,6:52 PM,2026-09-15T01:52:42+00:00,Fantasyland,Mr. Toad's Wild Ride,15,True,2026-09-15T01:50:37.000Z
09/14/2026,6:52 PM,2026-09-15T01:52:42+00:00,Fantasyland,Peter Pan's Flight,30,True,2026-09-15T01:50:37.000Z
09/14/2026,6:52 PM,2026-09-15T01:52:42+00:00,Fantasyland,Pinocchio's Daring Journey,10,True,2026-09-15T01:50:37.000Z
09/14/2026,6:52 PM,2026-09-15T01:52:42+00:00,Fantasyland,Sleeping Beauty Castle Walkthrough,0,False,2026-09-15T01:50:37.000Z
09/14/2026,6:52 PM,2026-09-15T01:52:42+00:00,Fantasyland,Snow White's Enchanted Wish,10,True,2026-09-15T01:50:37.000Z
09/14/2026,6:52 PM,2026-09-15T01:52:42+00:00,Fantasyland,Storybook Land Canal Boats,10,True,2026-09-15T01:50:37.000Z
09/14/2026,6:52 PM,2026-09-15T01:52:42+00:00,Frontierland,Big Thunder Mountain Railroad,15,True,2026-09-15T01:50:37.000Z
09/14/2026,6:52 PM,2026-09-15T01:52:42+00:00,Frontierland,Frontierland Shootin' Exposition,0,True,2026-09-15T01:50:37.000Z
09/14/2026,6:52 PM,2026-09-15T01:52:42+00:00,Frontierland,Mark Twain Riverboat,0,False,2026-09-15T01:50:37.000Z
09/14/2026,6:52 PM,2026-09-15T01:52:42+00:00,Frontierland,Pirate's Lair on Tom Sawyer Island,0,False,2026-09-15T01:50:37.000Z
09/14/2026,6:52 PM,2026-09-15T01:52:42+00:00,Frontierland,Sailing Ship Columbia,0,False,2026-09-15T01:50:37.000Z
09/14/2026,6:52 PM,2026-09-15T01:52:42+00:00,Main Street U.S.A,Disneyland Railroad,10,True,2026-09-15T01:50:37.000Z
09/14/2026,6:52 PM,2026-09-15T01:52:42+00:00,Main Street U.S.A,Great Moments with Mr. Lincoln,0,False,2026-09-15T01:50:37.000Z
09/14/2026,6:52 PM,2026-09-15T01:52:42+00:00,Main Street U.S.A,Main Street Cinema,0,True,2026-09-15T01:50:37.000Z
09/14/2026,6:52 PM,2026-09-15T01:52:42+00:00,Main Street U.S.A,Main Street Vehicles,0,False,2026-09-15T01:50:37.000Z
09/14/2026,6:52 PM,2026-09-15T01:52:42+00:00,Main Street U.S.A,Opera House - Walt Disney - A Magical Life,0,True,2026-09-15T01:50:37.000Z
09/14/2026,6:52 PM,2026-09-15T01:52:42+00:00,Main Street U.S.A,The Disney Gallery,0,True,2026-09-15T01:50:37.000Z
09/14/2026,6:52 PM,2026-09-15T01:52:42+00:00,Main Street U.S.A,Walt Disney - A Magical Life,0,True,2026-09-15T01:50:37.000Z
09/14/2026,6:52 PM,2026-09-15T01:52:42+00:00,Mickey's Toontown,Chip 'n' Dale's GADGETcoaster,15,True,2026-09-15T01:50:37.000Z
09/14/2026,6:52 PM,2026-09-15T01:52:42+00:00,Mickey's Toontown,Donald's Duck Pond,0,True,2026-09-15T01:50:37.000Z
09/14/2026,6:52 PM,2026-09-15T01:52:42+00:00,Mickey's Toontown,Goofy's How-to-Play Yard,0,True,2026-09-15T01:50:37.000Z
09/14/2026,6:52 PM,2026-09-15T01:52:42+00:00,Mickey's Toontown,Mickey & Minnie's Runaway Railway,15,True,2026-09-15T01:50:37.000Z
09/14/2026,6:52 PM,2026-09-15T01:52:42+00:00,Mickey's Toontown,Mickey's House and Meet Mickey Mouse,15,True,2026-09-15T01:50:37.000Z
09/14/2026,6:52 PM,2026-09-15T01:52:42+00:00,Mickey's Toontown,Minnie's House,0,True,2026-09-15T01:50:37.000Z
09/14/2026,6:52 PM,2026-09-15T01:52:42+00:00,Mickey's Toontown,Roger Rabbit's Car Toon Spin,10,True,2026-09-15T01:50:37.000Z
09/14/2026,6:52 PM,2026-09-15T01:52:42+00:00,New Orleans Square,Haunted Mansion Holiday,35,True,2026-09-15T01:50:37.000Z
09/14/2026,6:52 PM,2026-09-15T01:52:42+00:00,New Orleans Square,Pirates of the Caribbean,5,True,2026-09-15T01:50:37.000Z
09/14/2026,6:52 PM,2026-09-15T01:52:42+00:00,Star Wars: Galaxy's Edge,Millennium Falcon: Smugglers Run,5,True,2026-09-15T01:50:37.000Z
09/14/2026,6:52 PM,2026-09-15T01:52:42+00:00,Star Wars: Galaxy's Edge,Millennium Falcon: Smugglers Run Single Rider,0,True,2026-09-15T01:50:37.000Z
09/14/2026,6:52 PM,2026-09-15T01:52:42+00:00,Star Wars: Galaxy's Edge,Star Wars: Rise of the Resistance,20,True,2026-09-15T01:50:37.000Z
09/14/2026,6:52 PM,2026-09-15T01:52:42+00:00,Tomorrowland,Astro Orbitor,10,True,2026-09-15T01:50:37.000Z
09/14/2026,6:52 PM,2026-09-15T01:52:42+00:00,Tomorrowland,Autopia,20,True,2026-09-15T01:50:37.000Z
09/14/2026,6:52 PM,2026-09-15T01:52:42+00:00,Tomorrowland,Buzz Lightyear Astro Blasters,5,True,2026-09-15T01:50:37.000Z
09/14/2026,6:52 PM,2026-09-15T01:52:42+00:00,Tomorrowland,Disneyland Monorail,5,True,2026-09-15T01:50:37.000Z
09/14/2026,6:52 PM,2026-09-15T01:52:42+00:00,Tomorrowland,Finding Nemo Submarine Voyage,5,True,2026-09-15T01:50:37.000Z
09/14/2026,6:52 PM,2026-09-15T01:52:42+00:00,Tomorrowland,Pixar Short Film Spotlight,0,False,2026-09-15T01:50:37.000Z
09/14/2026,6:52 PM,2026-09-15T01:52:42+00:00,Tomorrowland,Space Mountain,35,True,2026-09-15T01:50:37.000Z
09/14/2026,6:52 PM,2026-09-15T01:52:42+00:00,Tomorrowland,Star Tours - The Adventures Continue,5,True,2026-09-15T01:50:37.000Z
09/15/2026,10:45 AM,2026-09-15T17:45:17+00:00,Adventureland,Adventureland Treehouse inspired by Walt Disney’s Swiss Family Robinson,0,True,2026-09-15T17:40:32.000Z
09/15/2026,10:45 AM,2026-09-15T17:45:17+00:00,Adventureland,Indiana Jones™ Adventure,0,False,2026-09-15T17:40:32.000Z
09/15/2026,10:45 AM,2026-09-15T17:45:17+00:00,Adventureland,Jungle Cruise,15,True,2026-09-15T17:40:32.000Z
09/15/2026,10:45 AM,2026-09-15T17:45:17+00:00,Adventureland,Walt Disney's Enchanted Tiki Room,0,False,2026-09-15T17:40:32.000Z
09/15/2026,10:45 AM,2026-09-15T17:45:17+00:00,Bayou Country,Davy Crockett's Explorer Canoes,0,False,2026-09-15T17:40:32.000Z
09/15/2026,10:45 AM,2026-09-15T17:45:17+00:00,Bayou Country,The Many Adventures of Winnie the Pooh,5,True,2026-09-15T17:40:32.000Z
09/15/2026,10:45 AM,2026-09-15T17:45:17+00:00,Bayou Country,Tiana's Bayou Adventure,15,True,2026-09-15T17:40:32.000Z
09/15/2026,10:45 AM,2026-09-15T17:45:17+00:00,Bayou Country,Tiana's Bayou Adventure Single Rider,0,True,2026-09-15T17:40:32.000Z
09/15/2026,10:45 AM,2026-09-15T17:45:17+00:00,Fantasyland,"""it's a small world""",5,True,2026-09-15T17:40:32.000Z
09/15/2026,10:45 AM,2026-09-15T17:45:17+00:00,Fantasyland,Alice in Wonderland,30,True,2026-09-15T17:40:32.000Z
09/15/2026,10:45 AM,2026-09-15T17:45:17+00:00,Fantasyland,Bluey’s Best Day Ever! at Fantasyland Theatre,0,True,2026-09-15T17:40:32.000Z
09/15/2026,10:45 AM,2026-09-15T17:45:17+00:00,Fantasyland,Casey Jr. Circus Train,5,True,2026-09-15T17:40:32.000Z
09/15/2026,10:45 AM,2026-09-15T17:45:17+00:00,Fantasyland,Dumbo the Flying Elephant,20,True,2026-09-15T17:40:32.000Z
09/15/2026,10:45 AM,2026-09-15T17:45:17+00:00,Fantasyland,King Arthur Carrousel,5,True,2026-09-15T17:40:32.000Z
09/15/2026,10:45 AM,2026-09-15T17:45:17+00:00,Fantasyland,Mad Tea Party,0,False,2026-09-15T17:40:32.000Z
09/15/2026,10:45 AM,2026-09-15T17:45:17+00:00,Fantasyland,Matterhorn Bobsleds,25,True,2026-09-15T17:40:32.000Z
09/15/2026,10:45 AM,2026-09-15T17:45:17+00:00,Fantasyland,Meet Disney Princesses at Royal Hall,60,True,2026-09-15T17:40:32.000Z
09/15/2026,10:45 AM,2026-09-15T17:45:17+00:00,Fantasyland,Mr. Toad's Wild Ride,20,True,2026-09-15T17:40:32.000Z
09/15/2026,10:45 AM,2026-09-15T17:45:17+00:00,Fantasyland,Peter Pan's Flight,25,True,2026-09-15T17:40:32.000Z
09/15/2026,10:45 AM,2026-09-15T17:45:17+00:00,Fantasyland,Pinocchio's Daring Journey,5,True,2026-09-15T17:40:32.000Z
09/15/2026,10:45 AM,2026-09-15T17:45:17+00:00,Fantasyland,Sleeping Beauty Castle Walkthrough,0,False,2026-09-15T17:40:32.000Z
09/15/2026,10:45 AM,2026-09-15T17:45:17+00:00,Fantasyland,Snow White's Enchanted Wish,10,True,2026-09-15T17:40:32.000Z
09/15/2026,10:45 AM,2026-09-15T17:45:17+00:00,Fantasyland,Storybook Land Canal Boats,10,True,2026-09-15T17:40:32.000Z
09/15/2026,10:45 AM,2026-09-15T17:45:17+00:00,Frontierland,Big Thunder Mountain Railroad,20,True,2026-09-15T17:40:32.000Z
09/15/2026,10:45 AM,2026-09-15T17:45:17+00:00,Frontierland,Frontierland Shootin' Exposition,0,True,2026-09-15T17:40:32.000Z
09/15/2026,10:45 AM,2026-09-15T17:45:17+00:00,Frontierland,Mark Twain Riverboat,10,True,2026-09-15T17:40:32.000Z
09/15/2026,10:45 AM,2026-09-15T17:45:17+00:00,Frontierland,Pirate's Lair on Tom Sawyer Island,0,False,2026-09-15T17:40:32.000Z
09/15/2026,10:45 AM,2026-09-15T17:45:17+00:00,Frontierland,Sailing Ship Columbia,0,False,2026-09-15T17:40:32.000Z
09/15/2026,10:45 AM,2026-09-15T17:45:17+00:00,Main Street U.S.A,Disneyland Railroad,15,True,2026-09-15T17:40:32.000Z
09/15/2026,10:45 AM,2026-09-15T17:45:17+00:00,Main Street U.S.A,Great Moments with Mr. Lincoln,0,True,2026-09-15T17:40:32.000Z
09/15/2026,10:45 AM,2026-09-15T17:45:17+00:00,Main Street U.S.A,Main Street Cinema,0,True,2026-09-15T17:40:32.000Z
09/15/2026,10:45 AM,2026-09-15T17:45:17+00:00,Main Street U.S.A,Main Street Vehicles,0,True,2026-09-15T17:40:32.000Z
09/15/2026,10:45 AM,2026-09-15T17:45:17+00:00,Main Street U.S.A,Opera House - Walt Disney - A Magical Life,0,True,2026-09-15T17:40:32.000Z
09/15/2026,10:45 AM,2026-09-15T17:45:17+00:00,Main Street U.S.A,The Disney Gallery,0,True,2026-09-15T17:40:32.000Z
09/15/2026,10:45 AM,2026-09-15T17:45:17+00:00,Main Street U.S.A,Walt Disney - A Magical Life,0,False,2026-09-15T17:40:32.000Z
09/15/2026,10:45 AM,2026-09-15T17:45:17+00:00,Mickey's Toontown,Chip 'n' Dale's GADGETcoaster,15,True,2026-09-15T17:40:32.000Z
09/15/2026,10:45 AM,2026-09-15T17:45:17+00:00,Mickey's Toontown,Donald's Duck Pond,0,True,2026-09-15T17:40:32.000Z
09/15/2026,10:45 AM,2026-09-15T17:45:17+00:00,Mickey's Toontown,Goofy's How-to-Play Yard,0,True,2026-09-15T17:40:32.000Z
09/15/2026,10:45 AM,2026-09-15T17:45:17+00:00,Mickey's Toontown,Mickey & Minnie's Runaway Railway,15,True,2026-09-15T17:40:32.000Z
09/15/2026,10:45 AM,2026-09-15T17:45:17+00:00,Mickey's Toontown,Mickey's House and Meet Mickey Mouse,20,True,2026-09-15T17:40:32.000Z
09/15/2026,10:45 AM,2026-09-15T17:45:17+00:00,Mickey's Toontown,Minnie's House,0,True,2026-09-15T17:40:32.000Z
09/15/2026,10:45 AM,2026-09-15T17:45:17+00:00,Mickey's Toontown,Roger Rabbit's Car Toon Spin,25,True,2026-09-15T17:40:32.000Z
09/15/2026,10:45 AM,2026-09-15T17:45:17+00:00,New Orleans Square,Haunted Mansion Holiday,35,True,2026-09-15T17:40:32.000Z
09/15/2026,10:45 AM,2026-09-15T17:45:17+00:00,New Orleans Square,Pirates of the Caribbean,20,True,2026-09-15T17:40:32.000Z
09/15/2026,10:45 AM,2026-09-15T17:45:17+00:00,Star Wars: Galaxy's Edge,Millennium Falcon: Smugglers Run,5,True,2026-09-15T17:40:32.000Z
09/15/2026,10:45 AM,2026-09-15T17:45:17+00:00,Star Wars: Galaxy's Edge,Millennium Falcon: Smugglers Run Single Rider,0,True,2026-09-15T17:40:32.000Z
09/15/2026,10:45 AM,2026-09-15T17:45:17+00:00,Star Wars: Galaxy's Edge,Star Wars: Rise of the Resistance,40,True,2026-09-15T17:40:32.000Z
09/15/2026,10:45 AM,2026-09-15T17:45:17+00:00,Tomorrowland,Astro Orbitor,20,True,2026-09-15T17:40:32.000Z
09/15/2026,10:45 AM,2026-09-15T17:45:17+00:00,Tomorrowland,Autopia,20,True,2026-09-15T17:40:32.000Z
09/15/2026,10:45 AM,2026-09-15T17:45:17+00:00,Tomorrowland,Buzz Lightyear Astro Blasters,10,True,2026-09-15T17:40:32.000Z
09/15/2026,10:45 AM,2026-09-15T17:45:17+00:00,Tomorrowland,Disneyland Monorail,5,True,2026-09-15T17:40:32.000Z
09/15/2026,10:45 AM,2026-09-15T17:45:17+00:00,Tomorrowland,Finding Nemo Submarine Voyage,20,True,2026-09-15T17:40:32.000Z
09/15/2026,10:45 AM,2026-09-15T17:45:17+00:00,Tomorrowland,Pixar Short Film Spotlight,0,False,2026-09-15T17:40:32.000Z
09/15/2026,10:45 AM,2026-09-15T17:45:17+00:00,Tomorrowland,Space Mountain,40,True,2026-09-15T17:40:32.000Z
09/15/2026,10:45 AM,2026-09-15T17:45:17+00:00,Tomorrowland,Star Tours - The Adventures Continue,5,True,2026-09-15T17:40:32.000Z
09/15/2026,2:15 PM,2026-09-15T21:15:29+00:00,Adventureland,Adventureland Treehouse inspired by Walt Disney’s Swiss Family Robinson,0,True,2026-09-15T21:10:44.000Z
09/15/2026,2:15 PM,2026-09-15T21:15:29+00:00,Adventureland,Indiana Jones™ Adventure,0,False,2026-09-15T21:10:44.000Z
09/15/2026,2:15 PM,2026-09-15T21:15:29+00:00,Adventureland,Jungle Cruise,0,False,2026-09-15T21:10:44.000Z
09/15/2026,2:15 PM,2026-09-15T21:15:29+00:00,Adventureland,Walt Disney's Enchanted Tiki Room,0,True,2026-09-15T21:10:44.000Z
09/15/2026,2:15 PM,2026-09-15T21:15:29+00:00,Bayou Country,Davy Crockett's Explorer Canoes,0,False,2026-09-15T21:10:44.000Z
09/15/2026,2:15 PM,2026-09-15T21:15:29+00:00,Bayou Country,The Many Adventures of Winnie the Pooh,15,True,2026-09-15T21:10:44.000Z
09/15/2026,2:15 PM,2026-09-15T21:15:29+00:00,Bayou Country,Tiana's Bayou Adventure,45,True,2026-09-15T21:10:44.000Z
09/15/2026,2:15 PM,2026-09-15T21:15:29+00:00,Bayou Country,Tiana's Bayou Adventure Single Rider,0,True,2026-09-15T21:10:44.000Z
09/15/2026,2:15 PM,2026-09-15T21:15:29+00:00,Fantasyland,"""it's a small world""",5,True,2026-09-15T21:10:44.000Z
09/15/2026,2:15 PM,2026-09-15T21:15:29+00:00,Fantasyland,Alice in Wonderland,20,True,2026-09-15T21:10:44.000Z
09/15/2026,2:15 PM,2026-09-15T21:15:29+00:00,Fantasyland,Bluey’s Best Day Ever! at Fantasyland Theatre,0,True,2026-09-15T21:10:44.000Z
09/15/2026,2:15 PM,2026-09-15T21:15:29+00:00,Fantasyland,Casey Jr. Circus Train,5,True,2026-09-15T21:10:44.000Z
09/15/2026,2:15 PM,2026-09-15T21:15:29+00:00,Fantasyland,Dumbo the Flying Elephant,15,True,2026-09-15T21:10:44.000Z
09/15/2026,2:15 PM,2026-09-15T21:15:29+00:00,Fantasyland,King Arthur Carrousel,5,True,2026-09-15T21:10:44.000Z
09/15/2026,2:15 PM,2026-09-15T21:15:29+00:00,Fantasyland,Mad Tea Party,0,False,2026-09-15T21:10:44.000Z
09/15/2026,2:15 PM,2026-09-15T21:15:29+00:00,Fantasyland,Matterhorn Bobsleds,30,True,2026-09-15T21:10:44.000Z
09/15/2026,2:15 PM,2026-09-15T21:15:29+00:00,Fantasyland,Meet Disney Princesses at Royal Hall,30,True,2026-09-15T21:10:44.000Z
09/15/2026,2:15 PM,2026-09-15T21:15:29+00:00,Fantasyland,Mr. Toad's Wild Ride,15,True,2026-09-15T21:10:44.000Z
09/15/2026,2:15 PM,2026-09-15T21:15:29+00:00,Fantasyland,Peter Pan's Flight,20,True,2026-09-15T21:10:44.000Z
09/15/2026,2:15 PM,2026-09-15T21:15:29+00:00,Fantasyland,Pinocchio's Daring Journey,10,True,2026-09-15T21:10:44.000Z
09/15/2026,2:15 PM,2026-09-15T21:15:29+00:00,Fantasyland,Sleeping Beauty Castle Walkthrough,0,False,2026-09-15T21:10:44.000Z
09/15/2026,2:15 PM,2026-09-15T21:15:29+00:00,Fantasyland,Snow White's Enchanted Wish,10,True,2026-09-15T21:10:44.000Z
09/15/2026,2:15 PM,2026-09-15T21:15:29+00:00,Fantasyland,Storybook Land Canal Boats,15,True,2026-09-15T21:10:44.000Z
09/15/2026,2:15 PM,2026-09-15T21:15:29+00:00,Frontierland,Big Thunder Mountain Railroad,20,True,2026-09-15T21:10:44.000Z
09/15/2026,2:15 PM,2026-09-15T21:15:29+00:00,Frontierland,Frontierland Shootin' Exposition,0,True,2026-09-15T21:10:44.000Z
09/15/2026,2:15 PM,2026-09-15T21:15:29+00:00,Frontierland,Mark Twain Riverboat,10,True,2026-09-15T21:10:44.000Z
09/15/2026,2:15 PM,2026-09-15T21:15:29+00:00,Frontierland,Pirate's Lair on Tom Sawyer Island,0,False,2026-09-15T21:10:44.000Z
09/15/2026,2:15 PM,2026-09-15T21:15:29+00:00,Frontierland,Sailing Ship Columbia,0,False,2026-09-15T21:10:44.000Z
09/15/2026,2:15 PM,2026-09-15T21:15:29+00:00,Main Street U.S.A,Disneyland Railroad,15,True,2026-09-15T21:10:44.000Z
09/15/2026,2:15 PM,2026-09-15T21:15:29+00:00,Main Street U.S.A,Great Moments with Mr. Lincoln,0,False,2026-09-15T21:10:44.000Z
09/15/2026,2:15 PM,2026-09-15T21:15:29+00:00,Main Street U.S.A,Main Street Cinema,0,True,2026-09-15T21:10:44.000Z
09/15/2026,2:15 PM,2026-09-15T21:15:29+00:00,Main Street U.S.A,Main Street Vehicles,0,True,2026-09-15T21:10:44.000Z
09/15/2026,2:15 PM,2026-09-15T21:15:29+00:00,Main Street U.S.A,Opera House - Walt Disney - A Magical Life,0,True,2026-09-15T21:10:44.000Z
09/15/2026,2:15 PM,2026-09-15T21:15:29+00:00,Main Street U.S.A,The Disney Gallery,0,True,2026-09-15T21:10:44.000Z
09/15/2026,2:15 PM,2026-09-15T21:15:29+00:00,Main Street U.S.A,Walt Disney - A Magical Life,0,True,2026-09-15T21:10:44.000Z
09/15/2026,2:15 PM,2026-09-15T21:15:29+00:00,Mickey's Toontown,Chip 'n' Dale's GADGETcoaster,20,True,2026-09-15T21:10:44.000Z
09/15/2026,2:15 PM,2026-09-15T21:15:29+00:00,Mickey's Toontown,Donald's Duck Pond,0,True,2026-09-15T21:10:44.000Z
09/15/2026,2:15 PM,2026-09-15T21:15:29+00:00,Mickey's Toontown,Goofy's How-to-Play Yard,0,True,2026-09-15T21:10:44.000Z
09/15/2026,2:15 PM,2026-09-15T21:15:29+00:00,Mickey's Toontown,Mickey & Minnie's Runaway Railway,15,True,2026-09-15T21:10:44.000Z
09/15/2026,2:15 PM,2026-09-15T21:15:29+00:00,Mickey's Toontown,Mickey's House and Meet Mickey Mouse,30,True,2026-09-15T21:10:44.000Z
09/15/2026,2:15 PM,2026-09-15T21:15:29+00:00,Mickey's Toontown,Minnie's House,0,True,2026-09-15T21:10:44.000Z
09/15/2026,2:15 PM,2026-09-15T21:15:29+00:00,Mickey's Toontown,Roger Rabbit's Car Toon Spin,40,True,2026-09-15T21:10:44.000Z
09/15/2026,2:15 PM,2026-09-15T21:15:29+00:00,New Orleans Square,Haunted Mansion Holiday,35,True,2026-09-15T21:10:44.000Z
09/15/2026,2:15 PM,2026-09-15T21:15:29+00:00,New Orleans Square,Pirates of the Caribbean,20,True,2026-09-15T21:10:44.000Z
09/15/2026,2:15 PM,2026-09-15T21:15:29+00:00,Star Wars: Galaxy's Edge,Millennium Falcon: Smugglers Run,5,True,2026-09-15T21:10:44.000Z
09/15/2026,2:15 PM,2026-09-15T21:15:29+00:00,Star Wars: Galaxy's Edge,Millennium Falcon: Smugglers Run Single Rider,0,True,2026-09-15T21:10:44.000Z
09/15/2026,2:15 PM,2026-09-15T21:15:29+00:00,Star Wars: Galaxy's Edge,Star Wars: Rise of the Resistance,40,True,2026-09-15T21:10:44.000Z
09/15/2026,2:15 PM,2026-09-15T21:15:29+00:00,Tomorrowland,Astro Orbitor,10,True,2026-09-15T21:10:44.000Z
09/15/2026,2:15 PM,2026-09-15T21:15:29+00:00,Tomorrowland,Autopia,15,True,2026-09-15T21:10:44.000Z
09/15/2026,2:15 PM,2026-09-15T21:15:29+00:00,Tomorrowland,Buzz Lightyear Astro Blasters,15,True,2026-09-15T21:10:44.000Z
09/15/2026,2:15 PM,2026-09-15T21:15:29+00:00,Tomorrowland,Disneyland Monorail,5,True,2026-09-15T21:10:44.000Z
09/15/2026,2:15 PM,2026-09-15T21:15:29+00:00,Tomorrowland,Finding Nemo Submarine Voyage,25,True,2026-09-15T21:10:44.000Z
09/15/2026,2:15 PM,2026-09-15T21:15:29+00:00,Tomorrowland,Pixar Short Film Spotlight,0,False,2026-09-15T21:10:44.000Z
09/15/2026,2:15 PM,2026-09-15T21:15:29+00:00,Tomorrowland,Space Mountain,45,True,2026-09-15T21:10:44.000Z
09/15/2026,2:15 PM,2026-09-15T21:15:29+00:00,Tomorrowland,Star Tours - The Adventures Continue,10,True,2026-09-15T21:10:44.000Z
09/15/2026,4:40 PM,2026-09-15T23:40:05+00:00,Adventureland,Adventureland Treehouse inspired by Walt Disney’s Swiss Family Robinson,0,True,2026-09-15T23:35:30.000Z
09/15/2026,4:40 PM,2026-09-15T23:40:05+00:00,Adventureland,Indiana Jones™ Adventure,0,False,2026-09-15T23:35:30.000Z
09/15/2026,4:40 PM,2026-09-15T23:40:05+00:00,Adventureland,Jungle Cruise,0,False,2026-09-15T23:35:30.000Z
09/15/2026,4:40 PM,2026-09-15T23:40:05+00:00,Adventureland,Walt Disney's Enchanted Tiki Room,0,True,2026-09-15T23:35:30.000Z
09/15/2026,4:40 PM,2026-09-15T23:40:05+00:00,Bayou Country,Davy Crockett's Explorer Canoes,0,False,2026-09-15T23:35:30.000Z
09/15/2026,4:40 PM,2026-09-15T23:40:05+00:00,Bayou Country,The Many Adventures of Winnie the Pooh,10,True,2026-09-15T23:35:30.000Z
09/15/2026,4:40 PM,2026-09-15T23:40:05+00:00,Bayou Country,Tiana's Bayou Adventure,50,True,2026-09-15T23:35:30.000Z
09/15/2026,4:40 PM,2026-09-15T23:40:05+00:00,Bayou Country,Tiana's Bayou Adventure Single Rider,0,True,2026-09-15T23:35:30.000Z
09/15/2026,4:40 PM,2026-09-15T23:40:05+00:00,Fantasyland,"""it's a small world""",5,True,2026-09-15T23:35:30.000Z
09/15/2026,4:40 PM,2026-09-15T23:40:05+00:00,Fantasyland,Alice in Wonderland,25,True,2026-09-15T23:35:30.000Z
09/15/2026,4:40 PM,2026-09-15T23:40:05+00:00,Fantasyland,Bluey’s Best Day Ever! at Fantasyland Theatre,0,True,2026-09-15T23:35:30.000Z
09/15/2026,4:40 PM,2026-09-15T23:40:05+00:00,Fantasyland,Casey Jr. Circus Train,5,True,2026-09-15T23:35:30.000Z
09/15/2026,4:40 PM,2026-09-15T23:40:05+00:00,Fantasyland,Dumbo the Flying Elephant,20,True,2026-09-15T23:35:30.000Z
09/15/2026,4:40 PM,2026-09-15T23:40:05+00:00,Fantasyland,King Arthur Carrousel,5,True,2026-09-15T23:35:30.000Z
09/15/2026,4:40 PM,2026-09-15T23:40:05+00:00,Fantasyland,Mad Tea Party,0,False,2026-09-15T23:35:30.000Z
09/15/2026,4:40 PM,2026-09-15T23:40:05+00:00,Fantasyland,Matterhorn Bobsleds,35,True,2026-09-15T23:35:30.000Z
09/15/2026,4:40 PM,2026-09-15T23:40:05+00:00,Fantasyland,Meet Disney Princesses at Royal Hall,45,True,2026-09-15T23:35:30.000Z
09/15/2026,4:40 PM,2026-09-15T23:40:05+00:00,Fantasyland,Mr. Toad's Wild Ride,10,True,2026-09-15T23:35:30.000Z
09/15/2026,4:40 PM,2026-09-15T23:40:05+00:00,Fantasyland,Peter Pan's Flight,30,True,2026-09-15T23:35:30.000Z
09/15/2026,4:40 PM,2026-09-15T23:40:05+00:00,Fantasyland,Pinocchio's Daring Journey,10,True,2026-09-15T23:35:30.000Z
09/15/2026,4:40 PM,2026-09-15T23:40:05+00:00,Fantasyland,Sleeping Beauty Castle Walkthrough,0,False,2026-09-15T23:35:30.000Z
09/15/2026,4:40 PM,2026-09-15T23:40:05+00:00,Fantasyland,Snow White's Enchanted Wish,10,True,2026-09-15T23:35:30.000Z
09/15/2026,4:40 PM,2026-09-15T23:40:05+00:00,Fantasyland,Storybook Land Canal Boats,15,True,2026-09-15T23:35:30.000Z
09/15/2026,4:40 PM,2026-09-15T23:40:05+00:00,Frontierland,Big Thunder Mountain Railroad,20,True,2026-09-15T23:35:30.000Z
09/15/2026,4:40 PM,2026-09-15T23:40:05+00:00,Frontierland,Frontierland Shootin' Exposition,0,True,2026-09-15T23:35:30.000Z
09/15/2026,4:40 PM,2026-09-15T23:40:05+00:00,Frontierland,Mark Twain Riverboat,10,True,2026-09-15T23:35:30.000Z
09/15/2026,4:40 PM,2026-09-15T23:40:05+00:00,Frontierland,Pirate's Lair on Tom Sawyer Island,0,False,2026-09-15T23:35:30.000Z
09/15/2026,4:40 PM,2026-09-15T23:40:05+00:00,Frontierland,Sailing Ship Columbia,0,False,2026-09-15T23:35:30.000Z
09/15/2026,4:40 PM,2026-09-15T23:40:05+00:00,Main Street U.S.A,Disneyland Railroad,10,True,2026-09-15T23:35:30.000Z
09/15/2026,4:40 PM,2026-09-15T23:40:05+00:00,Main Street U.S.A,Great Moments with Mr. Lincoln,0,False,2026-09-15T23:35:30.000Z
09/15/2026,4:40 PM,2026-09-15T23:40:05+00:00,Main Street U.S.A,Main Street Cinema,0,True,2026-09-15T23:35:30.000Z
09/15/2026,4:40 PM,2026-09-15T23:40:05+00:00,Main Street U.S.A,Main Street Vehicles,0,False,2026-09-15T23:35:30.000Z
09/15/2026,4:40 PM,2026-09-15T23:40:05+00:00,Main Street U.S.A,Opera House - Walt Disney - A Magical Life,0,True,2026-09-15T23:35:30.000Z
09/15/2026,4:40 PM,2026-09-15T23:40:05+00:00,Main Street U.S.A,The Disney Gallery,0,True,2026-09-15T23:35:30.000Z
09/15/2026,4:40 PM,2026-09-15T23:40:05+00:00,Main Street U.S.A,Walt Disney - A Magical Life,0,True,2026-09-15T23:35:30.000Z
09/15/2026,4:40 PM,2026-09-15T23:40:05+00:00,Mickey's Toontown,Chip 'n' Dale's GADGETcoaster,15,True,2026-09-15T23:35:30.000Z
09/15/2026,4:40 PM,2026-09-15T23:40:05+00:00,Mickey's Toontown,Donald's Duck Pond,0,True,2026-09-15T23:35:30.000Z
09/15/2026,4:40 PM,2026-09-15T23:40:05+00:00,Mickey's Toontown,Goofy's How-to-Play Yard,0,True,2026-09-15T23:35:30.000Z
09/15/2026,4:40 PM,2026-09-15T23:40:05+00:00,Mickey's Toontown,Mickey & Minnie's Runaway Railway,30,True,2026-09-15T23:35:30.000Z
09/15/2026,4:40 PM,2026-09-15T23:40:05+00:00,Mickey's Toontown,Mickey's House and Meet Mickey Mouse,30,True,2026-09-15T23:35:30.000Z
09/15/2026,4:40 PM,2026-09-15T23:40:05+00:00,Mickey's Toontown,Minnie's House,0,True,2026-09-15T23:35:30.000Z
09/15/2026,4:40 PM,2026-09-15T23:40:05+00:00,Mickey's Toontown,Roger Rabbit's Car Toon Spin,40,True,2026-09-15T23:35:30.000Z
09/15/2026,4:40 PM,2026-09-15T23:40:05+00:00,New Orleans Square,Haunted Mansion Holiday,30,True,2026-09-15T23:35:30.000Z
09/15/2026,4:40 PM,2026-09-15T23:40:05+00:00,New Orleans Square,Pirates of the Caribbean,15,True,2026-09-15T23:35:30.000Z
09/15/2026,4:40 PM,2026-09-15T23:40:05+00:00,Star Wars: Galaxy's Edge,Millennium Falcon: Smugglers Run,10,True,2026-09-15T23:35:30.000Z
09/15/2026,4:40 PM,2026-09-15T23:40:05+00:00,Star Wars: Galaxy's Edge,Millennium Falcon: Smugglers Run Single Rider,0,True,2026-09-15T23:35:30.000Z
09/15/2026,4:40 PM,2026-09-15T23:40:05+00:00,Star Wars: Galaxy's Edge,Star Wars: Rise of the Resistance,45,True,2026-09-15T23:35:30.000Z
09/15/2026,4:40 PM,2026-09-15T23:40:05+00:00,Tomorrowland,Astro Orbitor,10,True,2026-09-15T23:35:30.000Z
09/15/2026,4:40 PM,2026-09-15T23:40:05+00:00,Tomorrowland,Autopia,15,True,2026-09-15T23:35:30.000Z
09/15/2026,4:40 PM,2026-09-15T23:40:05+00:00,Tomorrowland,Buzz Lightyear Astro Blasters,10,True,2026-09-15T23:35:30.000Z
09/15/2026,4:40 PM,2026-09-15T23:40:05+00:00,Tomorrowland,Disneyland Monorail,5,True,2026-09-15T23:35:30.000Z
09/15/2026,4:40 PM,2026-09-15T23:40:05+00:00,Tomorrowland,Finding Nemo Submarine Voyage,25,True,2026-09-15T23:35:30.000Z
09/15/2026,4:40 PM,2026-09-15T23:40:05+00:00,Tomorrowland,Pixar Short Film Spotlight,0,False,2026-09-15T23:35:30.000Z
09/15/2026,4:40 PM,2026-09-15T23:40:05+00:00,Tomorrowland,Space Mountain,40,True,2026-09-15T23:35:30.000Z
09/15/2026,4:40 PM,2026-09-15T23:40:05+00:00,Tomorrowland,Star Tours - The Adventures Continue,10,True,2026-09-15T23:35:30.000Z
09/15/2026,9:42 PM,2026-09-16T04:42:33+00:00,Adventureland,Adventureland Treehouse inspired by Walt Disney’s Swiss Family Robinson,0,True,2026-09-16T04:40:30.000Z
09/15/2026,9:42 PM,2026-09-16T04:42:33+00:00,Adventureland,Indiana Jones™ Adventure,0,False,2026-09-16T04:40:30.000Z
09/15/2026,9:42 PM,2026-09-16T04:42:33+00:00,Adventureland,Jungle Cruise,0,False,2026-09-16T04:40:30.000Z
09/15/2026,9:42 PM,2026-09-16T04:42:33+00:00,Adventureland,Walt Disney's Enchanted Tiki Room,0,True,2026-09-16T04:40:30.000Z
09/15/2026,9:42 PM,2026-09-16T04:42:33+00:00,Bayou Country,Davy Crockett's Explorer Canoes,0,False,2026-09-16T04:40:30.000Z
09/15/2026,9:42 PM,2026-09-16T04:42:33+00:00,Bayou Country,The Many Adventures of Winnie the Pooh,5,True,2026-09-16T04:40:30.000Z
09/15/2026,9:42 PM,2026-09-16T04:42:33+00:00,Bayou Country,Tiana's Bayou Adventure,5,True,2026-09-16T04:40:30.000Z
09/15/2026,9:42 PM,2026-09-16T04:42:33+00:00,Bayou Country,Tiana's Bayou Adventure Single Rider,0,True,2026-09-16T04:40:30.000Z
09/15/2026,9:42 PM,2026-09-16T04:42:33+00:00,Fantasyland,"""it's a small world""",5,True,2026-09-16T04:40:30.000Z
09/15/2026,9:42 PM,2026-09-16T04:42:33+00:00,Fantasyland,Alice in Wonderland,0,False,2026-09-16T04:40:30.000Z
09/15/2026,9:42 PM,2026-09-16T04:42:33+00:00,Fantasyland,Bluey’s Best Day Ever! at Fantasyland Theatre,0,True,2026-09-16T04:40:30.000Z
09/15/2026,9:42 PM,2026-09-16T04:42:33+00:00,Fantasyland,Casey Jr. Circus Train,5,True,2026-09-16T04:40:30.000Z
09/15/2026,9:42 PM,2026-09-16T04:42:33+00:00,Fantasyland,Dumbo the Flying Elephant,10,True,2026-09-16T04:40:30.000Z
09/15/2026,9:42 PM,2026-09-16T04:42:33+00:00,Fantasyland,King Arthur Carrousel,5,True,2026-09-16T04:40:30.000Z
09/15/2026,9:42 PM,2026-09-16T04:42:33+00:00,Fantasyland,Mad Tea Party,0,False,2026-09-16T04:40:30.000Z
09/15/2026,9:42 PM,2026-09-16T04:42:33+00:00,Fantasyland,Matterhorn Bobsleds,20,True,2026-09-16T04:40:30.000Z
09/15/2026,9:42 PM,2026-09-16T04:42:33+00:00,Fantasyland,Meet Disney Princesses at Royal Hall,0,False,2026-09-16T04:40:30.000Z
09/15/2026,9:42 PM,2026-09-16T04:42:33+00:00,Fantasyland,Mr. Toad's Wild Ride,5,True,2026-09-16T04:40:30.000Z
09/15/2026,9:42 PM,2026-09-16T04:42:33+00:00,Fantasyland,Peter Pan's Flight,25,True,2026-09-16T04:40:30.000Z
09/15/2026,9:42 PM,2026-09-16T04:42:33+00:00,Fantasyland,Pinocchio's Daring Journey,5,True,2026-09-16T04:40:30.000Z
09/15/2026,9:42 PM,2026-09-16T04:42:33+00:00,Fantasyland,Sleeping Beauty Castle Walkthrough,0,False,2026-09-16T04:40:30.000Z
09/15/2026,9:42 PM,2026-09-16T04:42:33+00:00,Fantasyland,Snow White's Enchanted Wish,10,True,2026-09-16T04:40:30.000Z
09/15/2026,9:42 PM,2026-09-16T04:42:33+00:00,Fantasyland,Storybook Land Canal Boats,15,True,2026-09-16T04:40:30.000Z
09/15/2026,9:42 PM,2026-09-16T04:42:33+00:00,Frontierland,Big Thunder Mountain Railroad,20,True,2026-09-16T04:40:30.000Z
09/15/2026,9:42 PM,2026-09-16T04:42:33+00:00,Frontierland,Frontierland Shootin' Exposition,0,True,2026-09-16T04:40:30.000Z
09/15/2026,9:42 PM,2026-09-16T04:42:33+00:00,Frontierland,Mark Twain Riverboat,0,False,2026-09-16T04:40:30.000Z
09/15/2026,9:42 PM,2026-09-16T04:42:33+00:00,Frontierland,Pirate's Lair on Tom Sawyer Island,0,False,2026-09-16T04:40:30.000Z
09/15/2026,9:42 PM,2026-09-16T04:42:33+00:00,Frontierland,Sailing Ship Columbia,0,False,2026-09-16T04:40:30.000Z
09/15/2026,9:42 PM,2026-09-16T04:42:33+00:00,Main Street U.S.A,Disneyland Railroad,10,True,2026-09-16T04:40:30.000Z
09/15/2026,9:42 PM,2026-09-16T04:42:33+00:00,Main Street U.S.A,Great Moments with Mr. Lincoln,0,False,2026-09-16T04:40:30.000Z
09/15/2026,9:42 PM,2026-09-16T04:42:33+00:00,Main Street U.S.A,Main Street Cinema,0,True,2026-09-16T04:40:30.000Z
09/15/2026,9:42 PM,2026-09-16T04:42:33+00:00,Main Street U.S.A,Main Street Vehicles,0,False,2026-09-16T04:40:30.000Z
09/15/2026,9:42 PM,2026-09-16T04:42:33+00:00,Main Street U.S.A,Opera House - Walt Disney - A Magical Life,0,False,2026-09-16T04:40:30.000Z
09/15/2026,9:42 PM,2026-09-16T04:42:33+00:00,Main Street U.S.A,The Disney Gallery,0,False,2026-09-16T04:40:30.000Z
09/15/2026,9:42 PM,2026-09-16T04:42:33+00:00,Main Street U.S.A,Walt Disney - A Magical Life,0,False,2026-09-16T04:40:30.000Z
09/15/2026,9:42 PM,2026-09-16T04:42:33+00:00,Mickey's Toontown,Chip 'n' Dale's GADGETcoaster,10,True,2026-09-16T04:40:30.000Z
09/15/2026,9:42 PM,2026-09-16T04:42:33+00:00,Mickey's Toontown,Donald's Duck Pond,0,True,2026-09-16T04:40:30.000Z
09/15/2026,9:42 PM,2026-09-16T04:42:33+00:00,Mickey's Toontown,Goofy's How-to-Play Yard,0,True,2026-09-16T04:40:30.000Z
09/15/2026,9:42 PM,2026-09-16T04:42:33+00:00,Mickey's Toontown,Mickey & Minnie's Runaway Railway,0,False,2026-09-16T04:40:30.000Z
09/15/2026,9:42 PM,2026-09-16T04:42:33+00:00,Mickey's Toontown,Mickey's House and Meet Mickey Mouse,0,False,2026-09-16T04:40:30.000Z
09/15/2026,9:42 PM,2026-09-16T04:42:33+00:00,Mickey's Toontown,Minnie's House,0,False,2026-09-16T04:40:30.000Z
09/15/2026,9:42 PM,2026-09-16T04:42:33+00:00,Mickey's Toontown,Roger Rabbit's Car Toon Spin,5,True,2026-09-16T04:40:30.000Z
09/15/2026,9:42 PM,2026-09-16T04:42:33+00:00,New Orleans Square,Haunted Mansion Holiday,13,True,2026-09-16T04:40:30.000Z
09/15/2026,9:42 PM,2026-09-16T04:42:33+00:00,New Orleans Square,Pirates of the Caribbean,5,True,2026-09-16T04:40:30.000Z
09/15/2026,9:42 PM,2026-09-16T04:42:33+00:00,Star Wars: Galaxy's Edge,Millennium Falcon: Smugglers Run,25,True,2026-09-16T04:40:30.000Z
09/15/2026,9:42 PM,2026-09-16T04:42:33+00:00,Star Wars: Galaxy's Edge,Millennium Falcon: Smugglers Run Single Rider,0,True,2026-09-16T04:40:30.000Z
09/15/2026,9:42 PM,2026-09-16T04:42:33+00:00,Star Wars: Galaxy's Edge,Star Wars: Rise of the Resistance,25,True,2026-09-16T04:40:30.000Z
09/15/2026,9:42 PM,2026-09-16T04:42:33+00:00,Tomorrowland,Astro Orbitor,15,True,2026-09-16T04:40:30.000Z
09/15/2026,9:42 PM,2026-09-16T04:42:33+00:00,Tomorrowland,Autopia,15,True,2026-09-16T04:40:30.000Z
09/15/2026,9:42 PM,2026-09-16T04:42:33+00:00,Tomorrowland,Buzz Lightyear Astro Blasters,5,True,2026-09-16T04:40:30.000Z
09/15/2026,9:42 PM,2026-09-16T04:42:33+00:00,Tomorrowland,Disneyland Monorail,0,False,2026-09-16T04:40:30.000Z
09/15/2026,9:42 PM,2026-09-16T04:42:33+00:00,Tomorrowland,Finding Nemo Submarine Voyage,10,True,2026-09-16T04:40:30.000Z
09/15/2026,9:42 PM,2026-09-16T04:42:33+00:00,Tomorrowland,Pixar Short Film Spotlight,0,False,2026-09-16T04:40:30.000Z
09/15/2026,9:42 PM,2026-09-16T04:42:33+00:00,Tomorrowland,Space Mountain,35,True,2026-09-16T04:40:30.000Z
09/15/2026,9:42 PM,2026-09-16T04:42:33+00:00,Tomorrowland,Star Tours - The Adventures Continue,5,True,2026-09-16T04:40:30.000Z
09/16/2026,11:51 AM,2026-09-16T18:51:03+00:00,Adventureland,Adventureland Treehouse inspired by Walt Disney’s Swiss Family Robinson,0,True,2026-09-16T18:45:34.000Z
09/16/2026,11:51 AM,2026-09-16T18:51:03+00:00,Adventureland,Indiana Jones™ Adventure,0,False,2026-09-16T18:45:34.000Z
09/16/2026,11:51 AM,2026-09-16T18:51:03+00:00,Adventureland,Jungle Cruise,10,True,2026-09-16T18:45:34.000Z
09/16/2026,11:51 AM,2026-09-16T18:51:03+00:00,Adventureland,Walt Disney's Enchanted Tiki Room,0,True,2026-09-16T18:45:34.000Z
09/16/2026,11:51 AM,2026-09-16T18:51:03+00:00,Bayou Country,Davy Crockett's Explorer Canoes,0,False,2026-09-16T18:45:34.000Z
09/16/2026,11:51 AM,2026-09-16T18:51:03+00:00,Bayou Country,The Many Adventures of Winnie the Pooh,15,True,2026-09-16T18:45:34.000Z
09/16/2026,11:51 AM,2026-09-16T18:51:03+00:00,Bayou Country,Tiana's Bayou Adventure,35,True,2026-09-16T18:45:34.000Z
09/16/2026,11:51 AM,2026-09-16T18:51:03+00:00,Bayou Country,Tiana's Bayou Adventure Single Rider,0,True,2026-09-16T18:45:34.000Z
09/16/2026,11:51 AM,2026-09-16T18:51:03+00:00,Fantasyland,"""it's a small world""",10,True,2026-09-16T18:45:34.000Z
09/16/2026,11:51 AM,2026-09-16T18:51:03+00:00,Fantasyland,Alice in Wonderland,30,True,2026-09-16T18:45:34.000Z
09/16/2026,11:51 AM,2026-09-16T18:51:03+00:00,Fantasyland,Bluey’s Best Day Ever! at Fantasyland Theatre,0,True,2026-09-16T18:45:34.000Z
09/16/2026,11:51 AM,2026-09-16T18:51:03+00:00,Fantasyland,Casey Jr. Circus Train,5,True,2026-09-16T18:45:34.000Z
09/16/2026,11:51 AM,2026-09-16T18:51:03+00:00,Fantasyland,Dumbo the Flying Elephant,35,True,2026-09-16T18:45:34.000Z
09/16/2026,11:51 AM,2026-09-16T18:51:03+00:00,Fantasyland,King Arthur Carrousel,5,True,2026-09-16T18:45:34.000Z
09/16/2026,11:51 AM,2026-09-16T18:51:03+00:00,Fantasyland,Mad Tea Party,0,False,2026-09-16T18:45:34.000Z
09/16/2026,11:51 AM,2026-09-16T18:51:03+00:00,Fantasyland,Matterhorn Bobsleds,40,True,2026-09-16T18:45:34.000Z
09/16/2026,11:51 AM,2026-09-16T18:51:03+00:00,Fantasyland,Meet Disney Princesses at Royal Hall,60,True,2026-09-16T18:45:34.000Z
09/16/2026,11:51 AM,2026-09-16T18:51:03+00:00,Fantasyland,Mr. Toad's Wild Ride,15,True,2026-09-16T18:45:34.000Z
09/16/2026,11:51 AM,2026-09-16T18:51:03+00:00,Fantasyland,Peter Pan's Flight,30,True,2026-09-16T18:45:34.000Z
09/16/2026,11:51 AM,2026-09-16T18:51:03+00:00,Fantasyland,Pinocchio's Daring Journey,20,True,2026-09-16T18:45:34.000Z
09/16/2026,11:51 AM,2026-09-16T18:51:03+00:00,Fantasyland,Sleeping Beauty Castle Walkthrough,0,False,2026-09-16T18:45:34.000Z
09/16/2026,11:51 AM,2026-09-16T18:51:03+00:00,Fantasyland,Snow White's Enchanted Wish,15,True,2026-09-16T18:45:34.000Z
09/16/2026,11:51 AM,2026-09-16T18:51:03+00:00,Fantasyland,Storybook Land Canal Boats,10,True,2026-09-16T18:45:34.000Z
09/16/2026,11:51 AM,2026-09-16T18:51:03+00:00,Frontierland,Big Thunder Mountain Railroad,15,True,2026-09-16T18:45:34.000Z
09/16/2026,11:51 AM,2026-09-16T18:51:03+00:00,Frontierland,Frontierland Shootin' Exposition,0,True,2026-09-16T18:45:34.000Z
09/16/2026,11:51 AM,2026-09-16T18:51:03+00:00,Frontierland,Mark Twain Riverboat,0,False,2026-09-16T18:45:34.000Z
09/16/2026,11:51 AM,2026-09-16T18:51:03+00:00,Frontierland,Pirate's Lair on Tom Sawyer Island,0,False,2026-09-16T18:45:34.000Z
09/16/2026,11:51 AM,2026-09-16T18:51:03+00:00,Frontierland,Sailing Ship Columbia,0,False,2026-09-16T18:45:34.000Z
09/16/2026,11:51 AM,2026-09-16T18:51:03+00:00,Main Street U.S.A,Disneyland Railroad,5,True,2026-09-16T18:45:34.000Z
09/16/2026,11:51 AM,2026-09-16T18:51:03+00:00,Main Street U.S.A,Great Moments with Mr. Lincoln,0,True,2026-09-16T18:45:34.000Z
09/16/2026,11:51 AM,2026-09-16T18:51:03+00:00,Main Street U.S.A,Main Street Cinema,0,True,2026-09-16T18:45:34.000Z
09/16/2026,11:51 AM,2026-09-16T18:51:03+00:00,Main Street U.S.A,Main Street Vehicles,0,True,2026-09-16T18:45:34.000Z
09/16/2026,11:51 AM,2026-09-16T18:51:03+00:00,Main Street U.S.A,Opera House - Walt Disney - A Magical Life,0,True,2026-09-16T18:45:34.000Z
09/16/2026,11:51 AM,2026-09-16T18:51:03+00:00,Main Street U.S.A,The Disney Gallery,0,True,2026-09-16T18:45:34.000Z
09/16/2026,11:51 AM,2026-09-16T18:51:03+00:00,Main Street U.S.A,Walt Disney - A Magical Life,0,False,2026-09-16T18:45:34.000Z
09/16/2026,11:51 AM,2026-09-16T18:51:03+00:00,Mickey's Toontown,Chip 'n' Dale's GADGETcoaster,20,True,2026-09-16T18:45:34.000Z
09/16/2026,11:51 AM,2026-09-16T18:51:03+00:00,Mickey's Toontown,Donald's Duck Pond,0,True,2026-09-16T18:45:34.000Z
09/16/2026,11:51 AM,2026-09-16T18:51:03+00:00,Mickey's Toontown,Goofy's How-to-Play Yard,0,True,2026-09-16T18:45:34.000Z
09/16/2026,11:51 AM,2026-09-16T18:51:03+00:00,Mickey's Toontown,Mickey & Minnie's Runaway Railway,30,True,2026-09-16T18:45:34.000Z
09/16/2026,11:51 AM,2026-09-16T18:51:03+00:00,Mickey's Toontown,Mickey's House and Meet Mickey Mouse,30,True,2026-09-16T18:45:34.000Z
09/16/2026,11:51 AM,2026-09-16T18:51:03+00:00,Mickey's Toontown,Minnie's House,0,True,2026-09-16T18:45:34.000Z
09/16/2026,11:51 AM,2026-09-16T18:51:03+00:00,Mickey's Toontown,Roger Rabbit's Car Toon Spin,40,True,2026-09-16T18:45:34.000Z
09/16/2026,11:51 AM,2026-09-16T18:51:03+00:00,New Orleans Square,Haunted Mansion Holiday,50,True,2026-09-16T18:45:34.000Z
09/16/2026,11:51 AM,2026-09-16T18:51:03+00:00,New Orleans Square,Pirates of the Caribbean,30,True,2026-09-16T18:45:34.000Z
09/16/2026,11:51 AM,2026-09-16T18:51:03+00:00,Star Wars: Galaxy's Edge,Millennium Falcon: Smugglers Run,15,True,2026-09-16T18:45:34.000Z
09/16/2026,11:51 AM,2026-09-16T18:51:03+00:00,Star Wars: Galaxy's Edge,Millennium Falcon: Smugglers Run Single Rider,0,True,2026-09-16T18:45:34.000Z
09/16/2026,11:51 AM,2026-09-16T18:51:03+00:00,Star Wars: Galaxy's Edge,Star Wars: Rise of the Resistance,35,True,2026-09-16T18:45:34.000Z
09/16/2026,11:51 AM,2026-09-16T18:51:03+00:00,Tomorrowland,Astro Orbitor,25,True,2026-09-16T18:45:34.000Z
09/16/2026,11:51 AM,2026-09-16T18:51:03+00:00,Tomorrowland,Autopia,25,True,2026-09-16T18:45:34.000Z
09/16/2026,11:51 AM,2026-09-16T18:51:03+00:00,Tomorrowland,Buzz Lightyear Astro Blasters,15,True,2026-09-16T18:45:34.000Z
09/16/2026,11:51 AM,2026-09-16T18:51:03+00:00,Tomorrowland,Disneyland Monorail,5,True,2026-09-16T18:45:34.000Z
09/16/2026,11:51 AM,2026-09-16T18:51:03+00:00,Tomorrowland,Finding Nemo Submarine Voyage,15,True,2026-09-16T18:45:34.000Z
09/16/2026,11:51 AM,2026-09-16T18:51:03+00:00,Tomorrowland,Pixar Short Film Spotlight,0,False,2026-09-16T18:45:34.000Z
09/16/2026,11:51 AM,2026-09-16T18:51:03+00:00,Tomorrowland,Space Mountain,45,True,2026-09-16T18:45:34.000Z
09/16/2026,11:51 AM,2026-09-16T18:51:03+00:00,Tomorrowland,Star Tours - The Adventures Continue,10,True,2026-09-16T18:45:34.000Z
09/16/2026,3:05 PM,2026-09-16T22:05:18+00:00,Adventureland,Adventureland Treehouse inspired by Walt Disney’s Swiss Family Robinson,0,True,2026-09-16T22:00:51.000Z
09/16/2026,3:05 PM,2026-09-16T22:05:18+00:00,Adventureland,Indiana Jones™ Adventure,0,False,2026-09-16T22:00:51.000Z
09/16/2026,3:05 PM,2026-09-16T22:05:18+00:00,Adventureland,Jungle Cruise,0,False,2026-09-16T22:00:51.000Z
09/16/2026,3:05 PM,2026-09-16T22:05:18+00:00,Adventureland,Walt Disney's Enchanted Tiki Room,0,True,2026-09-16T22:00:51.000Z
09/16/2026,3:05 PM,2026-09-16T22:05:18+00:00,Bayou Country,Davy Crockett's Explorer Canoes,0,False,2026-09-16T22:00:51.000Z
09/16/2026,3:05 PM,2026-09-16T22:05:18+00:00,Bayou Country,The Many Adventures of Winnie the Pooh,25,True,2026-09-16T22:00:51.000Z
09/16/2026,3:05 PM,2026-09-16T22:05:18+00:00,Bayou Country,Tiana's Bayou Adventure,0,False,2026-09-16T22:00:51.000Z
09/16/2026,3:05 PM,2026-09-16T22:05:18+00:00,Bayou Country,Tiana's Bayou Adventure Single Rider,0,False,2026-09-16T22:00:51.000Z
09/16/2026,3:05 PM,2026-09-16T22:05:18+00:00,Fantasyland,"""it's a small world""",10,True,2026-09-16T22:00:51.000Z
09/16/2026,3:05 PM,2026-09-16T22:05:18+00:00,Fantasyland,Alice in Wonderland,0,False,2026-09-16T22:00:51.000Z
09/16/2026,3:05 PM,2026-09-16T22:05:18+00:00,Fantasyland,Bluey’s Best Day Ever! at Fantasyland Theatre,0,True,2026-09-16T22:00:51.000Z
09/16/2026,3:05 PM,2026-09-16T22:05:18+00:00,Fantasyland,Casey Jr. Circus Train,5,True,2026-09-16T22:00:51.000Z
09/16/2026,3:05 PM,2026-09-16T22:05:18+00:00,Fantasyland,Dumbo the Flying Elephant,20,True,2026-09-16T22:00:51.000Z
09/16/2026,3:05 PM,2026-09-16T22:05:18+00:00,Fantasyland,King Arthur Carrousel,10,True,2026-09-16T22:00:51.000Z
09/16/2026,3:05 PM,2026-09-16T22:05:18+00:00,Fantasyland,Mad Tea Party,0,False,2026-09-16T22:00:51.000Z
09/16/2026,3:05 PM,2026-09-16T22:05:18+00:00,Fantasyland,Matterhorn Bobsleds,45,True,2026-09-16T22:00:51.000Z
09/16/2026,3:05 PM,2026-09-16T22:05:18+00:00,Fantasyland,Meet Disney Princesses at Royal Hall,30,True,2026-09-16T22:00:51.000Z
09/16/2026,3:05 PM,2026-09-16T22:05:18+00:00,Fantasyland,Mr. Toad's Wild Ride,20,True,2026-09-16T22:00:51.000Z
09/16/2026,3:05 PM,2026-09-16T22:05:18+00:00,Fantasyland,Peter Pan's Flight,30,True,2026-09-16T22:00:51.000Z
09/16/2026,3:05 PM,2026-09-16T22:05:18+00:00,Fantasyland,Pinocchio's Daring Journey,10,True,2026-09-16T22:00:51.000Z
09/16/2026,3:05 PM,2026-09-16T22:05:18+00:00,Fantasyland,Sleeping Beauty Castle Walkthrough,0,False,2026-09-16T22:00:51.000Z
09/16/2026,3:05 PM,2026-09-16T22:05:18+00:00,Fantasyland,Snow White's Enchanted Wish,15,True,2026-09-16T22:00:51.000Z
09/16/2026,3:05 PM,2026-09-16T22:05:18+00:00,Fantasyland,Storybook Land Canal Boats,5,True,2026-09-16T22:00:51.000Z
09/16/2026,3:05 PM,2026-09-16T22:05:18+00:00,Frontierland,Big Thunder Mountain Railroad,25,True,2026-09-16T22:00:51.000Z
09/16/2026,3:05 PM,2026-09-16T22:05:18+00:00,Frontierland,Frontierland Shootin' Exposition,0,True,2026-09-16T22:00:51.000Z
09/16/2026,3:05 PM,2026-09-16T22:05:18+00:00,Frontierland,Mark Twain Riverboat,0,False,2026-09-16T22:00:51.000Z
09/16/2026,3:05 PM,2026-09-16T22:05:18+00:00,Frontierland,Pirate's Lair on Tom Sawyer Island,0,False,2026-09-16T22:00:51.000Z
09/16/2026,3:05 PM,2026-09-16T22:05:18+00:00,Frontierland,Sailing Ship Columbia,0,False,2026-09-16T22:00:51.000Z
09/16/2026,3:05 PM,2026-09-16T22:05:18+00:00,Main Street U.S.A,Disneyland Railroad,10,True,2026-09-16T22:00:51.000Z
09/16/2026,3:05 PM,2026-09-16T22:05:18+00:00,Main Street U.S.A,Great Moments with Mr. Lincoln,0,False,2026-09-16T22:00:51.000Z
09/16/2026,3:05 PM,2026-09-16T22:05:18+00:00,Main Street U.S.A,Main Street Cinema,0,True,2026-09-16T22:00:51.000Z
09/16/2026,3:05 PM,2026-09-16T22:05:18+00:00,Main Street U.S.A,Main Street Vehicles,0,False,2026-09-16T22:00:51.000Z
09/16/2026,3:05 PM,2026-09-16T22:05:18+00:00,Main Street U.S.A,Opera House - Walt Disney - A Magical Life,0,True,2026-09-16T22:00:51.000Z
09/16/2026,3:05 PM,2026-09-16T22:05:18+00:00,Main Street U.S.A,The Disney Gallery,0,True,2026-09-16T22:00:51.000Z
09/16/2026,3:05 PM,2026-09-16T22:05:18+00:00,Main Street U.S.A,Walt Disney - A Magical Life,0,True,2026-09-16T22:00:51.000Z
09/16/2026,3:05 PM,2026-09-16T22:05:18+00:00,Mickey's Toontown,Chip 'n' Dale's GADGETcoaster,25,True,2026-09-16T22:00:51.000Z
09/16/2026,3:05 PM,2026-09-16T22:05:18+00:00,Mickey's Toontown,Donald's Duck Pond,0,True,2026-09-16T22:00:51.000Z
09/16/2026,3:05 PM,2026-09-16T22:05:18+00:00,Mickey's Toontown,Goofy's How-to-Play Yard,0,True,2026-09-16T22:00:51.000Z
09/16/2026,3:05 PM,2026-09-16T22:05:18+00:00,Mickey's Toontown,Mickey & Minnie's Runaway Railway,25,True,2026-09-16T22:00:51.000Z
09/16/2026,3:05 PM,2026-09-16T22:05:18+00:00,Mickey's Toontown,Mickey's House and Meet Mickey Mouse,20,True,2026-09-16T22:00:51.000Z
09/16/2026,3:05 PM,2026-09-16T22:05:18+00:00,Mickey's Toontown,Minnie's House,0,True,2026-09-16T22:00:51.000Z
09/16/2026,3:05 PM,2026-09-16T22:05:18+00:00,Mickey's Toontown,Roger Rabbit's Car Toon Spin,50,True,2026-09-16T22:00:51.000Z
09/16/2026,3:05 PM,2026-09-16T22:05:18+00:00,New Orleans Square,Haunted Mansion Holiday,45,True,2026-09-16T22:00:51.000Z
09/16/2026,3:05 PM,2026-09-16T22:05:18+00:00,New Orleans Square,Pirates of the Caribbean,20,True,2026-09-16T22:00:51.000Z
09/16/2026,3:05 PM,2026-09-16T22:05:18+00:00,Star Wars: Galaxy's Edge,Millennium Falcon: Smugglers Run,45,True,2026-09-16T22:00:51.000Z
09/16/2026,3:05 PM,2026-09-16T22:05:18+00:00,Star Wars: Galaxy's Edge,Millennium Falcon: Smugglers Run Single Rider,0,True,2026-09-16T22:00:51.000Z
09/16/2026,3:05 PM,2026-09-16T22:05:18+00:00,Star Wars: Galaxy's Edge,Star Wars: Rise of the Resistance,40,True,2026-09-16T22:00:51.000Z
09/16/2026,3:05 PM,2026-09-16T22:05:18+00:00,Tomorrowland,Astro Orbitor,15,True,2026-09-16T22:00:51.000Z
09/16/2026,3:05 PM,2026-09-16T22:05:18+00:00,Tomorrowland,Autopia,25,True,2026-09-16T22:00:51.000Z
09/16/2026,3:05 PM,2026-09-16T22:05:18+00:00,Tomorrowland,Buzz Lightyear Astro Blasters,25,True,2026-09-16T22:00:51.000Z
09/16/2026,3:05 PM,2026-09-16T22:05:18+00:00,Tomorrowland,Disneyland Monorail,5,True,2026-09-16T22:00:51.000Z
09/16/2026,3:05 PM,2026-09-16T22:05:18+00:00,Tomorrowland,Finding Nemo Submarine Voyage,20,True,2026-09-16T22:00:51.000Z
09/16/2026,3:05 PM,2026-09-16T22:05:18+00:00,Tomorrowland,Pixar Short Film Spotlight,0,False,2026-09-16T22:00:51.000Z
09/16/2026,3:05 PM,2026-09-16T22:05:18+00:00,Tomorrowland,Space Mountain,15,True,2026-09-16T22:00:51.000Z
09/16/2026,3:05 PM,2026-09-16T22:05:18+00:00,Tomorrowland,Star Tours - The Adventures Continue,15,True,2026-09-16T22:00:51.000Z
09/16/2026,5:26 PM,2026-09-17T00:26:29+00:00,Adventureland,Adventureland Treehouse inspired by Walt Disney’s Swiss Family Robinson,0,True,2026-09-17T00:25:39.000Z
09/16/2026,5:26 PM,2026-09-17T00:26:29+00:00,Adventureland,Indiana Jones™ Adventure,0,False,2026-09-17T00:25:39.000Z
09/16/2026,5:26 PM,2026-09-17T00:26:29+00:00,Adventureland,Jungle Cruise,20,True,2026-09-17T00:25:39.000Z
09/16/2026,5:26 PM,2026-09-17T00:26:29+00:00,Adventureland,Walt Disney's Enchanted Tiki Room,0,True,2026-09-17T00:25:39.000Z
09/16/2026,5:26 PM,2026-09-17T00:26:29+00:00,Bayou Country,Davy Crockett's Explorer Canoes,0,False,2026-09-17T00:25:39.000Z
09/16/2026,5:26 PM,2026-09-17T00:26:29+00:00,Bayou Country,The Many Adventures of Winnie the Pooh,5,True,2026-09-17T00:25:39.000Z
09/16/2026,5:26 PM,2026-09-17T00:26:29+00:00,Bayou Country,Tiana's Bayou Adventure,60,True,2026-09-17T00:25:39.000Z
09/16/2026,5:26 PM,2026-09-17T00:26:29+00:00,Bayou Country,Tiana's Bayou Adventure Single Rider,0,True,2026-09-17T00:25:39.000Z
09/16/2026,5:26 PM,2026-09-17T00:26:29+00:00,Fantasyland,"""it's a small world""",5,True,2026-09-17T00:25:39.000Z
09/16/2026,5:26 PM,2026-09-17T00:26:29+00:00,Fantasyland,Alice in Wonderland,30,True,2026-09-17T00:25:39.000Z
09/16/2026,5:26 PM,2026-09-17T00:26:29+00:00,Fantasyland,Bluey’s Best Day Ever! at Fantasyland Theatre,0,True,2026-09-17T00:25:39.000Z
09/16/2026,5:26 PM,2026-09-17T00:26:29+00:00,Fantasyland,Casey Jr. Circus Train,15,True,2026-09-17T00:25:39.000Z
09/16/2026,5:26 PM,2026-09-17T00:26:29+00:00,Fantasyland,Dumbo the Flying Elephant,20,True,2026-09-17T00:25:39.000Z
09/16/2026,5:26 PM,2026-09-17T00:26:29+00:00,Fantasyland,King Arthur Carrousel,5,True,2026-09-17T00:25:39.000Z
09/16/2026,5:26 PM,2026-09-17T00:26:29+00:00,Fantasyland,Mad Tea Party,0,False,2026-09-17T00:25:39.000Z
09/16/2026,5:26 PM,2026-09-17T00:26:29+00:00,Fantasyland,Matterhorn Bobsleds,35,True,2026-09-17T00:25:39.000Z
09/16/2026,5:26 PM,2026-09-17T00:26:29+00:00,Fantasyland,Meet Disney Princesses at Royal Hall,0,False,2026-09-17T00:25:39.000Z
09/16/2026,5:26 PM,2026-09-17T00:26:29+00:00,Fantasyland,Mr. Toad's Wild Ride,15,True,2026-09-17T00:25:39.000Z
09/16/2026,5:26 PM,2026-09-17T00:26:29+00:00,Fantasyland,Peter Pan's Flight,35,True,2026-09-17T00:25:39.000Z
09/16/2026,5:26 PM,2026-09-17T00:26:29+00:00,Fantasyland,Pinocchio's Daring Journey,10,True,2026-09-17T00:25:39.000Z
09/16/2026,5:26 PM,2026-09-17T00:26:29+00:00,Fantasyland,Sleeping Beauty Castle Walkthrough,0,False,2026-09-17T00:25:39.000Z
09/16/2026,5:26 PM,2026-09-17T00:26:29+00:00,Fantasyland,Snow White's Enchanted Wish,15,True,2026-09-17T00:25:39.000Z
09/16/2026,5:26 PM,2026-09-17T00:26:29+00:00,Fantasyland,Storybook Land Canal Boats,15,True,2026-09-17T00:25:39.000Z
09/16/2026,5:26 PM,2026-09-17T00:26:29+00:00,Frontierland,Big Thunder Mountain Railroad,30,True,2026-09-17T00:25:39.000Z
09/16/2026,5:26 PM,2026-09-17T00:26:29+00:00,Frontierland,Frontierland Shootin' Exposition,0,True,2026-09-17T00:25:39.000Z
09/16/2026,5:26 PM,2026-09-17T00:26:29+00:00,Frontierland,Mark Twain Riverboat,0,False,2026-09-17T00:25:39.000Z
09/16/2026,5:26 PM,2026-09-17T00:26:29+00:00,Frontierland,Pirate's Lair on Tom Sawyer Island,0,False,2026-09-17T00:25:39.000Z
09/16/2026,5:26 PM,2026-09-17T00:26:29+00:00,Frontierland,Sailing Ship Columbia,0,False,2026-09-17T00:25:39.000Z
09/16/2026,5:26 PM,2026-09-17T00:26:29+00:00,Main Street U.S.A,Disneyland Railroad,10,True,2026-09-17T00:25:39.000Z
09/16/2026,5:26 PM,2026-09-17T00:26:29+00:00,Main Street U.S.A,Great Moments with Mr. Lincoln,0,False,2026-09-17T00:25:39.000Z
09/16/2026,5:26 PM,2026-09-17T00:26:29+00:00,Main Street U.S.A,Main Street Cinema,0,True,2026-09-17T00:25:39.000Z
09/16/2026,5:26 PM,2026-09-17T00:26:29+00:00,Main Street U.S.A,Main Street Vehicles,0,False,2026-09-17T00:25:39.000Z
09/16/2026,5:26 PM,2026-09-17T00:26:29+00:00,Main Street U.S.A,Opera House - Walt Disney - A Magical Life,0,True,2026-09-17T00:25:39.000Z
09/16/2026,5:26 PM,2026-09-17T00:26:29+00:00,Main Street U.S.A,The Disney Gallery,0,True,2026-09-17T00:25:39.000Z
09/16/2026,5:26 PM,2026-09-17T00:26:29+00:00,Main Street U.S.A,Walt Disney - A Magical Life,0,True,2026-09-17T00:25:39.000Z
09/16/2026,5:26 PM,2026-09-17T00:26:29+00:00,Mickey's Toontown,Chip 'n' Dale's GADGETcoaster,35,True,2026-09-17T00:25:39.000Z
09/16/2026,5:26 PM,2026-09-17T00:26:29+00:00,Mickey's Toontown,Donald's Duck Pond,0,True,2026-09-17T00:25:39.000Z
09/16/2026,5:26 PM,2026-09-17T00:26:29+00:00,Mickey's Toontown,Goofy's How-to-Play Yard,0,True,2026-09-17T00:25:39.000Z
09/16/2026,5:26 PM,2026-09-17T00:26:29+00:00,Mickey's Toontown,Mickey & Minnie's Runaway Railway,40,True,2026-09-17T00:25:39.000Z
09/16/2026,5:26 PM,2026-09-17T00:26:29+00:00,Mickey's Toontown,Mickey's House and Meet Mickey Mouse,15,True,2026-09-17T00:25:39.000Z
09/16/2026,5:26 PM,2026-09-17T00:26:29+00:00,Mickey's Toontown,Minnie's House,0,True,2026-09-17T00:25:39.000Z
09/16/2026,5:26 PM,2026-09-17T00:26:29+00:00,Mickey's Toontown,Roger Rabbit's Car Toon Spin,0,False,2026-09-17T00:25:39.000Z
09/16/2026,5:26 PM,2026-09-17T00:26:29+00:00,New Orleans Square,Haunted Mansion Holiday,40,True,2026-09-17T00:25:39.000Z
09/16/2026,5:26 PM,2026-09-17T00:26:29+00:00,New Orleans Square,Pirates of the Caribbean,20,True,2026-09-17T00:25:39.000Z
09/16/2026,5:26 PM,2026-09-17T00:26:29+00:00,Star Wars: Galaxy's Edge,Millennium Falcon: Smugglers Run,15,True,2026-09-17T00:25:39.000Z
09/16/2026,5:26 PM,2026-09-17T00:26:29+00:00,Star Wars: Galaxy's Edge,Millennium Falcon: Smugglers Run Single Rider,0,True,2026-09-17T00:25:39.000Z
09/16/2026,5:26 PM,2026-09-17T00:26:29+00:00,Star Wars: Galaxy's Edge,Star Wars: Rise of the Resistance,45,True,2026-09-17T00:25:39.000Z
09/16/2026,5:26 PM,2026-09-17T00:26:29+00:00,Tomorrowland,Astro Orbitor,20,True,2026-09-17T00:25:39.000Z
09/16/2026,5:26 PM,2026-09-17T00:26:29+00:00,Tomorrowland,Autopia,20,True,2026-09-17T00:25:39.000Z
09/16/2026,5:26 PM,2026-09-17T00:26:29+00:00,Tomorrowland,Buzz Lightyear Astro Blasters,25,True,2026-09-17T00:25:39.000Z
09/16/2026,5:26 PM,2026-09-17T00:26:29+00:00,Tomorrowland,Disneyland Monorail,5,True,2026-09-17T00:25:39.000Z
09/16/2026,5:26 PM,2026-09-17T00:26:29+00:00,Tomorrowland,Finding Nemo Submarine Voyage,25,True,2026-09-17T00:25:39.000Z
09/16/2026,5:26 PM,2026-09-17T00:26:29+00:00,Tomorrowland,Pixar Short Film Spotlight,0,False,2026-09-17T00:25:39.000Z
09/16/2026,5:26 PM,2026-09-17T00:26:29+00:00,Tomorrowland,Space Mountain,40,True,2026-09-17T00:25:39.000Z
09/16/2026,5:26 PM,2026-09-17T00:26:29+00:00,Tomorrowland,Star Tours - The Adventures Continue,10,True,2026-09-17T00:25:39.000Z
09/17/2026,8:17 AM,2026-09-17T15:17:18+00:00,Adventureland,Adventureland Treehouse inspired by Walt Disney’s Swiss Family Robinson,0,True,2026-09-17T15:15:39.000Z
09/17/2026,8:17 AM,2026-09-17T15:17:18+00:00,Adventureland,Indiana Jones™ Adventure,0,False,2026-09-17T15:15:39.000Z
09/17/2026,8:17 AM,2026-09-17T15:17:18+00:00,Adventureland,Jungle Cruise,5,True,2026-09-17T15:15:39.000Z
09/17/2026,8:17 AM,2026-09-17T15:17:18+00:00,Adventureland,Walt Disney's Enchanted Tiki Room,0,True,2026-09-17T15:15:39.000Z
09/17/2026,8:17 AM,2026-09-17T15:17:18+00:00,Bayou Country,Davy Crockett's Explorer Canoes,0,False,2026-09-17T15:15:39.000Z
09/17/2026,8:17 AM,2026-09-17T15:17:18+00:00,Bayou Country,The Many Adventures of Winnie the Pooh,5,True,2026-09-17T15:15:39.000Z
09/17/2026,8:17 AM,2026-09-17T15:17:18+00:00,Bayou Country,Tiana's Bayou Adventure,5,True,2026-09-17T15:15:39.000Z
09/17/2026,8:17 AM,2026-09-17T15:17:18+00:00,Bayou Country,Tiana's Bayou Adventure Single Rider,0,True,2026-09-17T15:15:39.000Z
09/17/2026,8:17 AM,2026-09-17T15:17:18+00:00,Fantasyland,"""it's a small world""",5,True,2026-09-17T15:15:39.000Z
09/17/2026,8:17 AM,2026-09-17T15:17:18+00:00,Fantasyland,Alice in Wonderland,5,True,2026-09-17T15:15:39.000Z
09/17/2026,8:17 AM,2026-09-17T15:17:18+00:00,Fantasyland,Bluey’s Best Day Ever! at Fantasyland Theatre,0,True,2026-09-17T15:15:39.000Z
09/17/2026,8:17 AM,2026-09-17T15:17:18+00:00,Fantasyland,Casey Jr. Circus Train,5,True,2026-09-17T15:15:39.000Z
09/17/2026,8:17 AM,2026-09-17T15:17:18+00:00,Fantasyland,Dumbo the Flying Elephant,5,True,2026-09-17T15:15:39.000Z
09/17/2026,8:17 AM,2026-09-17T15:17:18+00:00,Fantasyland,King Arthur Carrousel,5,True,2026-09-17T15:15:39.000Z
09/17/2026,8:17 AM,2026-09-17T15:17:18+00:00,Fantasyland,Mad Tea Party,0,False,2026-09-17T15:15:39.000Z
09/17/2026,8:17 AM,2026-09-17T15:17:18+00:00,Fantasyland,Matterhorn Bobsleds,0,False,2026-09-17T15:15:39.000Z
09/17/2026,8:17 AM,2026-09-17T15:17:18+00:00,Fantasyland,Meet Disney Princesses at Royal Hall,0,False,2026-09-17T15:15:39.000Z
09/17/2026,8:17 AM,2026-09-17T15:17:18+00:00,Fantasyland,Mr. Toad's Wild Ride,5,True,2026-09-17T15:15:39.000Z
09/17/2026,8:17 AM,2026-09-17T15:17:18+00:00,Fantasyland,Peter Pan's Flight,30,True,2026-09-17T15:15:39.000Z
09/17/2026,8:17 AM,2026-09-17T15:17:18+00:00,Fantasyland,Pinocchio's Daring Journey,5,True,2026-09-17T15:15:39.000Z
09/17/2026,8:17 AM,2026-09-17T15:17:18+00:00,Fantasyland,Sleeping Beauty Castle Walkthrough,0,False,2026-09-17T15:15:39.000Z
09/17/2026,8:17 AM,2026-09-17T15:17:18+00:00,Fantasyland,Snow White's Enchanted Wish,10,True,2026-09-17T15:15:39.000Z
09/17/2026,8:17 AM,2026-09-17T15:17:18+00:00,Fantasyland,Storybook Land Canal Boats,5,True,2026-09-17T15:15:39.000Z
09/17/2026,8:17 AM,2026-09-17T15:17:18+00:00,Frontierland,Big Thunder Mountain Railroad,5,True,2026-09-17T15:15:39.000Z
09/17/2026,8:17 AM,2026-09-17T15:17:18+00:00,Frontierland,Frontierland Shootin' Exposition,0,True,2026-09-17T15:15:39.000Z
09/17/2026,8:17 AM,2026-09-17T15:17:18+00:00,Frontierland,Mark Twain Riverboat,0,False,2026-09-17T15:15:39.000Z
09/17/2026,8:17 AM,2026-09-17T15:17:18+00:00,Frontierland,Pirate's Lair on Tom Sawyer Island,0,False,2026-09-17T15:15:39.000Z
09/17/2026,8:17 AM,2026-09-17T15:17:18+00:00,Frontierland,Sailing Ship Columbia,0,False,2026-09-17T15:15:39.000Z
09/17/2026,8:17 AM,2026-09-17T15:17:18+00:00,Main Street U.S.A,Disneyland Railroad,5,True,2026-09-17T15:15:39.000Z
09/17/2026,8:17 AM,2026-09-17T15:17:18+00:00,Main Street U.S.A,Great Moments with Mr. Lincoln,0,True,2026-09-17T15:15:39.000Z
09/17/2026,8:17 AM,2026-09-17T15:17:18+00:00,Main Street U.S.A,Main Street Cinema,0,True,2026-09-17T15:15:39.000Z
09/17/2026,8:17 AM,2026-09-17T15:17:18+00:00,Main Street U.S.A,Main Street Vehicles,0,True,2026-09-17T15:15:39.000Z
09/17/2026,8:17 AM,2026-09-17T15:17:18+00:00,Main Street U.S.A,Opera House - Walt Disney - A Magical Life,0,True,2026-09-17T15:15:39.000Z
09/17/2026,8:17 AM,2026-09-17T15:17:18+00:00,Main Street U.S.A,The Disney Gallery,0,True,2026-09-17T15:15:39.000Z
09/17/2026,8:17 AM,2026-09-17T15:17:18+00:00,Main Street U.S.A,Walt Disney - A Magical Life,0,False,2026-09-17T15:15:39.000Z
09/17/2026,8:17 AM,2026-09-17T15:17:18+00:00,Mickey's Toontown,Chip 'n' Dale's GADGETcoaster,5,True,2026-09-17T15:15:39.000Z
09/17/2026,8:17 AM,2026-09-17T15:17:18+00:00,Mickey's Toontown,Donald's Duck Pond,0,True,2026-09-17T15:15:39.000Z
09/17/2026,8:17 AM,2026-09-17T15:17:18+00:00,Mickey's Toontown,Goofy's How-to-Play Yard,0,True,2026-09-17T15:15:39.000Z
09/17/2026,8:17 AM,2026-09-17T15:17:18+00:00,Mickey's Toontown,Mickey & Minnie's Runaway Railway,5,True,2026-09-17T15:15:39.000Z
09/17/2026,8:17 AM,2026-09-17T15:17:18+00:00,Mickey's Toontown,Mickey's House and Meet Mickey Mouse,0,True,2026-09-17T15:15:39.000Z
09/17/2026,8:17 AM,2026-09-17T15:17:18+00:00,Mickey's Toontown,Minnie's House,0,False,2026-09-17T15:15:39.000Z
09/17/2026,8:17 AM,2026-09-17T15:17:18+00:00,Mickey's Toontown,Roger Rabbit's Car Toon Spin,0,False,2026-09-17T15:15:39.000Z
09/17/2026,8:17 AM,2026-09-17T15:17:18+00:00,New Orleans Square,Haunted Mansion Holiday,13,True,2026-09-17T15:15:39.000Z
09/17/2026,8:17 AM,2026-09-17T15:17:18+00:00,New Orleans Square,Pirates of the Caribbean,5,True,2026-09-17T15:15:39.000Z
09/17/2026,8:17 AM,2026-09-17T15:17:18+00:00,Star Wars: Galaxy's Edge,Millennium Falcon: Smugglers Run,5,True,2026-09-17T15:15:39.000Z
09/17/2026,8:17 AM,2026-09-17T15:17:18+00:00,Star Wars: Galaxy's Edge,Millennium Falcon: Smugglers Run Single Rider,0,True,2026-09-17T15:15:39.000Z
09/17/2026,8:17 AM,2026-09-17T15:17:18+00:00,Star Wars: Galaxy's Edge,Star Wars: Rise of the Resistance,25,True,2026-09-17T15:15:39.000Z
09/17/2026,8:17 AM,2026-09-17T15:17:18+00:00,Tomorrowland,Astro Orbitor,0,False,2026-09-17T15:15:39.000Z
09/17/2026,8:17 AM,2026-09-17T15:17:18+00:00,Tomorrowland,Autopia,5,True,2026-09-17T15:15:39.000Z
09/17/2026,8:17 AM,2026-09-17T15:17:18+00:00,Tomorrowland,Buzz Lightyear Astro Blasters,5,True,2026-09-17T15:15:39.000Z
09/17/2026,8:17 AM,2026-09-17T15:17:18+00:00,Tomorrowland,Disneyland Monorail,5,True,2026-09-17T15:15:39.000Z
09/17/2026,8:17 AM,2026-09-17T15:17:18+00:00,Tomorrowland,Finding Nemo Submarine Voyage,5,True,2026-09-17T15:15:39.000Z
09/17/2026,8:17 AM,2026-09-17T15:17:18+00:00,Tomorrowland,Pixar Short Film Spotlight,0,False,2026-09-17T15:15:39.000Z
09/17/2026,8:17 AM,2026-09-17T15:17:18+00:00,Tomorrowland,Space Mountain,20,True,2026-09-17T15:15:39.000Z
09/17/2026,8:17 AM,2026-09-17T15:17:18+00:00,Tomorrowland,Star Tours - The Adventures Continue,5,True,2026-09-17T15:15:39.000Z
09/17/2026,12:13 PM,2026-09-17T19:13:55+00:00,Adventureland,Adventureland Treehouse inspired by Walt Disney’s Swiss Family Robinson,0,True,2026-09-17T19:10:43.000Z
09/17/2026,12:13 PM,2026-09-17T19:13:55+00:00,Adventureland,Indiana Jones™ Adventure,0,False,2026-09-17T19:10:43.000Z
09/17/2026,12:13 PM,2026-09-17T19:13:55+00:00,Adventureland,Jungle Cruise,20,True,2026-09-17T19:10:43.000Z
09/17/2026,12:13 PM,2026-09-17T19:13:55+00:00,Adventureland,Walt Disney's Enchanted Tiki Room,0,True,2026-09-17T19:10:43.000Z
09/17/2026,12:13 PM,2026-09-17T19:13:55+00:00,Bayou Country,Davy Crockett's Explorer Canoes,0,False,2026-09-17T19:10:43.000Z
09/17/2026,12:13 PM,2026-09-17T19:13:55+00:00,Bayou Country,The Many Adventures of Winnie the Pooh,20,True,2026-09-17T19:10:43.000Z
09/17/2026,12:13 PM,2026-09-17T19:13:55+00:00,Bayou Country,Tiana's Bayou Adventure,0,False,2026-09-17T19:10:43.000Z
09/17/2026,12:13 PM,2026-09-17T19:13:55+00:00,Bayou Country,Tiana's Bayou Adventure Single Rider,0,False,2026-09-17T19:10:43.000Z
09/17/2026,12:13 PM,2026-09-17T19:13:55+00:00,Fantasyland,"""it's a small world""",15,True,2026-09-17T19:10:43.000Z
09/17/2026,12:13 PM,2026-09-17T19:13:55+00:00,Fantasyland,Alice in Wonderland,30,True,2026-09-17T19:10:43.000Z
09/17/2026,12:13 PM,2026-09-17T19:13:55+00:00,Fantasyland,Bluey’s Best Day Ever! at Fantasyland Theatre,0,True,2026-09-17T19:10:43.000Z
09/17/2026,12:13 PM,2026-09-17T19:13:55+00:00,Fantasyland,Casey Jr. Circus Train,10,True,2026-09-17T19:10:43.000Z
09/17/2026,12:13 PM,2026-09-17T19:13:55+00:00,Fantasyland,Dumbo the Flying Elephant,25,True,2026-09-17T19:10:43.000Z
09/17/2026,12:13 PM,2026-09-17T19:13:55+00:00,Fantasyland,King Arthur Carrousel,10,True,2026-09-17T19:10:43.000Z
09/17/2026,12:13 PM,2026-09-17T19:13:55+00:00,Fantasyland,Mad Tea Party,0,False,2026-09-17T19:10:43.000Z
09/17/2026,12:13 PM,2026-09-17T19:13:55+00:00,Fantasyland,Matterhorn Bobsleds,30,True,2026-09-17T19:10:43.000Z
09/17/2026,12:13 PM,2026-09-17T19:13:55+00:00,Fantasyland,Meet Disney Princesses at Royal Hall,60,True,2026-09-17T19:10:43.000Z
09/17/2026,12:13 PM,2026-09-17T19:13:55+00:00,Fantasyland,Mr. Toad's Wild Ride,15,True,2026-09-17T19:10:43.000Z
09/17/2026,12:13 PM,2026-09-17T19:13:55+00:00,Fantasyland,Peter Pan's Flight,30,True,2026-09-17T19:10:43.000Z
09/17/2026,12:13 PM,2026-09-17T19:13:55+00:00,Fantasyland,Pinocchio's Daring Journey,15,True,2026-09-17T19:10:43.000Z
09/17/2026,12:13 PM,2026-09-17T19:13:55+00:00,Fantasyland,Sleeping Beauty Castle Walkthrough,0,False,2026-09-17T19:10:43.000Z
09/17/2026,12:13 PM,2026-09-17T19:13:55+00:00,Fantasyland,Snow White's Enchanted Wish,15,True,2026-09-17T19:10:43.000Z
09/17/2026,12:13 PM,2026-09-17T19:13:55+00:00,Fantasyland,Storybook Land Canal Boats,5,True,2026-09-17T19:10:43.000Z
09/17/2026,12:13 PM,2026-09-17T19:13:55+00:00,Frontierland,Big Thunder Mountain Railroad,25,True,2026-09-17T19:10:43.000Z
09/17/2026,12:13 PM,2026-09-17T19:13:55+00:00,Frontierland,Frontierland Shootin' Exposition,0,True,2026-09-17T19:10:43.000Z
09/17/2026,12:13 PM,2026-09-17T19:13:55+00:00,Frontierland,Mark Twain Riverboat,10,True,2026-09-17T19:10:43.000Z
09/17/2026,12:13 PM,2026-09-17T19:13:55+00:00,Frontierland,Pirate's Lair on Tom Sawyer Island,5,True,2026-09-17T19:10:43.000Z
09/17/2026,12:13 PM,2026-09-17T19:13:55+00:00,Frontierland,Sailing Ship Columbia,0,False,2026-09-17T19:10:43.000Z
09/17/2026,12:13 PM,2026-09-17T19:13:55+00:00,Main Street U.S.A,Disneyland Railroad,10,True,2026-09-17T19:10:43.000Z
09/17/2026,12:13 PM,2026-09-17T19:13:55+00:00,Main Street U.S.A,Great Moments with Mr. Lincoln,0,True,2026-09-17T19:10:43.000Z
09/17/2026,12:13 PM,2026-09-17T19:13:55+00:00,Main Street U.S.A,Main Street Cinema,0,True,2026-09-17T19:10:43.000Z
09/17/2026,12:13 PM,2026-09-17T19:13:55+00:00,Main Street U.S.A,Main Street Vehicles,0,True,2026-09-17T19:10:43.000Z
09/17/2026,12:13 PM,2026-09-17T19:13:55+00:00,Main Street U.S.A,Opera House - Walt Disney - A Magical Life,0,True,2026-09-17T19:10:43.000Z
09/17/2026,12:13 PM,2026-09-17T19:13:55+00:00,Main Street U.S.A,The Disney Gallery,0,True,2026-09-17T19:10:43.000Z
09/17/2026,12:13 PM,2026-09-17T19:13:55+00:00,Main Street U.S.A,Walt Disney - A Magical Life,0,False,2026-09-17T19:10:43.000Z
09/17/2026,12:13 PM,2026-09-17T19:13:55+00:00,Mickey's Toontown,Chip 'n' Dale's GADGETcoaster,20,True,2026-09-17T19:10:43.000Z
09/17/2026,12:13 PM,2026-09-17T19:13:55+00:00,Mickey's Toontown,Donald's Duck Pond,0,True,2026-09-17T19:10:43.000Z
09/17/2026,12:13 PM,2026-09-17T19:13:55+00:00,Mickey's Toontown,Goofy's How-to-Play Yard,0,True,2026-09-17T19:10:43.000Z
09/17/2026,12:13 PM,2026-09-17T19:13:55+00:00,Mickey's Toontown,Mickey & Minnie's Runaway Railway,25,True,2026-09-17T19:10:43.000Z
09/17/2026,12:13 PM,2026-09-17T19:13:55+00:00,Mickey's Toontown,Mickey's House and Meet Mickey Mouse,10,True,2026-09-17T19:10:43.000Z
09/17/2026,12:13 PM,2026-09-17T19:13:55+00:00,Mickey's Toontown,Minnie's House,0,True,2026-09-17T19:10:43.000Z
09/17/2026,12:13 PM,2026-09-17T19:13:55+00:00,Mickey's Toontown,Roger Rabbit's Car Toon Spin,0,False,2026-09-17T19:10:43.000Z
09/17/2026,12:13 PM,2026-09-17T19:13:55+00:00,New Orleans Square,Haunted Mansion Holiday,45,True,2026-09-17T19:10:43.000Z
09/17/2026,12:13 PM,2026-09-17T19:13:55+00:00,New Orleans Square,Pirates of the Caribbean,30,True,2026-09-17T19:10:43.000Z
09/17/2026,12:13 PM,2026-09-17T19:13:55+00:00,Star Wars: Galaxy's Edge,Millennium Falcon: Smugglers Run,15,True,2026-09-17T19:10:43.000Z
09/17/2026,12:13 PM,2026-09-17T19:13:55+00:00,Star Wars: Galaxy's Edge,Millennium Falcon: Smugglers Run Single Rider,0,True,2026-09-17T19:10:43.000Z
09/17/2026,12:13 PM,2026-09-17T19:13:55+00:00,Star Wars: Galaxy's Edge,Star Wars: Rise of the Resistance,45,True,2026-09-17T19:10:43.000Z
09/17/2026,12:13 PM,2026-09-17T19:13:55+00:00,Tomorrowland,Astro Orbitor,25,True,2026-09-17T19:10:43.000Z
09/17/2026,12:13 PM,2026-09-17T19:13:55+00:00,Tomorrowland,Autopia,15,True,2026-09-17T19:10:43.000Z
09/17/2026,12:13 PM,2026-09-17T19:13:55+00:00,Tomorrowland,Buzz Lightyear Astro Blasters,20,True,2026-09-17T19:10:43.000Z
09/17/2026,12:13 PM,2026-09-17T19:13:55+00:00,Tomorrowland,Disneyland Monorail,5,True,2026-09-17T19:10:43.000Z
09/17/2026,12:13 PM,2026-09-17T19:13:55+00:00,Tomorrowland,Finding Nemo Submarine Voyage,15,True,2026-09-17T19:10:43.000Z
09/17/2026,12:13 PM,2026-09-17T19:13:55+00:00,Tomorrowland,Pixar Short Film Spotlight,0,False,2026-09-17T19:10:43.000Z
09/17/2026,12:13 PM,2026-09-17T19:13:55+00:00,Tomorrowland,Space Mountain,35,True,2026-09-17T19:10:43.000Z
09/17/2026,12:13 PM,2026-09-17T19:13:55+00:00,Tomorrowland,Star Tours - The Adventures Continue,15,True,2026-09-17T19:10:43.000Z
09/17/2026,3:24 PM,2026-09-17T22:24:35+00:00,Adventureland,Adventureland Treehouse inspired by Walt Disney’s Swiss Family Robinson,0,True,2026-09-17T22:20:38.000Z
09/17/2026,3:24 PM,2026-09-17T22:24:35+00:00,Adventureland,Indiana Jones™ Adventure,0,False,2026-09-17T22:20:38.000Z
09/17/2026,3:24 PM,2026-09-17T22:24:35+00:00,Adventureland,Jungle Cruise,25,True,2026-09-17T22:20:38.000Z
09/17/2026,3:24 PM,2026-09-17T22:24:35+00:00,Adventureland,Walt Disney's Enchanted Tiki Room,0,True,2026-09-17T22:20:38.000Z
09/17/2026,3:24 PM,2026-09-17T22:24:35+00:00,Bayou Country,Davy Crockett's Explorer Canoes,0,False,2026-09-17T22:20:38.000Z
09/17/2026,3:24 PM,2026-09-17T22:24:35+00:00,Bayou Country,The Many Adventures of Winnie the Pooh,5,True,2026-09-17T22:20:38.000Z
09/17/2026,3:24 PM,2026-09-17T22:24:35+00:00,Bayou Country,Tiana's Bayou Adventure,60,True,2026-09-17T22:20:38.000Z
09/17/2026,3:24 PM,2026-09-17T22:24:35+00:00,Bayou Country,Tiana's Bayou Adventure Single Rider,0,True,2026-09-17T22:20:38.000Z
09/17/2026,3:24 PM,2026-09-17T22:24:35+00:00,Fantasyland,"""it's a small world""",10,True,2026-09-17T22:20:38.000Z
09/17/2026,3:24 PM,2026-09-17T22:24:35+00:00,Fantasyland,Alice in Wonderland,15,True,2026-09-17T22:20:38.000Z
09/17/2026,3:24 PM,2026-09-17T22:24:35+00:00,Fantasyland,Bluey’s Best Day Ever! at Fantasyland Theatre,0,True,2026-09-17T22:20:38.000Z
09/17/2026,3:24 PM,2026-09-17T22:24:35+00:00,Fantasyland,Casey Jr. Circus Train,5,True,2026-09-17T22:20:38.000Z
09/17/2026,3:24 PM,2026-09-17T22:24:35+00:00,Fantasyland,Dumbo the Flying Elephant,20,True,2026-09-17T22:20:38.000Z
09/17/2026,3:24 PM,2026-09-17T22:24:35+00:00,Fantasyland,King Arthur Carrousel,5,True,2026-09-17T22:20:38.000Z
09/17/2026,3:24 PM,2026-09-17T22:24:35+00:00,Fantasyland,Mad Tea Party,0,False,2026-09-17T22:20:38.000Z
09/17/2026,3:24 PM,2026-09-17T22:24:35+00:00,Fantasyland,Matterhorn Bobsleds,45,True,2026-09-17T22:20:38.000Z
09/17/2026,3:24 PM,2026-09-17T22:24:35+00:00,Fantasyland,Meet Disney Princesses at Royal Hall,75,True,2026-09-17T22:20:38.000Z
09/17/2026,3:24 PM,2026-09-17T22:24:35+00:00,Fantasyland,Mr. Toad's Wild Ride,15,True,2026-09-17T22:20:38.000Z
09/17/2026,3:24 PM,2026-09-17T22:24:35+00:00,Fantasyland,Peter Pan's Flight,30,True,2026-09-17T22:20:38.000Z
09/17/2026,3:24 PM,2026-09-17T22:24:35+00:00,Fantasyland,Pinocchio's Daring Journey,10,True,2026-09-17T22:20:38.000Z
09/17/2026,3:24 PM,2026-09-17T22:24:35+00:00,Fantasyland,Sleeping Beauty Castle Walkthrough,0,False,2026-09-17T22:20:38.000Z
09/17/2026,3:24 PM,2026-09-17T22:24:35+00:00,Fantasyland,Snow White's Enchanted Wish,20,True,2026-09-17T22:20:38.000Z
09/17/2026,3:24 PM,2026-09-17T22:24:35+00:00,Fantasyland,Storybook Land Canal Boats,10,True,2026-09-17T22:20:38.000Z
09/17/2026,3:24 PM,2026-09-17T22:24:35+00:00,Frontierland,Big Thunder Mountain Railroad,20,True,2026-09-17T22:20:38.000Z
09/17/2026,3:24 PM,2026-09-17T22:24:35+00:00,Frontierland,Frontierland Shootin' Exposition,0,True,2026-09-17T22:20:38.000Z
09/17/2026,3:24 PM,2026-09-17T22:24:35+00:00,Frontierland,Mark Twain Riverboat,10,True,2026-09-17T22:20:38.000Z
09/17/2026,3:24 PM,2026-09-17T22:24:35+00:00,Frontierland,Pirate's Lair on Tom Sawyer Island,5,True,2026-09-17T22:20:38.000Z
09/17/2026,3:24 PM,2026-09-17T22:24:35+00:00,Frontierland,Sailing Ship Columbia,0,False,2026-09-17T22:20:38.000Z
09/17/2026,3:24 PM,2026-09-17T22:24:35+00:00,Main Street U.S.A,Disneyland Railroad,10,True,2026-09-17T22:20:38.000Z
09/17/2026,3:24 PM,2026-09-17T22:24:35+00:00,Main Street U.S.A,Great Moments with Mr. Lincoln,0,False,2026-09-17T22:20:38.000Z
09/17/2026,3:24 PM,2026-09-17T22:24:35+00:00,Main Street U.S.A,Main Street Cinema,0,True,2026-09-17T22:20:38.000Z
09/17/2026,3:24 PM,2026-09-17T22:24:35+00:00,Main Street U.S.A,Main Street Vehicles,0,False,2026-09-17T22:20:38.000Z
09/17/2026,3:24 PM,2026-09-17T22:24:35+00:00,Main Street U.S.A,Opera House - Walt Disney - A Magical Life,0,True,2026-09-17T22:20:38.000Z
09/17/2026,3:24 PM,2026-09-17T22:24:35+00:00,Main Street U.S.A,The Disney Gallery,0,True,2026-09-17T22:20:38.000Z
09/17/2026,3:24 PM,2026-09-17T22:24:35+00:00,Main Street U.S.A,Walt Disney - A Magical Life,0,True,2026-09-17T22:20:38.000Z
09/17/2026,3:24 PM,2026-09-17T22:24:35+00:00,Mickey's Toontown,Chip 'n' Dale's GADGETcoaster,25,True,2026-09-17T22:20:38.000Z
09/17/2026,3:24 PM,2026-09-17T22:24:35+00:00,Mickey's Toontown,Donald's Duck Pond,0,True,2026-09-17T22:20:38.000Z
09/17/2026,3:24 PM,2026-09-17T22:24:35+00:00,Mickey's Toontown,Goofy's How-to-Play Yard,0,True,2026-09-17T22:20:38.000Z
09/17/2026,3:24 PM,2026-09-17T22:24:35+00:00,Mickey's Toontown,Mickey & Minnie's Runaway Railway,30,True,2026-09-17T22:20:38.000Z
09/17/2026,3:24 PM,2026-09-17T22:24:35+00:00,Mickey's Toontown,Mickey's House and Meet Mickey Mouse,30,True,2026-09-17T22:20:38.000Z
09/17/2026,3:24 PM,2026-09-17T22:24:35+00:00,Mickey's Toontown,Minnie's House,0,True,2026-09-17T22:20:38.000Z
09/17/2026,3:24 PM,2026-09-17T22:24:35+00:00,Mickey's Toontown,Roger Rabbit's Car Toon Spin,50,True,2026-09-17T22:20:38.000Z
09/17/2026,3:24 PM,2026-09-17T22:24:35+00:00,New Orleans Square,Haunted Mansion Holiday,30,True,2026-09-17T22:20:38.000Z
09/17/2026,3:24 PM,2026-09-17T22:24:35+00:00,New Orleans Square,Pirates of the Caribbean,15,True,2026-09-17T22:20:38.000Z
09/17/2026,3:24 PM,2026-09-17T22:24:35+00:00,Star Wars: Galaxy's Edge,Millennium Falcon: Smugglers Run,15,True,2026-09-17T22:20:38.000Z
09/17/2026,3:24 PM,2026-09-17T22:24:35+00:00,Star Wars: Galaxy's Edge,Millennium Falcon: Smugglers Run Single Rider,0,True,2026-09-17T22:20:38.000Z
09/17/2026,3:24 PM,2026-09-17T22:24:35+00:00,Star Wars: Galaxy's Edge,Star Wars: Rise of the Resistance,45,True,2026-09-17T22:20:38.000Z
09/17/2026,3:24 PM,2026-09-17T22:24:35+00:00,Tomorrowland,Astro Orbitor,10,True,2026-09-17T22:20:38.000Z
09/17/2026,3:24 PM,2026-09-17T22:24:35+00:00,Tomorrowland,Autopia,20,True,2026-09-17T22:20:38.000Z
09/17/2026,3:24 PM,2026-09-17T22:24:35+00:00,Tomorrowland,Buzz Lightyear Astro Blasters,20,True,2026-09-17T22:20:38.000Z
09/17/2026,3:24 PM,2026-09-17T22:24:35+00:00,Tomorrowland,Disneyland Monorail,5,True,2026-09-17T22:20:38.000Z
09/17/2026,3:24 PM,2026-09-17T22:24:35+00:00,Tomorrowland,Finding Nemo Submarine Voyage,25,True,2026-09-17T22:20:38.000Z
09/17/2026,3:24 PM,2026-09-17T22:24:35+00:00,Tomorrowland,Pixar Short Film Spotlight,0,False,2026-09-17T22:20:38.000Z
09/17/2026,3:24 PM,2026-09-17T22:24:35+00:00,Tomorrowland,Space Mountain,45,True,2026-09-17T22:20:38.000Z
09/17/2026,3:24 PM,2026-09-17T22:24:35+00:00,Tomorrowland,Star Tours - The Adventures Continue,15,True,2026-09-17T22:20:38.000Z
09/17/2026,5:45 PM,2026-09-18T00:45:03+00:00,Adventureland,Adventureland Treehouse inspired by Walt Disney’s Swiss Family Robinson,0,True,2026-09-18T00:40:44.000Z
09/17/2026,5:45 PM,2026-09-18T00:45:03+00:00,Adventureland,Indiana Jones™ Adventure,0,False,2026-09-18T00:40:44.000Z
09/17/2026,5:45 PM,2026-09-18T00:45:03+00:00,Adventureland,Jungle Cruise,15,True,2026-09-18T00:40:44.000Z
09/17/2026,5:45 PM,2026-09-18T00:45:03+00:00,Adventureland,Walt Disney's Enchanted Tiki Room,0,True,2026-09-18T00:40:44.000Z
09/17/2026,5:45 PM,2026-09-18T00:45:03+00:00,Bayou Country,Davy Crockett's Explorer Canoes,0,False,2026-09-18T00:40:44.000Z
09/17/2026,5:45 PM,2026-09-18T00:45:03+00:00,Bayou Country,The Many Adventures of Winnie the Pooh,10,True,2026-09-18T00:40:44.000Z
09/17/2026,5:45 PM,2026-09-18T00:45:03+00:00,Bayou Country,Tiana's Bayou Adventure,45,True,2026-09-18T00:40:44.000Z
09/17/2026,5:45 PM,2026-09-18T00:45:03+00:00,Bayou Country,Tiana's Bayou Adventure Single Rider,0,True,2026-09-18T00:40:44.000Z
09/17/2026,5:45 PM,2026-09-18T00:45:03+00:00,Fantasyland,"""it's a small world""",15,True,2026-09-18T00:40:44.000Z
09/17/2026,5:45 PM,2026-09-18T00:45:03+00:00,Fantasyland,Alice in Wonderland,25,True,2026-09-18T00:40:44.000Z
09/17/2026,5:45 PM,2026-09-18T00:45:03+00:00,Fantasyland,Bluey’s Best Day Ever! at Fantasyland Theatre,0,True,2026-09-18T00:40:44.000Z
09/17/2026,5:45 PM,2026-09-18T00:45:03+00:00,Fantasyland,Casey Jr. Circus Train,10,True,2026-09-18T00:40:44.000Z
09/17/2026,5:45 PM,2026-09-18T00:45:03+00:00,Fantasyland,Dumbo the Flying Elephant,20,True,2026-09-18T00:40:44.000Z
09/17/2026,5:45 PM,2026-09-18T00:45:03+00:00,Fantasyland,King Arthur Carrousel,5,True,2026-09-18T00:40:44.000Z
09/17/2026,5:45 PM,2026-09-18T00:45:03+00:00,Fantasyland,Mad Tea Party,0,False,2026-09-18T00:40:44.000Z
09/17/2026,5:45 PM,2026-09-18T00:45:03+00:00,Fantasyland,Matterhorn Bobsleds,40,True,2026-09-18T00:40:44.000Z
09/17/2026,5:45 PM,2026-09-18T00:45:03+00:00,Fantasyland,Meet Disney Princesses at Royal Hall,0,False,2026-09-18T00:40:44.000Z
09/17/2026,5:45 PM,2026-09-18T00:45:03+00:00,Fantasyland,Mr. Toad's Wild Ride,20,True,2026-09-18T00:40:44.000Z
09/17/2026,5:45 PM,2026-09-18T00:45:03+00:00,Fantasyland,Peter Pan's Flight,40,True,2026-09-18T00:40:44.000Z
09/17/2026,5:45 PM,2026-09-18T00:45:03+00:00,Fantasyland,Pinocchio's Daring Journey,15,True,2026-09-18T00:40:44.000Z
09/17/2026,5:45 PM,2026-09-18T00:45:03+00:00,Fantasyland,Sleeping Beauty Castle Walkthrough,0,False,2026-09-18T00:40:44.000Z
09/17/2026,5:45 PM,2026-09-18T00:45:03+00:00,Fantasyland,Snow White's Enchanted Wish,20,True,2026-09-18T00:40:44.000Z
09/17/2026,5:45 PM,2026-09-18T00:45:03+00:00,Fantasyland,Storybook Land Canal Boats,20,True,2026-09-18T00:40:44.000Z
09/17/2026,5:45 PM,2026-09-18T00:45:03+00:00,Frontierland,Big Thunder Mountain Railroad,25,True,2026-09-18T00:40:44.000Z
09/17/2026,5:45 PM,2026-09-18T00:45:03+00:00,Frontierland,Frontierland Shootin' Exposition,0,True,2026-09-18T00:40:44.000Z
09/17/2026,5:45 PM,2026-09-18T00:45:03+00:00,Frontierland,Mark Twain Riverboat,10,True,2026-09-18T00:40:44.000Z
09/17/2026,5:45 PM,2026-09-18T00:45:03+00:00,Frontierland,Pirate's Lair on Tom Sawyer Island,0,False,2026-09-18T00:40:44.000Z
09/17/2026,5:45 PM,2026-09-18T00:45:03+00:00,Frontierland,Sailing Ship Columbia,0,False,2026-09-18T00:40:44.000Z
09/17/2026,5:45 PM,2026-09-18T00:45:03+00:00,Main Street U.S.A,Disneyland Railroad,10,True,2026-09-18T00:40:44.000Z
09/17/2026,5:45 PM,2026-09-18T00:45:03+00:00,Main Street U.S.A,Great Moments with Mr. Lincoln,0,False,2026-09-18T00:40:44.000Z
09/17/2026,5:45 PM,2026-09-18T00:45:03+00:00,Main Street U.S.A,Main Street Cinema,0,True,2026-09-18T00:40:44.000Z
09/17/2026,5:45 PM,2026-09-18T00:45:03+00:00,Main Street U.S.A,Main Street Vehicles,0,False,2026-09-18T00:40:44.000Z
09/17/2026,5:45 PM,2026-09-18T00:45:03+00:00,Main Street U.S.A,Opera House - Walt Disney - A Magical Life,0,True,2026-09-18T00:40:44.000Z
09/17/2026,5:45 PM,2026-09-18T00:45:03+00:00,Main Street U.S.A,The Disney Gallery,0,True,2026-09-18T00:40:44.000Z
09/17/2026,5:45 PM,2026-09-18T00:45:03+00:00,Main Street U.S.A,Walt Disney - A Magical Life,0,True,2026-09-18T00:40:44.000Z
09/17/2026,5:45 PM,2026-09-18T00:45:03+00:00,Mickey's Toontown,Chip 'n' Dale's GADGETcoaster,30,True,2026-09-18T00:40:44.000Z
09/17/2026,5:45 PM,2026-09-18T00:45:03+00:00,Mickey's Toontown,Donald's Duck Pond,0,True,2026-09-18T00:40:44.000Z
09/17/2026,5:45 PM,2026-09-18T00:45:03+00:00,Mickey's Toontown,Goofy's How-to-Play Yard,0,True,2026-09-18T00:40:44.000Z
09/17/2026,5:45 PM,2026-09-18T00:45:03+00:00,Mickey's Toontown,Mickey & Minnie's Runaway Railway,40,True,2026-09-18T00:40:44.000Z
09/17/2026,5:45 PM,2026-09-18T00:45:03+00:00,Mickey's Toontown,Mickey's House and Meet Mickey Mouse,60,True,2026-09-18T00:40:44.000Z
09/17/2026,5:45 PM,2026-09-18T00:45:03+00:00,Mickey's Toontown,Minnie's House,0,True,2026-09-18T00:40:44.000Z
09/17/2026,5:45 PM,2026-09-18T00:45:03+00:00,Mickey's Toontown,Roger Rabbit's Car Toon Spin,0,False,2026-09-18T00:40:44.000Z
09/17/2026,5:45 PM,2026-09-18T00:45:03+00:00,New Orleans Square,Haunted Mansion Holiday,40,True,2026-09-18T00:40:44.000Z
09/17/2026,5:45 PM,2026-09-18T00:45:03+00:00,New Orleans Square,Pirates of the Caribbean,25,True,2026-09-18T00:40:44.000Z
09/17/2026,5:45 PM,2026-09-18T00:45:03+00:00,Star Wars: Galaxy's Edge,Millennium Falcon: Smugglers Run,35,True,2026-09-18T00:40:44.000Z
09/17/2026,5:45 PM,2026-09-18T00:45:03+00:00,Star Wars: Galaxy's Edge,Millennium Falcon: Smugglers Run Single Rider,0,True,2026-09-18T00:40:44.000Z
09/17/2026,5:45 PM,2026-09-18T00:45:03+00:00,Star Wars: Galaxy's Edge,Star Wars: Rise of the Resistance,50,True,2026-09-18T00:40:44.000Z
09/17/2026,5:45 PM,2026-09-18T00:45:03+00:00,Tomorrowland,Astro Orbitor,25,True,2026-09-18T00:40:44.000Z
09/17/2026,5:45 PM,2026-09-18T00:45:03+00:00,Tomorrowland,Autopia,20,True,2026-09-18T00:40:44.000Z
09/17/2026,5:45 PM,2026-09-18T00:45:03+00:00,Tomorrowland,Buzz Lightyear Astro Blasters,25,True,2026-09-18T00:40:44.000Z
09/17/2026,5:45 PM,2026-09-18T00:45:03+00:00,Tomorrowland,Disneyland Monorail,0,False,2026-09-18T00:40:44.000Z
09/17/2026,5:45 PM,2026-09-18T00:45:03+00:00,Tomorrowland,Finding Nemo Submarine Voyage,15,True,2026-09-18T00:40:44.000Z
09/17/2026,5:45 PM,2026-09-18T00:45:03+00:00,Tomorrowland,Pixar Short Film Spotlight,0,False,2026-09-18T00:40:44.000Z
09/17/2026,5:45 PM,2026-09-18T00:45:03+00:00,Tomorrowland,Space Mountain,50,True,2026-09-18T00:40:44.000Z
09/17/2026,5:45 PM,2026-09-18T00:45:03+00:00,Tomorrowland,Star Tours - The Adventures Continue,15,True,2026-09-18T00:40:44.000Z
09/18/2026,11:21 AM,2026-09-18T18:21:39+00:00,Adventureland,Adventureland Treehouse inspired by Walt Disney’s Swiss Family Robinson,0,True,2026-09-18T18:20:41.000Z
09/18/2026,11:21 AM,2026-09-18T18:21:39+00:00,Adventureland,Indiana Jones™ Adventure,0,False,2026-09-18T18:20:41.000Z
09/18/2026,11:21 AM,2026-09-18T18:21:39+00:00,Adventureland,Jungle Cruise,10,True,2026-09-18T18:20:41.000Z
09/18/2026,11:21 AM,2026-09-18T18:21:39+00:00,Adventureland,Walt Disney's Enchanted Tiki Room,0,True,2026-09-18T18:20:41.000Z
09/18/2026,11:21 AM,2026-09-18T18:21:39+00:00,Bayou Country,Davy Crockett's Explorer Canoes,5,True,2026-09-18T18:20:41.000Z
09/18/2026,11:21 AM,2026-09-18T18:21:39+00:00,Bayou Country,The Many Adventures of Winnie the Pooh,5,True,2026-09-18T18:20:41.000Z
09/18/2026,11:21 AM,2026-09-18T18:21:39+00:00,Bayou Country,Tiana's Bayou Adventure,25,True,2026-09-18T18:20:41.000Z
09/18/2026,11:21 AM,2026-09-18T18:21:39+00:00,Bayou Country,Tiana's Bayou Adventure Single Rider,0,True,2026-09-18T18:20:41.000Z
09/18/2026,11:21 AM,2026-09-18T18:21:39+00:00,Fantasyland,"""it's a small world""",5,True,2026-09-18T18:20:41.000Z
09/18/2026,11:21 AM,2026-09-18T18:21:39+00:00,Fantasyland,Alice in Wonderland,20,True,2026-09-18T18:20:41.000Z
09/18/2026,11:21 AM,2026-09-18T18:21:39+00:00,Fantasyland,Bluey’s Best Day Ever! at Fantasyland Theatre,0,True,2026-09-18T18:20:41.000Z
09/18/2026,11:21 AM,2026-09-18T18:21:39+00:00,Fantasyland,Casey Jr. Circus Train,5,True,2026-09-18T18:20:41.000Z
09/18/2026,11:21 AM,2026-09-18T18:21:39+00:00,Fantasyland,Dumbo the Flying Elephant,20,True,2026-09-18T18:20:41.000Z
09/18/2026,11:21 AM,2026-09-18T18:21:39+00:00,Fantasyland,King Arthur Carrousel,5,True,2026-09-18T18:20:41.000Z
09/18/2026,11:21 AM,2026-09-18T18:21:39+00:00,Fantasyland,Mad Tea Party,0,False,2026-09-18T18:20:41.000Z
09/18/2026,11:21 AM,2026-09-18T18:21:39+00:00,Fantasyland,Matterhorn Bobsleds,30,True,2026-09-18T18:20:41.000Z
09/18/2026,11:21 AM,2026-09-18T18:21:39+00:00,Fantasyland,Meet Disney Princesses at Royal Hall,30,True,2026-09-18T18:20:41.000Z
09/18/2026,11:21 AM,2026-09-18T18:21:39+00:00,Fantasyland,Mr. Toad's Wild Ride,10,True,2026-09-18T18:20:41.000Z
09/18/2026,11:21 AM,2026-09-18T18:21:39+00:00,Fantasyland,Peter Pan's Flight,30,True,2026-09-18T18:20:41.000Z
09/18/2026,11:21 AM,2026-09-18T18:21:39+00:00,Fantasyland,Pinocchio's Daring Journey,10,True,2026-09-18T18:20:41.000Z
09/18/2026,11:21 AM,2026-09-18T18:21:39+00:00,Fantasyland,Sleeping Beauty Castle Walkthrough,0,False,2026-09-18T18:20:41.000Z
09/18/2026,11:21 AM,2026-09-18T18:21:39+00:00,Fantasyland,Snow White's Enchanted Wish,15,True,2026-09-18T18:20:41.000Z
09/18/2026,11:21 AM,2026-09-18T18:21:39+00:00,Fantasyland,Storybook Land Canal Boats,10,True,2026-09-18T18:20:41.000Z
09/18/2026,11:21 AM,2026-09-18T18:21:39+00:00,Frontierland,Big Thunder Mountain Railroad,25,True,2026-09-18T18:20:41.000Z
09/18/2026,11:21 AM,2026-09-18T18:21:39+00:00,Frontierland,Frontierland Shootin' Exposition,0,True,2026-09-18T18:20:41.000Z
09/18/2026,11:21 AM,2026-09-18T18:21:39+00:00,Frontierland,Mark Twain Riverboat,10,True,2026-09-18T18:20:41.000Z
09/18/2026,11:21 AM,2026-09-18T18:21:39+00:00,Frontierland,Pirate's Lair on Tom Sawyer Island,5,True,2026-09-18T18:20:41.000Z
09/18/2026,11:21 AM,2026-09-18T18:21:39+00:00,Frontierland,Sailing Ship Columbia,0,False,2026-09-18T18:20:41.000Z
09/18/2026,11:21 AM,2026-09-18T18:21:39+00:00,Main Street U.S.A,Disneyland Railroad,5,True,2026-09-18T18:20:41.000Z
09/18/2026,11:21 AM,2026-09-18T18:21:39+00:00,Main Street U.S.A,Great Moments with Mr. Lincoln,0,True,2026-09-18T18:20:41.000Z
09/18/2026,11:21 AM,2026-09-18T18:21:39+00:00,Main Street U.S.A,Main Street Cinema,0,True,2026-09-18T18:20:41.000Z
09/18/2026,11:21 AM,2026-09-18T18:21:39+00:00,Main Street U.S.A,Main Street Vehicles,0,True,2026-09-18T18:20:41.000Z
09/18/2026,11:21 AM,2026-09-18T18:21:39+00:00,Main Street U.S.A,Opera House - Walt Disney - A Magical Life,0,True,2026-09-18T18:20:41.000Z
09/18/2026,11:21 AM,2026-09-18T18:21:39+00:00,Main Street U.S.A,The Disney Gallery,0,True,2026-09-18T18:20:41.000Z
09/18/2026,11:21 AM,2026-09-18T18:21:39+00:00,Main Street U.S.A,Walt Disney - A Magical Life,0,False,2026-09-18T18:20:41.000Z
09/18/2026,11:21 AM,2026-09-18T18:21:39+00:00,Mickey's Toontown,Chip 'n' Dale's GADGETcoaster,15,True,2026-09-18T18:20:41.000Z
09/18/2026,11:21 AM,2026-09-18T18:21:39+00:00,Mickey's Toontown,Donald's Duck Pond,0,True,2026-09-18T18:20:41.000Z
09/18/2026,11:21 AM,2026-09-18T18:21:39+00:00,Mickey's Toontown,Goofy's How-to-Play Yard,0,True,2026-09-18T18:20:41.000Z
09/18/2026,11:21 AM,2026-09-18T18:21:39+00:00,Mickey's Toontown,Mickey & Minnie's Runaway Railway,20,True,2026-09-18T18:20:41.000Z
09/18/2026,11:21 AM,2026-09-18T18:21:39+00:00,Mickey's Toontown,Mickey's House and Meet Mickey Mouse,15,True,2026-09-18T18:20:41.000Z
09/18/2026,11:21 AM,2026-09-18T18:21:39+00:00,Mickey's Toontown,Minnie's House,0,True,2026-09-18T18:20:41.000Z
09/18/2026,11:21 AM,2026-09-18T18:21:39+00:00,Mickey's Toontown,Roger Rabbit's Car Toon Spin,35,True,2026-09-18T18:20:41.000Z
09/18/2026,11:21 AM,2026-09-18T18:21:39+00:00,New Orleans Square,Haunted Mansion Holiday,30,True,2026-09-18T18:20:41.000Z
09/18/2026,11:21 AM,2026-09-18T18:21:39+00:00,New Orleans Square,Pirates of the Caribbean,15,True,2026-09-18T18:20:41.000Z
09/18/2026,11:21 AM,2026-09-18T18:21:39+00:00,Star Wars: Galaxy's Edge,Millennium Falcon: Smugglers Run,5,True,2026-09-18T18:20:41.000Z
09/18/2026,11:21 AM,2026-09-18T18:21:39+00:00,Star Wars: Galaxy's Edge,Millennium Falcon: Smugglers Run Single Rider,0,True,2026-09-18T18:20:41.000Z
09/18/2026,11:21 AM,2026-09-18T18:21:39+00:00,Star Wars: Galaxy's Edge,Star Wars: Rise of the Resistance,40,True,2026-09-18T18:20:41.000Z
09/18/2026,11:21 AM,2026-09-18T18:21:39+00:00,Tomorrowland,Astro Orbitor,10,True,2026-09-18T18:20:41.000Z
09/18/2026,11:21 AM,2026-09-18T18:21:39+00:00,Tomorrowland,Autopia,5,True,2026-09-18T18:20:41.000Z
09/18/2026,11:21 AM,2026-09-18T18:21:39+00:00,Tomorrowland,Buzz Lightyear Astro Blasters,20,True,2026-09-18T18:20:41.000Z
09/18/2026,11:21 AM,2026-09-18T18:21:39+00:00,Tomorrowland,Disneyland Monorail,5,True,2026-09-18T18:20:41.000Z
09/18/2026,11:21 AM,2026-09-18T18:21:39+00:00,Tomorrowland,Finding Nemo Submarine Voyage,10,True,2026-09-18T18:20:41.000Z
09/18/2026,11:21 AM,2026-09-18T18:21:39+00:00,Tomorrowland,Pixar Short Film Spotlight,0,False,2026-09-18T18:20:41.000Z
09/18/2026,11:21 AM,2026-09-18T18:21:39+00:00,Tomorrowland,Space Mountain,20,True,2026-09-18T18:20:41.000Z
09/18/2026,11:21 AM,2026-09-18T18:21:39+00:00,Tomorrowland,Star Tours - The Adventures Continue,20,True,2026-09-18T18:20:41.000Z
09/18/2026,2:12 PM,2026-09-18T21:12:23+00:00,Adventureland,Adventureland Treehouse inspired by Walt Disney’s Swiss Family Robinson,0,True,2026-09-18T21:10:42.000Z
09/18/2026,2:12 PM,2026-09-18T21:12:23+00:00,Adventureland,Indiana Jones™ Adventure,0,False,2026-09-18T21:10:42.000Z
09/18/2026,2:12 PM,2026-09-18T21:12:23+00:00,Adventureland,Jungle Cruise,10,True,2026-09-18T21:10:42.000Z
09/18/2026,2:12 PM,2026-09-18T21:12:23+00:00,Adventureland,Walt Disney's Enchanted Tiki Room,0,True,2026-09-18T21:10:42.000Z
09/18/2026,2:12 PM,2026-09-18T21:12:23+00:00,Bayou Country,Davy Crockett's Explorer Canoes,5,True,2026-09-18T21:10:42.000Z
09/18/2026,2:12 PM,2026-09-18T21:12:23+00:00,Bayou Country,The Many Adventures of Winnie the Pooh,5,True,2026-09-18T21:10:42.000Z
09/18/2026,2:12 PM,2026-09-18T21:12:23+00:00,Bayou Country,Tiana's Bayou Adventure,50,True,2026-09-18T21:10:42.000Z
09/18/2026,2:12 PM,2026-09-18T21:12:23+00:00,Bayou Country,Tiana's Bayou Adventure Single Rider,0,True,2026-09-18T21:10:42.000Z
09/18/2026,2:12 PM,2026-09-18T21:12:23+00:00,Fantasyland,"""it's a small world""",5,True,2026-09-18T21:10:42.000Z
09/18/2026,2:12 PM,2026-09-18T21:12:23+00:00,Fantasyland,Alice in Wonderland,15,True,2026-09-18T21:10:42.000Z
09/18/2026,2:12 PM,2026-09-18T21:12:23+00:00,Fantasyland,Bluey’s Best Day Ever! at Fantasyland Theatre,0,True,2026-09-18T21:10:42.000Z
09/18/2026,2:12 PM,2026-09-18T21:12:23+00:00,Fantasyland,Casey Jr. Circus Train,5,True,2026-09-18T21:10:42.000Z
09/18/2026,2:12 PM,2026-09-18T21:12:23+00:00,Fantasyland,Dumbo the Flying Elephant,10,True,2026-09-18T21:10:42.000Z
09/18/2026,2:12 PM,2026-09-18T21:12:23+00:00,Fantasyland,King Arthur Carrousel,5,True,2026-09-18T21:10:42.000Z
09/18/2026,2:12 PM,2026-09-18T21:12:23+00:00,Fantasyland,Mad Tea Party,0,False,2026-09-18T21:10:42.000Z
09/18/2026,2:12 PM,2026-09-18T21:12:23+00:00,Fantasyland,Matterhorn Bobsleds,20,True,2026-09-18T21:10:42.000Z
09/18/2026,2:12 PM,2026-09-18T21:12:23+00:00,Fantasyland,Meet Disney Princesses at Royal Hall,30,True,2026-09-18T21:10:42.000Z
09/18/2026,2:12 PM,2026-09-18T21:12:23+00:00,Fantasyland,Mr. Toad's Wild Ride,15,True,2026-09-18T21:10:42.000Z
09/18/2026,2:12 PM,2026-09-18T21:12:23+00:00,Fantasyland,Peter Pan's Flight,20,True,2026-09-18T21:10:42.000Z
09/18/2026,2:12 PM,2026-09-18T21:12:23+00:00,Fantasyland,Pinocchio's Daring Journey,5,True,2026-09-18T21:10:42.000Z
09/18/2026,2:12 PM,2026-09-18T21:12:23+00:00,Fantasyland,Sleeping Beauty Castle Walkthrough,0,False,2026-09-18T21:10:42.000Z
09/18/2026,2:12 PM,2026-09-18T21:12:23+00:00,Fantasyland,Snow White's Enchanted Wish,10,True,2026-09-18T21:10:42.000Z
09/18/2026,2:12 PM,2026-09-18T21:12:23+00:00,Fantasyland,Storybook Land Canal Boats,10,True,2026-09-18T21:10:42.000Z
09/18/2026,2:12 PM,2026-09-18T21:12:23+00:00,Frontierland,Big Thunder Mountain Railroad,20,True,2026-09-18T21:10:42.000Z
09/18/2026,2:12 PM,2026-09-18T21:12:23+00:00,Frontierland,Frontierland Shootin' Exposition,0,True,2026-09-18T21:10:42.000Z
09/18/2026,2:12 PM,2026-09-18T21:12:23+00:00,Frontierland,Mark Twain Riverboat,10,True,2026-09-18T21:10:42.000Z
09/18/2026,2:12 PM,2026-09-18T21:12:23+00:00,Frontierland,Pirate's Lair on Tom Sawyer Island,5,True,2026-09-18T21:10:42.000Z
09/18/2026,2:12 PM,2026-09-18T21:12:23+00:00,Frontierland,Sailing Ship Columbia,0,False,2026-09-18T21:10:42.000Z
09/18/2026,2:12 PM,2026-09-18T21:12:23+00:00,Main Street U.S.A,Disneyland Railroad,5,True,2026-09-18T21:10:42.000Z
09/18/2026,2:12 PM,2026-09-18T21:12:23+00:00,Main Street U.S.A,Great Moments with Mr. Lincoln,0,False,2026-09-18T21:10:42.000Z
09/18/2026,2:12 PM,2026-09-18T21:12:23+00:00,Main Street U.S.A,Main Street Cinema,0,True,2026-09-18T21:10:42.000Z
09/18/2026,2:12 PM,2026-09-18T21:12:23+00:00,Main Street U.S.A,Main Street Vehicles,0,True,2026-09-18T21:10:42.000Z
09/18/2026,2:12 PM,2026-09-18T21:12:23+00:00,Main Street U.S.A,Opera House - Walt Disney - A Magical Life,0,True,2026-09-18T21:10:42.000Z
09/18/2026,2:12 PM,2026-09-18T21:12:23+00:00,Main Street U.S.A,The Disney Gallery,0,True,2026-09-18T21:10:42.000Z
09/18/2026,2:12 PM,2026-09-18T21:12:23+00:00,Main Street U.S.A,Walt Disney - A Magical Life,0,True,2026-09-18T21:10:42.000Z
09/18/2026,2:12 PM,2026-09-18T21:12:23+00:00,Mickey's Toontown,Chip 'n' Dale's GADGETcoaster,25,True,2026-09-18T21:10:42.000Z
09/18/2026,2:12 PM,2026-09-18T21:12:23+00:00,Mickey's Toontown,Donald's Duck Pond,0,True,2026-09-18T21:10:42.000Z
09/18/2026,2:12 PM,2026-09-18T21:12:23+00:00,Mickey's Toontown,Goofy's How-to-Play Yard,0,True,2026-09-18T21:10:42.000Z
09/18/2026,2:12 PM,2026-09-18T21:12:23+00:00,Mickey's Toontown,Mickey & Minnie's Runaway Railway,30,True,2026-09-18T21:10:42.000Z
09/18/2026,2:12 PM,2026-09-18T21:12:23+00:00,Mickey's Toontown,Mickey's House and Meet Mickey Mouse,15,True,2026-09-18T21:10:42.000Z
09/18/2026,2:12 PM,2026-09-18T21:12:23+00:00,Mickey's Toontown,Minnie's House,0,True,2026-09-18T21:10:42.000Z
09/18/2026,2:12 PM,2026-09-18T21:12:23+00:00,Mickey's Toontown,Roger Rabbit's Car Toon Spin,45,True,2026-09-18T21:10:42.000Z
09/18/2026,2:12 PM,2026-09-18T21:12:23+00:00,New Orleans Square,Haunted Mansion Holiday,40,True,2026-09-18T21:10:42.000Z
09/18/2026,2:12 PM,2026-09-18T21:12:23+00:00,New Orleans Square,Pirates of the Caribbean,25,True,2026-09-18T21:10:42.000Z
09/18/2026,2:12 PM,2026-09-18T21:12:23+00:00,Star Wars: Galaxy's Edge,Millennium Falcon: Smugglers Run,10,True,2026-09-18T21:10:42.000Z
09/18/2026,2:12 PM,2026-09-18T21:12:23+00:00,Star Wars: Galaxy's Edge,Millennium Falcon: Smugglers Run Single Rider,0,True,2026-09-18T21:10:42.000Z
09/18/2026,2:12 PM,2026-09-18T21:12:23+00:00,Star Wars: Galaxy's Edge,Star Wars: Rise of the Resistance,45,True,2026-09-18T21:10:42.000Z
09/18/2026,2:12 PM,2026-09-18T21:12:23+00:00,Tomorrowland,Astro Orbitor,10,True,2026-09-18T21:10:42.000Z
09/18/2026,2:12 PM,2026-09-18T21:12:23+00:00,Tomorrowland,Autopia,10,True,2026-09-18T21:10:42.000Z
09/18/2026,2:12 PM,2026-09-18T21:12:23+00:00,Tomorrowland,Buzz Lightyear Astro Blasters,5,True,2026-09-18T21:10:42.000Z
09/18/2026,2:12 PM,2026-09-18T21:12:23+00:00,Tomorrowland,Disneyland Monorail,5,True,2026-09-18T21:10:42.000Z
09/18/2026,2:12 PM,2026-09-18T21:12:23+00:00,Tomorrowland,Finding Nemo Submarine Voyage,15,True,2026-09-18T21:10:42.000Z
09/18/2026,2:12 PM,2026-09-18T21:12:23+00:00,Tomorrowland,Pixar Short Film Spotlight,0,False,2026-09-18T21:10:42.000Z
09/18/2026,2:12 PM,2026-09-18T21:12:23+00:00,Tomorrowland,Space Mountain,40,True,2026-09-18T21:10:42.000Z
09/18/2026,2:12 PM,2026-09-18T21:12:23+00:00,Tomorrowland,Star Tours - The Adventures Continue,10,True,2026-09-18T21:10:42.000Z
09/18/2026,4:33 PM,2026-09-18T23:33:08+00:00,Adventureland,Adventureland Treehouse inspired by Walt Disney’s Swiss Family Robinson,0,True,2026-09-18T23:30:37.000Z
09/18/2026,4:33 PM,2026-09-18T23:33:08+00:00,Adventureland,Indiana Jones™ Adventure,0,False,2026-09-18T23:30:37.000Z
09/18/2026,4:33 PM,2026-09-18T23:33:08+00:00,Adventureland,Jungle Cruise,15,True,2026-09-18T23:30:37.000Z
09/18/2026,4:33 PM,2026-09-18T23:33:08+00:00,Adventureland,Walt Disney's Enchanted Tiki Room,0,True,2026-09-18T23:30:37.000Z
09/18/2026,4:33 PM,2026-09-18T23:33:08+00:00,Bayou Country,Davy Crockett's Explorer Canoes,5,True,2026-09-18T23:30:37.000Z
09/18/2026,4:33 PM,2026-09-18T23:33:08+00:00,Bayou Country,The Many Adventures of Winnie the Pooh,5,True,2026-09-18T23:30:37.000Z
09/18/2026,4:33 PM,2026-09-18T23:33:08+00:00,Bayou Country,Tiana's Bayou Adventure,55,True,2026-09-18T23:30:37.000Z
09/18/2026,4:33 PM,2026-09-18T23:33:08+00:00,Bayou Country,Tiana's Bayou Adventure Single Rider,0,True,2026-09-18T23:30:37.000Z
09/18/2026,4:33 PM,2026-09-18T23:33:08+00:00,Fantasyland,"""it's a small world""",5,True,2026-09-18T23:30:37.000Z
09/18/2026,4:33 PM,2026-09-18T23:33:08+00:00,Fantasyland,Alice in Wonderland,25,True,2026-09-18T23:30:37.000Z
09/18/2026,4:33 PM,2026-09-18T23:33:08+00:00,Fantasyland,Bluey’s Best Day Ever! at Fantasyland Theatre,0,True,2026-09-18T23:30:37.000Z
09/18/2026,4:33 PM,2026-09-18T23:33:08+00:00,Fantasyland,Casey Jr. Circus Train,5,True,2026-09-18T23:30:37.000Z
09/18/2026,4:33 PM,2026-09-18T23:33:08+00:00,Fantasyland,Dumbo the Flying Elephant,15,True,2026-09-18T23:30:37.000Z
09/18/2026,4:33 PM,2026-09-18T23:33:08+00:00,Fantasyland,King Arthur Carrousel,5,True,2026-09-18T23:30:37.000Z
09/18/2026,4:33 PM,2026-09-18T23:33:08+00:00,Fantasyland,Mad Tea Party,0,False,2026-09-18T23:30:37.000Z
09/18/2026,4:33 PM,2026-09-18T23:33:08+00:00,Fantasyland,Matterhorn Bobsleds,30,True,2026-09-18T23:30:37.000Z
09/18/2026,4:33 PM,2026-09-18T23:33:08+00:00,Fantasyland,Meet Disney Princesses at Royal Hall,30,True,2026-09-18T23:30:37.000Z
09/18/2026,4:33 PM,2026-09-18T23:33:08+00:00,Fantasyland,Mr. Toad's Wild Ride,15,True,2026-09-18T23:30:37.000Z
09/18/2026,4:33 PM,2026-09-18T23:33:08+00:00,Fantasyland,Peter Pan's Flight,30,True,2026-09-18T23:30:37.000Z
09/18/2026,4:33 PM,2026-09-18T23:33:08+00:00,Fantasyland,Pinocchio's Daring Journey,5,True,2026-09-18T23:30:37.000Z
09/18/2026,4:33 PM,2026-09-18T23:33:08+00:00,Fantasyland,Sleeping Beauty Castle Walkthrough,0,False,2026-09-18T23:30:37.000Z
09/18/2026,4:33 PM,2026-09-18T23:33:08+00:00,Fantasyland,Snow White's Enchanted Wish,5,True,2026-09-18T23:30:37.000Z
09/18/2026,4:33 PM,2026-09-18T23:33:08+00:00,Fantasyland,Storybook Land Canal Boats,10,True,2026-09-18T23:30:37.000Z
09/18/2026,4:33 PM,2026-09-18T23:33:08+00:00,Frontierland,Big Thunder Mountain Railroad,20,True,2026-09-18T23:30:37.000Z
09/18/2026,4:33 PM,2026-09-18T23:33:08+00:00,Frontierland,Frontierland Shootin' Exposition,0,True,2026-09-18T23:30:37.000Z
09/18/2026,4:33 PM,2026-09-18T23:33:08+00:00,Frontierland,Mark Twain Riverboat,10,True,2026-09-18T23:30:37.000Z
09/18/2026,4:33 PM,2026-09-18T23:33:08+00:00,Frontierland,Pirate's Lair on Tom Sawyer Island,5,True,2026-09-18T23:30:37.000Z
09/18/2026,4:33 PM,2026-09-18T23:33:08+00:00,Frontierland,Sailing Ship Columbia,0,False,2026-09-18T23:30:37.000Z
09/18/2026,4:33 PM,2026-09-18T23:33:08+00:00,Main Street U.S.A,Disneyland Railroad,5,True,2026-09-18T23:30:37.000Z
09/18/2026,4:33 PM,2026-09-18T23:33:08+00:00,Main Street U.S.A,Great Moments with Mr. Lincoln,0,False,2026-09-18T23:30:37.000Z
09/18/2026,4:33 PM,2026-09-18T23:33:08+00:00,Main Street U.S.A,Main Street Cinema,0,True,2026-09-18T23:30:37.000Z
09/18/2026,4:33 PM,2026-09-18T23:33:08+00:00,Main Street U.S.A,Main Street Vehicles,0,False,2026-09-18T23:30:37.000Z
09/18/2026,4:33 PM,2026-09-18T23:33:08+00:00,Main Street U.S.A,Opera House - Walt Disney - A Magical Life,0,True,2026-09-18T23:30:37.000Z
09/18/2026,4:33 PM,2026-09-18T23:33:08+00:00,Main Street U.S.A,The Disney Gallery,0,True,2026-09-18T23:30:37.000Z
09/18/2026,4:33 PM,2026-09-18T23:33:08+00:00,Main Street U.S.A,Walt Disney - A Magical Life,0,True,2026-09-18T23:30:37.000Z
09/18/2026,4:33 PM,2026-09-18T23:33:08+00:00,Mickey's Toontown,Chip 'n' Dale's GADGETcoaster,15,True,2026-09-18T23:30:37.000Z
09/18/2026,4:33 PM,2026-09-18T23:33:08+00:00,Mickey's Toontown,Donald's Duck Pond,0,True,2026-09-18T23:30:37.000Z
09/18/2026,4:33 PM,2026-09-18T23:33:08+00:00,Mickey's Toontown,Goofy's How-to-Play Yard,0,True,2026-09-18T23:30:37.000Z
09/18/2026,4:33 PM,2026-09-18T23:33:08+00:00,Mickey's Toontown,Mickey & Minnie's Runaway Railway,45,True,2026-09-18T23:30:37.000Z
09/18/2026,4:33 PM,2026-09-18T23:33:08+00:00,Mickey's Toontown,Mickey's House and Meet Mickey Mouse,30,True,2026-09-18T23:30:37.000Z
09/18/2026,4:33 PM,2026-09-18T23:33:08+00:00,Mickey's Toontown,Minnie's House,0,True,2026-09-18T23:30:37.000Z
09/18/2026,4:33 PM,2026-09-18T23:33:08+00:00,Mickey's Toontown,Roger Rabbit's Car Toon Spin,0,False,2026-09-18T23:30:37.000Z
09/18/2026,4:33 PM,2026-09-18T23:33:08+00:00,New Orleans Square,Haunted Mansion Holiday,40,True,2026-09-18T23:30:37.000Z
09/18/2026,4:33 PM,2026-09-18T23:33:08+00:00,New Orleans Square,Pirates of the Caribbean,0,False,2026-09-18T23:30:37.000Z
09/18/2026,4:33 PM,2026-09-18T23:33:08+00:00,Star Wars: Galaxy's Edge,Millennium Falcon: Smugglers Run,5,True,2026-09-18T23:30:37.000Z
09/18/2026,4:33 PM,2026-09-18T23:33:08+00:00,Star Wars: Galaxy's Edge,Millennium Falcon: Smugglers Run Single Rider,0,True,2026-09-18T23:30:37.000Z
09/18/2026,4:33 PM,2026-09-18T23:33:08+00:00,Star Wars: Galaxy's Edge,Star Wars: Rise of the Resistance,35,True,2026-09-18T23:30:37.000Z
09/18/2026,4:33 PM,2026-09-18T23:33:08+00:00,Tomorrowland,Astro Orbitor,5,True,2026-09-18T23:30:37.000Z
09/18/2026,4:33 PM,2026-09-18T23:33:08+00:00,Tomorrowland,Autopia,25,True,2026-09-18T23:30:37.000Z
09/18/2026,4:33 PM,2026-09-18T23:33:08+00:00,Tomorrowland,Buzz Lightyear Astro Blasters,10,True,2026-09-18T23:30:37.000Z
09/18/2026,4:33 PM,2026-09-18T23:33:08+00:00,Tomorrowland,Disneyland Monorail,5,True,2026-09-18T23:30:37.000Z
09/18/2026,4:33 PM,2026-09-18T23:33:08+00:00,Tomorrowland,Finding Nemo Submarine Voyage,15,True,2026-09-18T23:30:37.000Z
09/18/2026,4:33 PM,2026-09-18T23:33:08+00:00,Tomorrowland,Pixar Short Film Spotlight,0,False,2026-09-18T23:30:37.000Z
09/18/2026,4:33 PM,2026-09-18T23:33:08+00:00,Tomorrowland,Space Mountain,0,False,2026-09-18T23:30:37.000Z
09/18/2026,4:33 PM,2026-09-18T23:33:08+00:00,Tomorrowland,Star Tours - The Adventures Continue,5,True,2026-09-18T23:30:37.000Z
09/18/2026,6:32 PM,2026-09-19T01:32:55+00:00,Adventureland,Adventureland Treehouse inspired by Walt Disney’s Swiss Family Robinson,0,True,2026-09-19T01:30:58.000Z
09/18/2026,6:32 PM,2026-09-19T01:32:55+00:00,Adventureland,Indiana Jones™ Adventure,0,False,2026-09-19T01:30:58.000Z
09/18/2026,6:32 PM,2026-09-19T01:32:55+00:00,Adventureland,Jungle Cruise,10,True,2026-09-19T01:30:58.000Z
09/18/2026,6:32 PM,2026-09-19T01:32:55+00:00,Adventureland,Walt Disney's Enchanted Tiki Room,0,True,2026-09-19T01:30:58.000Z
09/18/2026,6:32 PM,2026-09-19T01:32:55+00:00,Bayou Country,Davy Crockett's Explorer Canoes,0,False,2026-09-19T01:30:58.000Z
09/18/2026,6:32 PM,2026-09-19T01:32:55+00:00,Bayou Country,The Many Adventures of Winnie the Pooh,10,True,2026-09-19T01:30:58.000Z
09/18/2026,6:32 PM,2026-09-19T01:32:55+00:00,Bayou Country,Tiana's Bayou Adventure,35,True,2026-09-19T01:30:58.000Z
09/18/2026,6:32 PM,2026-09-19T01:32:55+00:00,Bayou Country,Tiana's Bayou Adventure Single Rider,0,True,2026-09-19T01:30:58.000Z
09/18/2026,6:32 PM,2026-09-19T01:32:55+00:00,Fantasyland,"""it's a small world""",5,True,2026-09-19T01:30:58.000Z
09/18/2026,6:32 PM,2026-09-19T01:32:55+00:00,Fantasyland,Alice in Wonderland,20,True,2026-09-19T01:30:58.000Z
09/18/2026,6:32 PM,2026-09-19T01:32:55+00:00,Fantasyland,Bluey’s Best Day Ever! at Fantasyland Theatre,0,True,2026-09-19T01:30:58.000Z
09/18/2026,6:32 PM,2026-09-19T01:32:55+00:00,Fantasyland,Casey Jr. Circus Train,5,True,2026-09-19T01:30:58.000Z
09/18/2026,6:32 PM,2026-09-19T01:32:55+00:00,Fantasyland,Dumbo the Flying Elephant,15,True,2026-09-19T01:30:58.000Z
09/18/2026,6:32 PM,2026-09-19T01:32:55+00:00,Fantasyland,King Arthur Carrousel,5,True,2026-09-19T01:30:58.000Z
09/18/2026,6:32 PM,2026-09-19T01:32:55+00:00,Fantasyland,Mad Tea Party,0,False,2026-09-19T01:30:58.000Z
09/18/2026,6:32 PM,2026-09-19T01:32:55+00:00,Fantasyland,Matterhorn Bobsleds,20,True,2026-09-19T01:30:58.000Z
09/18/2026,6:32 PM,2026-09-19T01:32:55+00:00,Fantasyland,Meet Disney Princesses at Royal Hall,0,False,2026-09-19T01:30:58.000Z
09/18/2026,6:32 PM,2026-09-19T01:32:55+00:00,Fantasyland,Mr. Toad's Wild Ride,15,True,2026-09-19T01:30:58.000Z
09/18/2026,6:32 PM,2026-09-19T01:32:55+00:00,Fantasyland,Peter Pan's Flight,25,True,2026-09-19T01:30:58.000Z
09/18/2026,6:32 PM,2026-09-19T01:32:55+00:00,Fantasyland,Pinocchio's Daring Journey,10,True,2026-09-19T01:30:58.000Z
09/18/2026,6:32 PM,2026-09-19T01:32:55+00:00,Fantasyland,Sleeping Beauty Castle Walkthrough,0,False,2026-09-19T01:30:58.000Z
09/18/2026,6:32 PM,2026-09-19T01:32:55+00:00,Fantasyland,Snow White's Enchanted Wish,15,True,2026-09-19T01:30:58.000Z
09/18/2026,6:32 PM,2026-09-19T01:32:55+00:00,Fantasyland,Storybook Land Canal Boats,15,True,2026-09-19T01:30:58.000Z
09/18/2026,6:32 PM,2026-09-19T01:32:55+00:00,Frontierland,Big Thunder Mountain Railroad,35,True,2026-09-19T01:30:58.000Z
09/18/2026,6:32 PM,2026-09-19T01:32:55+00:00,Frontierland,Frontierland Shootin' Exposition,0,True,2026-09-19T01:30:58.000Z
09/18/2026,6:32 PM,2026-09-19T01:32:55+00:00,Frontierland,Mark Twain Riverboat,0,False,2026-09-19T01:30:58.000Z
09/18/2026,6:32 PM,2026-09-19T01:32:55+00:00,Frontierland,Pirate's Lair on Tom Sawyer Island,0,False,2026-09-19T01:30:58.000Z
09/18/2026,6:32 PM,2026-09-19T01:32:55+00:00,Frontierland,Sailing Ship Columbia,0,False,2026-09-19T01:30:58.000Z
09/18/2026,6:32 PM,2026-09-19T01:32:55+00:00,Main Street U.S.A,Disneyland Railroad,5,True,2026-09-19T01:30:58.000Z
09/18/2026,6:32 PM,2026-09-19T01:32:55+00:00,Main Street U.S.A,Great Moments with Mr. Lincoln,0,False,2026-09-19T01:30:58.000Z
09/18/2026,6:32 PM,2026-09-19T01:32:55+00:00,Main Street U.S.A,Main Street Cinema,0,True,2026-09-19T01:30:58.000Z
09/18/2026,6:32 PM,2026-09-19T01:32:55+00:00,Main Street U.S.A,Main Street Vehicles,0,False,2026-09-19T01:30:58.000Z
09/18/2026,6:32 PM,2026-09-19T01:32:55+00:00,Main Street U.S.A,Opera House - Walt Disney - A Magical Life,0,True,2026-09-19T01:30:58.000Z
09/18/2026,6:32 PM,2026-09-19T01:32:55+00:00,Main Street U.S.A,The Disney Gallery,0,True,2026-09-19T01:30:58.000Z
09/18/2026,6:32 PM,2026-09-19T01:32:55+00:00,Main Street U.S.A,Walt Disney - A Magical Life,0,True,2026-09-19T01:30:58.000Z
09/18/2026,6:32 PM,2026-09-19T01:32:55+00:00,Mickey's Toontown,Chip 'n' Dale's GADGETcoaster,20,True,2026-09-19T01:30:58.000Z
09/18/2026,6:32 PM,2026-09-19T01:32:55+00:00,Mickey's Toontown,Donald's Duck Pond,0,True,2026-09-19T01:30:58.000Z
09/18/2026,6:32 PM,2026-09-19T01:32:55+00:00,Mickey's Toontown,Goofy's How-to-Play Yard,0,True,2026-09-19T01:30:58.000Z
09/18/2026,6:32 PM,2026-09-19T01:32:55+00:00,Mickey's Toontown,Mickey & Minnie's Runaway Railway,30,True,2026-09-19T01:30:58.000Z
09/18/2026,6:32 PM,2026-09-19T01:32:55+00:00,Mickey's Toontown,Mickey's House and Meet Mickey Mouse,30,True,2026-09-19T01:30:58.000Z
09/18/2026,6:32 PM,2026-09-19T01:32:55+00:00,Mickey's Toontown,Minnie's House,0,True,2026-09-19T01:30:58.000Z
09/18/2026,6:32 PM,2026-09-19T01:32:55+00:00,Mickey's Toontown,Roger Rabbit's Car Toon Spin,25,True,2026-09-19T01:30:58.000Z
09/18/2026,6:32 PM,2026-09-19T01:32:55+00:00,New Orleans Square,Haunted Mansion Holiday,45,True,2026-09-19T01:30:58.000Z
09/18/2026,6:32 PM,2026-09-19T01:32:55+00:00,New Orleans Square,Pirates of the Caribbean,20,True,2026-09-19T01:30:58.000Z
09/18/2026,6:32 PM,2026-09-19T01:32:55+00:00,Star Wars: Galaxy's Edge,Millennium Falcon: Smugglers Run,5,True,2026-09-19T01:30:58.000Z
09/18/2026,6:32 PM,2026-09-19T01:32:55+00:00,Star Wars: Galaxy's Edge,Millennium Falcon: Smugglers Run Single Rider,0,True,2026-09-19T01:30:58.000Z
09/18/2026,6:32 PM,2026-09-19T01:32:55+00:00,Star Wars: Galaxy's Edge,Star Wars: Rise of the Resistance,55,True,2026-09-19T01:30:58.000Z
09/18/2026,6:32 PM,2026-09-19T01:32:55+00:00,Tomorrowland,Astro Orbitor,10,True,2026-09-19T01:30:58.000Z
09/18/2026,6:32 PM,2026-09-19T01:32:55+00:00,Tomorrowland,Autopia,15,True,2026-09-19T01:30:58.000Z
09/18/2026,6:32 PM,2026-09-19T01:32:55+00:00,Tomorrowland,Buzz Lightyear Astro Blasters,15,True,2026-09-19T01:30:58.000Z
09/18/2026,6:32 PM,2026-09-19T01:32:55+00:00,Tomorrowland,Disneyland Monorail,5,True,2026-09-19T01:30:58.000Z
09/18/2026,6:32 PM,2026-09-19T01:32:55+00:00,Tomorrowland,Finding Nemo Submarine Voyage,15,True,2026-09-19T01:30:58.000Z
09/18/2026,6:32 PM,2026-09-19T01:32:55+00:00,Tomorrowland,Pixar Short Film Spotlight,0,False,2026-09-19T01:30:58.000Z
09/18/2026,6:32 PM,2026-09-19T01:32:55+00:00,Tomorrowland,Space Mountain,45,True,2026-09-19T01:30:58.000Z
09/18/2026,6:32 PM,2026-09-19T01:32:55+00:00,Tomorrowland,Star Tours - The Adventures Continue,5,True,2026-09-19T01:30:58.000Z
09/19/2026,10:57 AM,2026-09-19T17:57:49+00:00,Adventureland,Adventureland Treehouse inspired by Walt Disney’s Swiss Family Robinson,0,True,2026-09-19T17:55:41.000Z
09/19/2026,10:57 AM,2026-09-19T17:57:49+00:00,Adventureland,Indiana Jones™ Adventure,0,False,2026-09-19T17:55:41.000Z
09/19/2026,10:57 AM,2026-09-19T17:57:49+00:00,Adventureland,Jungle Cruise,15,True,2026-09-19T17:55:41.000Z
09/19/2026,10:57 AM,2026-09-19T17:57:49+00:00,Adventureland,Walt Disney's Enchanted Tiki Room,0,True,2026-09-19T17:55:41.000Z
09/19/2026,10:57 AM,2026-09-19T17:57:49+00:00,Bayou Country,Davy Crockett's Explorer Canoes,5,True,2026-09-19T17:55:41.000Z
09/19/2026,10:57 AM,2026-09-19T17:57:49+00:00,Bayou Country,The Many Adventures of Winnie the Pooh,20,True,2026-09-19T17:55:41.000Z
09/19/2026,10:57 AM,2026-09-19T17:57:49+00:00,Bayou Country,Tiana's Bayou Adventure,25,True,2026-09-19T17:55:41.000Z
09/19/2026,10:57 AM,2026-09-19T17:57:49+00:00,Bayou Country,Tiana's Bayou Adventure Single Rider,0,True,2026-09-19T17:55:41.000Z
09/19/2026,10:57 AM,2026-09-19T17:57:49+00:00,Fantasyland,"""it's a small world""",10,True,2026-09-19T17:55:41.000Z
09/19/2026,10:57 AM,2026-09-19T17:57:49+00:00,Fantasyland,Alice in Wonderland,25,True,2026-09-19T17:55:41.000Z
09/19/2026,10:57 AM,2026-09-19T17:57:49+00:00,Fantasyland,Bluey’s Best Day Ever! at Fantasyland Theatre,0,True,2026-09-19T17:55:41.000Z
09/19/2026,10:57 AM,2026-09-19T17:57:49+00:00,Fantasyland,Casey Jr. Circus Train,10,True,2026-09-19T17:55:41.000Z
09/19/2026,10:57 AM,2026-09-19T17:57:49+00:00,Fantasyland,Dumbo the Flying Elephant,20,True,2026-09-19T17:55:41.000Z
09/19/2026,10:57 AM,2026-09-19T17:57:49+00:00,Fantasyland,King Arthur Carrousel,5,True,2026-09-19T17:55:41.000Z
09/19/2026,10:57 AM,2026-09-19T17:57:49+00:00,Fantasyland,Mad Tea Party,0,False,2026-09-19T17:55:41.000Z
09/19/2026,10:57 AM,2026-09-19T17:57:49+00:00,Fantasyland,Matterhorn Bobsleds,40,True,2026-09-19T17:55:41.000Z
09/19/2026,10:57 AM,2026-09-19T17:57:49+00:00,Fantasyland,Meet Disney Princesses at Royal Hall,60,True,2026-09-19T17:55:41.000Z
09/19/2026,10:57 AM,2026-09-19T17:57:49+00:00,Fantasyland,Mr. Toad's Wild Ride,15,True,2026-09-19T17:55:41.000Z
09/19/2026,10:57 AM,2026-09-19T17:57:49+00:00,Fantasyland,Peter Pan's Flight,0,False,2026-09-19T17:55:41.000Z
09/19/2026,10:57 AM,2026-09-19T17:57:49+00:00,Fantasyland,Pinocchio's Daring Journey,10,True,2026-09-19T17:55:41.000Z
09/19/2026,10:57 AM,2026-09-19T17:57:49+00:00,Fantasyland,Sleeping Beauty Castle Walkthrough,0,False,2026-09-19T17:55:41.000Z
09/19/2026,10:57 AM,2026-09-19T17:57:49+00:00,Fantasyland,Snow White's Enchanted Wish,20,True,2026-09-19T17:55:41.000Z
09/19/2026,10:57 AM,2026-09-19T17:57:49+00:00,Fantasyland,Storybook Land Canal Boats,10,True,2026-09-19T17:55:41.000Z
09/19/2026,10:57 AM,2026-09-19T17:57:49+00:00,Frontierland,Big Thunder Mountain Railroad,25,True,2026-09-19T17:55:41.000Z
09/19/2026,10:57 AM,2026-09-19T17:57:49+00:00,Frontierland,Frontierland Shootin' Exposition,0,True,2026-09-19T17:55:41.000Z
09/19/2026,10:57 AM,2026-09-19T17:57:49+00:00,Frontierland,Mark Twain Riverboat,10,True,2026-09-19T17:55:41.000Z
09/19/2026,10:57 AM,2026-09-19T17:57:49+00:00,Frontierland,Pirate's Lair on Tom Sawyer Island,5,True,2026-09-19T17:55:41.000Z
09/19/2026,10:57 AM,2026-09-19T17:57:49+00:00,Frontierland,Sailing Ship Columbia,0,False,2026-09-19T17:55:41.000Z
09/19/2026,10:57 AM,2026-09-19T17:57:49+00:00,Main Street U.S.A,Disneyland Railroad,5,True,2026-09-19T17:55:41.000Z
09/19/2026,10:57 AM,2026-09-19T17:57:49+00:00,Main Street U.S.A,Great Moments with Mr. Lincoln,0,True,2026-09-19T17:55:41.000Z
09/19/2026,10:57 AM,2026-09-19T17:57:49+00:00,Main Street U.S.A,Main Street Cinema,0,True,2026-09-19T17:55:41.000Z
09/19/2026,10:57 AM,2026-09-19T17:57:49+00:00,Main Street U.S.A,Main Street Vehicles,0,True,2026-09-19T17:55:41.000Z
09/19/2026,10:57 AM,2026-09-19T17:57:49+00:00,Main Street U.S.A,Opera House - Walt Disney - A Magical Life,0,True,2026-09-19T17:55:41.000Z
09/19/2026,10:57 AM,2026-09-19T17:57:49+00:00,Main Street U.S.A,The Disney Gallery,0,True,2026-09-19T17:55:41.000Z
09/19/2026,10:57 AM,2026-09-19T17:57:49+00:00,Main Street U.S.A,Walt Disney - A Magical Life,0,False,2026-09-19T17:55:41.000Z
09/19/2026,10:57 AM,2026-09-19T17:57:49+00:00,Mickey's Toontown,Chip 'n' Dale's GADGETcoaster,15,True,2026-09-19T17:55:41.000Z
09/19/2026,10:57 AM,2026-09-19T17:57:49+00:00,Mickey's Toontown,Donald's Duck Pond,0,True,2026-09-19T17:55:41.000Z
09/19/2026,10:57 AM,2026-09-19T17:57:49+00:00,Mickey's Toontown,Goofy's How-to-Play Yard,0,True,2026-09-19T17:55:41.000Z
09/19/2026,10:57 AM,2026-09-19T17:57:49+00:00,Mickey's Toontown,Mickey & Minnie's Runaway Railway,20,True,2026-09-19T17:55:41.000Z
09/19/2026,10:57 AM,2026-09-19T17:57:49+00:00,Mickey's Toontown,Mickey's House and Meet Mickey Mouse,15,True,2026-09-19T17:55:41.000Z
09/19/2026,10:57 AM,2026-09-19T17:57:49+00:00,Mickey's Toontown,Minnie's House,0,True,2026-09-19T17:55:41.000Z
09/19/2026,10:57 AM,2026-09-19T17:57:49+00:00,Mickey's Toontown,Roger Rabbit's Car Toon Spin,0,False,2026-09-19T17:55:41.000Z
09/19/2026,10:57 AM,2026-09-19T17:57:49+00:00,New Orleans Square,Haunted Mansion Holiday,0,False,2026-09-19T17:55:41.000Z
09/19/2026,10:57 AM,2026-09-19T17:57:49+00:00,New Orleans Square,Pirates of the Caribbean,25,True,2026-09-19T17:55:41.000Z
09/19/2026,10:57 AM,2026-09-19T17:57:49+00:00,Star Wars: Galaxy's Edge,Millennium Falcon: Smugglers Run,10,True,2026-09-19T17:55:41.000Z
09/19/2026,10:57 AM,2026-09-19T17:57:49+00:00,Star Wars: Galaxy's Edge,Millennium Falcon: Smugglers Run Single Rider,0,True,2026-09-19T17:55:41.000Z
09/19/2026,10:57 AM,2026-09-19T17:57:49+00:00,Star Wars: Galaxy's Edge,Star Wars: Rise of the Resistance,60,True,2026-09-19T17:55:41.000Z
09/19/2026,10:57 AM,2026-09-19T17:57:49+00:00,Tomorrowland,Astro Orbitor,20,True,2026-09-19T17:55:41.000Z
09/19/2026,10:57 AM,2026-09-19T17:57:49+00:00,Tomorrowland,Autopia,20,True,2026-09-19T17:55:41.000Z
09/19/2026,10:57 AM,2026-09-19T17:57:49+00:00,Tomorrowland,Buzz Lightyear Astro Blasters,10,True,2026-09-19T17:55:41.000Z
09/19/2026,10:57 AM,2026-09-19T17:57:49+00:00,Tomorrowland,Disneyland Monorail,5,True,2026-09-19T17:55:41.000Z
09/19/2026,10:57 AM,2026-09-19T17:57:49+00:00,Tomorrowland,Finding Nemo Submarine Voyage,10,True,2026-09-19T17:55:41.000Z
09/19/2026,10:57 AM,2026-09-19T17:57:49+00:00,Tomorrowland,Pixar Short Film Spotlight,0,False,2026-09-19T17:55:41.000Z
09/19/2026,10:57 AM,2026-09-19T17:57:49+00:00,Tomorrowland,Space Mountain,50,True,2026-09-19T17:55:41.000Z
09/19/2026,10:57 AM,2026-09-19T17:57:49+00:00,Tomorrowland,Star Tours - The Adventures Continue,20,True,2026-09-19T17:55:41.000Z
09/19/2026,1:33 PM,2026-09-19T20:33:15+00:00,Adventureland,Adventureland Treehouse inspired by Walt Disney’s Swiss Family Robinson,0,True,2026-09-19T20:26:24.000Z
09/19/2026,1:33 PM,2026-09-19T20:33:15+00:00,Adventureland,Indiana Jones™ Adventure,0,False,2026-09-19T20:31:52.000Z
09/19/2026,1:33 PM,2026-09-19T20:33:15+00:00,Adventureland,Jungle Cruise,25,True,2026-09-19T20:31:52.000Z
09/19/2026,1:33 PM,2026-09-19T20:33:15+00:00,Adventureland,Walt Disney's Enchanted Tiki Room,0,True,2026-09-19T20:26:24.000Z
09/19/2026,1:33 PM,2026-09-19T20:33:15+00:00,Bayou Country,Davy Crockett's Explorer Canoes,5,True,2026-09-19T20:31:52.000Z
09/19/2026,1:33 PM,2026-09-19T20:33:15+00:00,Bayou Country,The Many Adventures of Winnie the Pooh,10,True,2026-09-19T20:31:52.000Z
09/19/2026,1:33 PM,2026-09-19T20:33:15+00:00,Bayou Country,Tiana's Bayou Adventure,0,False,2026-09-19T20:31:52.000Z
09/19/2026,1:33 PM,2026-09-19T20:33:15+00:00,Bayou Country,Tiana's Bayou Adventure Single Rider,0,False,2026-09-19T20:31:52.000Z
09/19/2026,1:33 PM,2026-09-19T20:33:15+00:00,Fantasyland,"""it's a small world""",10,True,2026-09-19T20:31:52.000Z
09/19/2026,1:33 PM,2026-09-19T20:33:15+00:00,Fantasyland,Alice in Wonderland,20,True,2026-09-19T20:31:52.000Z
09/19/2026,1:33 PM,2026-09-19T20:33:15+00:00,Fantasyland,Bluey’s Best Day Ever! at Fantasyland Theatre,0,True,2026-09-19T20:31:52.000Z
09/19/2026,1:33 PM,2026-09-19T20:33:15+00:00,Fantasyland,Casey Jr. Circus Train,5,True,2026-09-19T20:31:52.000Z
09/19/2026,1:33 PM,2026-09-19T20:33:15+00:00,Fantasyland,Dumbo the Flying Elephant,30,True,2026-09-19T20:31:52.000Z
09/19/2026,1:33 PM,2026-09-19T20:33:15+00:00,Fantasyland,King Arthur Carrousel,10,True,2026-09-19T20:31:52.000Z
09/19/2026,1:33 PM,2026-09-19T20:33:15+00:00,Fantasyland,Mad Tea Party,0,False,2026-09-19T20:31:52.000Z
09/19/2026,1:33 PM,2026-09-19T20:33:15+00:00,Fantasyland,Matterhorn Bobsleds,40,True,2026-09-19T20:31:52.000Z
09/19/2026,1:33 PM,2026-09-19T20:33:15+00:00,Fantasyland,Meet Disney Princesses at Royal Hall,10,True,2026-09-19T20:31:52.000Z
09/19/2026,1:33 PM,2026-09-19T20:33:15+00:00,Fantasyland,Mr. Toad's Wild Ride,15,True,2026-09-19T20:31:52.000Z
09/19/2026,1:33 PM,2026-09-19T20:33:15+00:00,Fantasyland,Peter Pan's Flight,25,True,2026-09-19T20:31:52.000Z
09/19/2026,1:33 PM,2026-09-19T20:33:15+00:00,Fantasyland,Pinocchio's Daring Journey,10,True,2026-09-19T20:31:52.000Z
09/19/2026,1:33 PM,2026-09-19T20:33:15+00:00,Fantasyland,Sleeping Beauty Castle Walkthrough,0,False,2026-09-19T20:31:52.000Z
09/19/2026,1:33 PM,2026-09-19T20:33:15+00:00,Fantasyland,Snow White's Enchanted Wish,15,True,2026-09-19T20:31:52.000Z
09/19/2026,1:33 PM,2026-09-19T20:33:15+00:00,Fantasyland,Storybook Land Canal Boats,10,True,2026-09-19T20:26:24.000Z
09/19/2026,1:33 PM,2026-09-19T20:33:15+00:00,Frontierland,Big Thunder Mountain Railroad,45,True,2026-09-19T20:31:52.000Z
09/19/2026,1:33 PM,2026-09-19T20:33:15+00:00,Frontierland,Frontierland Shootin' Exposition,0,True,2026-09-19T20:31:52.000Z
09/19/2026,1:33 PM,2026-09-19T20:33:15+00:00,Frontierland,Mark Twain Riverboat,10,True,2026-09-19T20:31:52.000Z
09/19/2026,1:33 PM,2026-09-19T20:33:15+00:00,Frontierland,Pirate's Lair on Tom Sawyer Island,5,True,2026-09-19T20:26:24.000Z
09/19/2026,1:33 PM,2026-09-19T20:33:15+00:00,Frontierland,Sailing Ship Columbia,0,True,2026-09-19T20:31:52.000Z
09/19/2026,1:33 PM,2026-09-19T20:33:15+00:00,Main Street U.S.A,Disneyland Railroad,5,True,2026-09-19T20:31:52.000Z
09/19/2026,1:33 PM,2026-09-19T20:33:15+00:00,Main Street U.S.A,Great Moments with Mr. Lincoln,0,False,2026-09-19T20:31:52.000Z
09/19/2026,1:33 PM,2026-09-19T20:33:15+00:00,Main Street U.S.A,Main Street Cinema,0,True,2026-09-19T20:31:52.000Z
09/19/2026,1:33 PM,2026-09-19T20:33:15+00:00,Main Street U.S.A,Main Street Vehicles,0,True,2026-09-19T20:31:52.000Z
09/19/2026,1:33 PM,2026-09-19T20:33:15+00:00,Main Street U.S.A,Opera House - Walt Disney - A Magical Life,0,True,2026-09-19T20:31:52.000Z
09/19/2026,1:33 PM,2026-09-19T20:33:15+00:00,Main Street U.S.A,The Disney Gallery,0,True,2026-09-19T20:31:52.000Z
09/19/2026,1:33 PM,2026-09-19T20:33:15+00:00,Main Street U.S.A,Walt Disney - A Magical Life,0,False,2026-09-19T20:31:52.000Z
09/19/2026,1:33 PM,2026-09-19T20:33:15+00:00,Mickey's Toontown,Chip 'n' Dale's GADGETcoaster,15,True,2026-09-19T20:31:52.000Z
09/19/2026,1:33 PM,2026-09-19T20:33:15+00:00,Mickey's Toontown,Donald's Duck Pond,0,True,2026-09-19T20:31:52.000Z
09/19/2026,1:33 PM,2026-09-19T20:33:15+00:00,Mickey's Toontown,Goofy's How-to-Play Yard,0,True,2026-09-19T20:31:52.000Z
09/19/2026,1:33 PM,2026-09-19T20:33:15+00:00,Mickey's Toontown,Mickey & Minnie's Runaway Railway,40,True,2026-09-19T20:31:52.000Z
09/19/2026,1:33 PM,2026-09-19T20:33:15+00:00,Mickey's Toontown,Mickey's House and Meet Mickey Mouse,15,True,2026-09-19T20:31:52.000Z
09/19/2026,1:33 PM,2026-09-19T20:33:15+00:00,Mickey's Toontown,Minnie's House,0,True,2026-09-19T20:31:52.000Z
09/19/2026,1:33 PM,2026-09-19T20:33:15+00:00,Mickey's Toontown,Roger Rabbit's Car Toon Spin,45,True,2026-09-19T20:31:52.000Z
09/19/2026,1:33 PM,2026-09-19T20:33:15+00:00,New Orleans Square,Haunted Mansion Holiday,50,True,2026-09-19T20:31:52.000Z
09/19/2026,1:33 PM,2026-09-19T20:33:15+00:00,New Orleans Square,Pirates of the Caribbean,30,True,2026-09-19T20:31:52.000Z
09/19/2026,1:33 PM,2026-09-19T20:33:15+00:00,Star Wars: Galaxy's Edge,Millennium Falcon: Smugglers Run,15,True,2026-09-19T20:26:24.000Z
09/19/2026,1:33 PM,2026-09-19T20:33:15+00:00,Star Wars: Galaxy's Edge,Millennium Falcon: Smugglers Run Single Rider,0,True,2026-09-19T20:26:24.000Z
09/19/2026,1:33 PM,2026-09-19T20:33:15+00:00,Star Wars: Galaxy's Edge,Star Wars: Rise of the Resistance,75,True,2026-09-19T20:26:24.000Z
09/19/2026,1:33 PM,2026-09-19T20:33:15+00:00,Tomorrowland,Astro Orbitor,15,True,2026-09-19T20:31:52.000Z
09/19/2026,1:33 PM,2026-09-19T20:33:15+00:00,Tomorrowland,Autopia,10,True,2026-09-19T20:31:52.000Z
09/19/2026,1:33 PM,2026-09-19T20:33:15+00:00,Tomorrowland,Buzz Lightyear Astro Blasters,25,True,2026-09-19T20:31:52.000Z
09/19/2026,1:33 PM,2026-09-19T20:33:15+00:00,Tomorrowland,Disneyland Monorail,5,True,2026-09-19T20:31:52.000Z
09/19/2026,1:33 PM,2026-09-19T20:33:15+00:00,Tomorrowland,Finding Nemo Submarine Voyage,15,True,2026-09-19T20:31:52.000Z
09/19/2026,1:33 PM,2026-09-19T20:33:15+00:00,Tomorrowland,Pixar Short Film Spotlight,0,False,2026-09-19T20:31:52.000Z
09/19/2026,1:33 PM,2026-09-19T20:33:15+00:00,Tomorrowland,Space Mountain,40,True,2026-09-19T20:31:52.000Z
09/19/2026,1:33 PM,2026-09-19T20:33:15+00:00,Tomorrowland,Star Tours - The Adventures Continue,15,True,2026-09-19T20:31:52.000Z
09/19/2026,3:28 PM,2026-09-19T22:28:14+00:00,Adventureland,Adventureland Treehouse inspired by Walt Disney’s Swiss Family Robinson,0,True,2026-09-19T22:25:52.000Z
09/19/2026,3:28 PM,2026-09-19T22:28:14+00:00,Adventureland,Indiana Jones™ Adventure,0,False,2026-09-19T22:25:52.000Z
09/19/2026,3:28 PM,2026-09-19T22:28:14+00:00,Adventureland,Jungle Cruise,20,True,2026-09-19T22:25:52.000Z
09/19/2026,3:28 PM,2026-09-19T22:28:14+00:00,Adventureland,Walt Disney's Enchanted Tiki Room,0,True,2026-09-19T22:25:52.000Z
09/19/2026,3:28 PM,2026-09-19T22:28:14+00:00,Bayou Country,Davy Crockett's Explorer Canoes,5,True,2026-09-19T22:25:52.000Z
09/19/2026,3:28 PM,2026-09-19T22:28:14+00:00,Bayou Country,The Many Adventures of Winnie the Pooh,10,True,2026-09-19T22:25:52.000Z
09/19/2026,3:28 PM,2026-09-19T22:28:14+00:00,Bayou Country,Tiana's Bayou Adventure,40,True,2026-09-19T22:25:52.000Z
09/19/2026,3:28 PM,2026-09-19T22:28:14+00:00,Bayou Country,Tiana's Bayou Adventure Single Rider,0,True,2026-09-19T22:25:52.000Z
09/19/2026,3:28 PM,2026-09-19T22:28:14+00:00,Fantasyland,"""it's a small world""",5,True,2026-09-19T22:25:52.000Z
09/19/2026,3:28 PM,2026-09-19T22:28:14+00:00,Fantasyland,Alice in Wonderland,20,True,2026-09-19T22:25:52.000Z
09/19/2026,3:28 PM,2026-09-19T22:28:14+00:00,Fantasyland,Bluey’s Best Day Ever! at Fantasyland Theatre,0,True,2026-09-19T22:25:52.000Z
09/19/2026,3:28 PM,2026-09-19T22:28:14+00:00,Fantasyland,Casey Jr. Circus Train,5,True,2026-09-19T22:25:52.000Z
09/19/2026,3:28 PM,2026-09-19T22:28:14+00:00,Fantasyland,Dumbo the Flying Elephant,25,True,2026-09-19T22:25:52.000Z
09/19/2026,3:28 PM,2026-09-19T22:28:14+00:00,Fantasyland,King Arthur Carrousel,10,True,2026-09-19T22:25:52.000Z
09/19/2026,3:28 PM,2026-09-19T22:28:14+00:00,Fantasyland,Mad Tea Party,0,False,2026-09-19T22:25:52.000Z
09/19/2026,3:28 PM,2026-09-19T22:28:14+00:00,Fantasyland,Matterhorn Bobsleds,30,True,2026-09-19T22:25:52.000Z
09/19/2026,3:28 PM,2026-09-19T22:28:14+00:00,Fantasyland,Meet Disney Princesses at Royal Hall,30,True,2026-09-19T22:25:52.000Z
09/19/2026,3:28 PM,2026-09-19T22:28:14+00:00,Fantasyland,Mr. Toad's Wild Ride,20,True,2026-09-19T22:25:52.000Z
09/19/2026,3:28 PM,2026-09-19T22:28:14+00:00,Fantasyland,Peter Pan's Flight,20,True,2026-09-19T22:25:52.000Z
09/19/2026,3:28 PM,2026-09-19T22:28:14+00:00,Fantasyland,Pinocchio's Daring Journey,10,True,2026-09-19T22:25:52.000Z
09/19/2026,3:28 PM,2026-09-19T22:28:14+00:00,Fantasyland,Sleeping Beauty Castle Walkthrough,0,False,2026-09-19T22:25:52.000Z
09/19/2026,3:28 PM,2026-09-19T22:28:14+00:00,Fantasyland,Snow White's Enchanted Wish,5,True,2026-09-19T22:25:52.000Z
09/19/2026,3:28 PM,2026-09-19T22:28:14+00:00,Fantasyland,Storybook Land Canal Boats,10,True,2026-09-19T22:25:52.000Z
09/19/2026,3:28 PM,2026-09-19T22:28:14+00:00,Frontierland,Big Thunder Mountain Railroad,35,True,2026-09-19T22:25:52.000Z
09/19/2026,3:28 PM,2026-09-19T22:28:14+00:00,Frontierland,Frontierland Shootin' Exposition,0,True,2026-09-19T22:25:52.000Z
09/19/2026,3:28 PM,2026-09-19T22:28:14+00:00,Frontierland,Mark Twain Riverboat,10,True,2026-09-19T22:25:52.000Z
09/19/2026,3:28 PM,2026-09-19T22:28:14+00:00,Frontierland,Pirate's Lair on Tom Sawyer Island,5,True,2026-09-19T22:25:52.000Z
09/19/2026,3:28 PM,2026-09-19T22:28:14+00:00,Frontierland,Sailing Ship Columbia,0,True,2026-09-19T22:25:52.000Z
09/19/2026,3:28 PM,2026-09-19T22:28:14+00:00,Main Street U.S.A,Disneyland Railroad,10,True,2026-09-19T22:25:52.000Z
09/19/2026,3:28 PM,2026-09-19T22:28:14+00:00,Main Street U.S.A,Great Moments with Mr. Lincoln,0,False,2026-09-19T22:25:52.000Z
09/19/2026,3:28 PM,2026-09-19T22:28:14+00:00,Main Street U.S.A,Main Street Cinema,0,True,2026-09-19T22:25:52.000Z
09/19/2026,3:28 PM,2026-09-19T22:28:14+00:00,Main Street U.S.A,Main Street Vehicles,0,False,2026-09-19T22:25:52.000Z
09/19/2026,3:28 PM,2026-09-19T22:28:14+00:00,Main Street U.S.A,Opera House - Walt Disney - A Magical Life,0,True,2026-09-19T22:25:52.000Z
09/19/2026,3:28 PM,2026-09-19T22:28:14+00:00,Main Street U.S.A,The Disney Gallery,0,True,2026-09-19T22:25:52.000Z
09/19/2026,3:28 PM,2026-09-19T22:28:14+00:00,Main Street U.S.A,Walt Disney - A Magical Life,0,True,2026-09-19T22:25:52.000Z
09/19/2026,3:28 PM,2026-09-19T22:28:14+00:00,Mickey's Toontown,Chip 'n' Dale's GADGETcoaster,20,True,2026-09-19T22:25:52.000Z
09/19/2026,3:28 PM,2026-09-19T22:28:14+00:00,Mickey's Toontown,Donald's Duck Pond,0,True,2026-09-19T22:25:52.000Z
09/19/2026,3:28 PM,2026-09-19T22:28:14+00:00,Mickey's Toontown,Goofy's How-to-Play Yard,0,True,2026-09-19T22:25:52.000Z
09/19/2026,3:28 PM,2026-09-19T22:28:14+00:00,Mickey's Toontown,Mickey & Minnie's Runaway Railway,45,True,2026-09-19T22:25:52.000Z
09/19/2026,3:28 PM,2026-09-19T22:28:14+00:00,Mickey's Toontown,Mickey's House and Meet Mickey Mouse,30,True,2026-09-19T22:25:52.000Z
09/19/2026,3:28 PM,2026-09-19T22:28:14+00:00,Mickey's Toontown,Minnie's House,0,True,2026-09-19T22:25:52.000Z
09/19/2026,3:28 PM,2026-09-19T22:28:14+00:00,Mickey's Toontown,Roger Rabbit's Car Toon Spin,25,True,2026-09-19T22:25:52.000Z
09/19/2026,3:28 PM,2026-09-19T22:28:14+00:00,New Orleans Square,Haunted Mansion Holiday,60,True,2026-09-19T22:25:52.000Z
09/19/2026,3:28 PM,2026-09-19T22:28:14+00:00,New Orleans Square,Pirates of the Caribbean,20,True,2026-09-19T22:25:52.000Z
09/19/2026,3:28 PM,2026-09-19T22:28:14+00:00,Star Wars: Galaxy's Edge,Millennium Falcon: Smugglers Run,15,True,2026-09-19T22:25:52.000Z
09/19/2026,3:28 PM,2026-09-19T22:28:14+00:00,Star Wars: Galaxy's Edge,Millennium Falcon: Smugglers Run Single Rider,0,True,2026-09-19T22:25:52.000Z
09/19/2026,3:28 PM,2026-09-19T22:28:14+00:00,Star Wars: Galaxy's Edge,Star Wars: Rise of the Resistance,55,True,2026-09-19T22:25:52.000Z
09/19/2026,3:28 PM,2026-09-19T22:28:14+00:00,Tomorrowland,Astro Orbitor,20,True,2026-09-19T22:25:52.000Z
09/19/2026,3:28 PM,2026-09-19T22:28:14+00:00,Tomorrowland,Autopia,10,True,2026-09-19T22:25:52.000Z
09/19/2026,3:28 PM,2026-09-19T22:28:14+00:00,Tomorrowland,Buzz Lightyear Astro Blasters,25,True,2026-09-19T22:25:52.000Z
09/19/2026,3:28 PM,2026-09-19T22:28:14+00:00,Tomorrowland,Disneyland Monorail,5,True,2026-09-19T22:25:52.000Z
09/19/2026,3:28 PM,2026-09-19T22:28:14+00:00,Tomorrowland,Finding Nemo Submarine Voyage,15,True,2026-09-19T22:25:52.000Z
09/19/2026,3:28 PM,2026-09-19T22:28:14+00:00,Tomorrowland,Pixar Short Film Spotlight,0,False,2026-09-19T22:25:52.000Z
09/19/2026,3:28 PM,2026-09-19T22:28:14+00:00,Tomorrowland,Space Mountain,65,True,2026-09-19T22:25:52.000Z
09/19/2026,3:28 PM,2026-09-19T22:28:14+00:00,Tomorrowland,Star Tours - The Adventures Continue,25,True,2026-09-19T22:25:52.000Z
09/19/2026,5:20 PM,2026-09-20T00:20:56+00:00,Adventureland,Adventureland Treehouse inspired by Walt Disney’s Swiss Family Robinson,0,True,2026-09-20T00:15:43.000Z
09/19/2026,5:20 PM,2026-09-20T00:20:56+00:00,Adventureland,Indiana Jones™ Adventure,0,False,2026-09-20T00:15:43.000Z
09/19/2026,5:20 PM,2026-09-20T00:20:56+00:00,Adventureland,Jungle Cruise,20,True,2026-09-20T00:15:43.000Z
09/19/2026,5:20 PM,2026-09-20T00:20:56+00:00,Adventureland,Walt Disney's Enchanted Tiki Room,0,True,2026-09-20T00:15:43.000Z
09/19/2026,5:20 PM,2026-09-20T00:20:56+00:00,Bayou Country,Davy Crockett's Explorer Canoes,0,False,2026-09-20T00:15:43.000Z
09/19/2026,5:20 PM,2026-09-20T00:20:56+00:00,Bayou Country,The Many Adventures of Winnie the Pooh,15,True,2026-09-20T00:15:43.000Z
09/19/2026,5:20 PM,2026-09-20T00:20:56+00:00,Bayou Country,Tiana's Bayou Adventure,55,True,2026-09-20T00:15:43.000Z
09/19/2026,5:20 PM,2026-09-20T00:20:56+00:00,Bayou Country,Tiana's Bayou Adventure Single Rider,0,True,2026-09-20T00:15:43.000Z
09/19/2026,5:20 PM,2026-09-20T00:20:56+00:00,Fantasyland,"""it's a small world""",15,True,2026-09-20T00:15:43.000Z
09/19/2026,5:20 PM,2026-09-20T00:20:56+00:00,Fantasyland,Alice in Wonderland,30,True,2026-09-20T00:15:43.000Z
09/19/2026,5:20 PM,2026-09-20T00:20:56+00:00,Fantasyland,Bluey’s Best Day Ever! at Fantasyland Theatre,0,True,2026-09-20T00:15:43.000Z
09/19/2026,5:20 PM,2026-09-20T00:20:56+00:00,Fantasyland,Casey Jr. Circus Train,5,True,2026-09-20T00:15:43.000Z
09/19/2026,5:20 PM,2026-09-20T00:20:56+00:00,Fantasyland,Dumbo the Flying Elephant,15,True,2026-09-20T00:15:43.000Z
09/19/2026,5:20 PM,2026-09-20T00:20:56+00:00,Fantasyland,King Arthur Carrousel,10,True,2026-09-20T00:15:43.000Z
09/19/2026,5:20 PM,2026-09-20T00:20:56+00:00,Fantasyland,Mad Tea Party,0,False,2026-09-20T00:15:43.000Z
09/19/2026,5:20 PM,2026-09-20T00:20:56+00:00,Fantasyland,Matterhorn Bobsleds,30,True,2026-09-20T00:15:43.000Z
09/19/2026,5:20 PM,2026-09-20T00:20:56+00:00,Fantasyland,Meet Disney Princesses at Royal Hall,0,False,2026-09-20T00:15:43.000Z
09/19/2026,5:20 PM,2026-09-20T00:20:56+00:00,Fantasyland,Mr. Toad's Wild Ride,15,True,2026-09-20T00:15:43.000Z
09/19/2026,5:20 PM,2026-09-20T00:20:56+00:00,Fantasyland,Peter Pan's Flight,30,True,2026-09-20T00:15:43.000Z
09/19/2026,5:20 PM,2026-09-20T00:20:56+00:00,Fantasyland,Pinocchio's Daring Journey,10,True,2026-09-20T00:15:43.000Z
09/19/2026,5:20 PM,2026-09-20T00:20:56+00:00,Fantasyland,Sleeping Beauty Castle Walkthrough,0,False,2026-09-20T00:15:43.000Z
09/19/2026,5:20 PM,2026-09-20T00:20:56+00:00,Fantasyland,Snow White's Enchanted Wish,10,True,2026-09-20T00:15:43.000Z
09/19/2026,5:20 PM,2026-09-20T00:20:56+00:00,Fantasyland,Storybook Land Canal Boats,10,True,2026-09-20T00:15:43.000Z
09/19/2026,5:20 PM,2026-09-20T00:20:56+00:00,Frontierland,Big Thunder Mountain Railroad,30,True,2026-09-20T00:15:43.000Z
09/19/2026,5:20 PM,2026-09-20T00:20:56+00:00,Frontierland,Frontierland Shootin' Exposition,0,True,2026-09-20T00:15:43.000Z
09/19/2026,5:20 PM,2026-09-20T00:20:56+00:00,Frontierland,Mark Twain Riverboat,10,True,2026-09-20T00:15:43.000Z
09/19/2026,5:20 PM,2026-09-20T00:20:56+00:00,Frontierland,Pirate's Lair on Tom Sawyer Island,0,False,2026-09-20T00:15:43.000Z
09/19/2026,5:20 PM,2026-09-20T00:20:56+00:00,Frontierland,Sailing Ship Columbia,0,False,2026-09-20T00:15:43.000Z
09/19/2026,5:20 PM,2026-09-20T00:20:56+00:00,Main Street U.S.A,Disneyland Railroad,10,True,2026-09-20T00:15:43.000Z
09/19/2026,5:20 PM,2026-09-20T00:20:56+00:00,Main Street U.S.A,Great Moments with Mr. Lincoln,0,False,2026-09-20T00:15:43.000Z
09/19/2026,5:20 PM,2026-09-20T00:20:56+00:00,Main Street U.S.A,Main Street Cinema,0,True,2026-09-20T00:15:43.000Z
09/19/2026,5:20 PM,2026-09-20T00:20:56+00:00,Main Street U.S.A,Main Street Vehicles,0,False,2026-09-20T00:15:43.000Z
09/19/2026,5:20 PM,2026-09-20T00:20:56+00:00,Main Street U.S.A,Opera House - Walt Disney - A Magical Life,0,True,2026-09-20T00:15:43.000Z
09/19/2026,5:20 PM,2026-09-20T00:20:56+00:00,Main Street U.S.A,The Disney Gallery,0,True,2026-09-20T00:15:43.000Z
09/19/2026,5:20 PM,2026-09-20T00:20:56+00:00,Main Street U.S.A,Walt Disney - A Magical Life,0,True,2026-09-20T00:15:43.000Z
09/19/2026,5:20 PM,2026-09-20T00:20:56+00:00,Mickey's Toontown,Chip 'n' Dale's GADGETcoaster,25,True,2026-09-20T00:15:43.000Z
09/19/2026,5:20 PM,2026-09-20T00:20:56+00:00,Mickey's Toontown,Donald's Duck Pond,0,True,2026-09-20T00:15:43.000Z
09/19/2026,5:20 PM,2026-09-20T00:20:56+00:00,Mickey's Toontown,Goofy's How-to-Play Yard,0,True,2026-09-20T00:15:43.000Z
09/19/2026,5:20 PM,2026-09-20T00:20:56+00:00,Mickey's Toontown,Mickey & Minnie's Runaway Railway,40,True,2026-09-20T00:15:43.000Z
09/19/2026,5:20 PM,2026-09-20T00:20:56+00:00,Mickey's Toontown,Mickey's House and Meet Mickey Mouse,15,True,2026-09-20T00:15:43.000Z
09/19/2026,5:20 PM,2026-09-20T00:20:56+00:00,Mickey's Toontown,Minnie's House,0,True,2026-09-20T00:15:43.000Z
09/19/2026,5:20 PM,2026-09-20T00:20:56+00:00,Mickey's Toontown,Roger Rabbit's Car Toon Spin,35,True,2026-09-20T00:15:43.000Z
09/19/2026,5:20 PM,2026-09-20T00:20:56+00:00,New Orleans Square,Haunted Mansion Holiday,55,True,2026-09-20T00:15:43.000Z
09/19/2026,5:20 PM,2026-09-20T00:20:56+00:00,New Orleans Square,Pirates of the Caribbean,25,True,2026-09-20T00:15:43.000Z
09/19/2026,5:20 PM,2026-09-20T00:20:56+00:00,Star Wars: Galaxy's Edge,Millennium Falcon: Smugglers Run,30,True,2026-09-20T00:15:43.000Z
09/19/2026,5:20 PM,2026-09-20T00:20:56+00:00,Star Wars: Galaxy's Edge,Millennium Falcon: Smugglers Run Single Rider,0,True,2026-09-20T00:15:43.000Z
09/19/2026,5:20 PM,2026-09-20T00:20:56+00:00,Star Wars: Galaxy's Edge,Star Wars: Rise of the Resistance,60,True,2026-09-20T00:15:43.000Z
09/19/2026,5:20 PM,2026-09-20T00:20:56+00:00,Tomorrowland,Astro Orbitor,10,True,2026-09-20T00:15:43.000Z
09/19/2026,5:20 PM,2026-09-20T00:20:56+00:00,Tomorrowland,Autopia,35,True,2026-09-20T00:15:43.000Z
09/19/2026,5:20 PM,2026-09-20T00:20:56+00:00,Tomorrowland,Buzz Lightyear Astro Blasters,25,True,2026-09-20T00:15:43.000Z
09/19/2026,5:20 PM,2026-09-20T00:20:56+00:00,Tomorrowland,Disneyland Monorail,5,True,2026-09-20T00:15:43.000Z
09/19/2026,5:20 PM,2026-09-20T00:20:56+00:00,Tomorrowland,Finding Nemo Submarine Voyage,0,False,2026-09-20T00:15:43.000Z
09/19/2026,5:20 PM,2026-09-20T00:20:56+00:00,Tomorrowland,Pixar Short Film Spotlight,0,False,2026-09-20T00:15:43.000Z
09/19/2026,5:20 PM,2026-09-20T00:20:56+00:00,Tomorrowland,Space Mountain,0,False,2026-09-20T00:15:43.000Z
09/19/2026,5:20 PM,2026-09-20T00:20:56+00:00,Tomorrowland,Star Tours - The Adventures Continue,10,True,2026-09-20T00:15:43.000Z
09/20/2026,10:38 AM,2026-09-20T17:38:32+00:00,Adventureland,Adventureland Treehouse inspired by Walt Disney’s Swiss Family Robinson,0,True,2026-09-20T17:35:43.000Z
09/20/2026,10:38 AM,2026-09-20T17:38:32+00:00,Adventureland,Indiana Jones™ Adventure,0,False,2026-09-20T17:35:43.000Z
09/20/2026,10:38 AM,2026-09-20T17:38:32+00:00,Adventureland,Jungle Cruise,20,True,2026-09-20T17:35:43.000Z
09/20/2026,10:38 AM,2026-09-20T17:38:32+00:00,Adventureland,Walt Disney's Enchanted Tiki Room,0,True,2026-09-20T17:35:43.000Z
09/20/2026,10:38 AM,2026-09-20T17:38:32+00:00,Bayou Country,Davy Crockett's Explorer Canoes,5,True,2026-09-20T17:35:43.000Z
09/20/2026,10:38 AM,2026-09-20T17:38:32+00:00,Bayou Country,The Many Adventures of Winnie the Pooh,5,True,2026-09-20T17:35:43.000Z
09/20/2026,10:38 AM,2026-09-20T17:38:32+00:00,Bayou Country,Tiana's Bayou Adventure,5,True,2026-09-20T17:35:43.000Z
09/20/2026,10:38 AM,2026-09-20T17:38:32+00:00,Bayou Country,Tiana's Bayou Adventure Single Rider,0,True,2026-09-20T17:35:43.000Z
09/20/2026,10:38 AM,2026-09-20T17:38:32+00:00,Fantasyland,"""it's a small world""",5,True,2026-09-20T17:35:43.000Z
09/20/2026,10:38 AM,2026-09-20T17:38:32+00:00,Fantasyland,Alice in Wonderland,15,True,2026-09-20T17:35:43.000Z
09/20/2026,10:38 AM,2026-09-20T17:38:32+00:00,Fantasyland,Bluey’s Best Day Ever! at Fantasyland Theatre,0,True,2026-09-20T17:35:43.000Z
09/20/2026,10:38 AM,2026-09-20T17:38:32+00:00,Fantasyland,Casey Jr. Circus Train,5,True,2026-09-20T17:35:43.000Z
09/20/2026,10:38 AM,2026-09-20T17:38:32+00:00,Fantasyland,Dumbo the Flying Elephant,15,True,2026-09-20T17:35:43.000Z
09/20/2026,10:38 AM,2026-09-20T17:38:32+00:00,Fantasyland,King Arthur Carrousel,5,True,2026-09-20T17:35:43.000Z
09/20/2026,10:38 AM,2026-09-20T17:38:32+00:00,Fantasyland,Mad Tea Party,0,False,2026-09-20T17:35:43.000Z
09/20/2026,10:38 AM,2026-09-20T17:38:32+00:00,Fantasyland,Matterhorn Bobsleds,30,True,2026-09-20T17:35:43.000Z
09/20/2026,10:38 AM,2026-09-20T17:38:32+00:00,Fantasyland,Meet Disney Princesses at Royal Hall,60,True,2026-09-20T17:35:43.000Z
09/20/2026,10:38 AM,2026-09-20T17:38:32+00:00,Fantasyland,Mr. Toad's Wild Ride,10,True,2026-09-20T17:35:43.000Z
09/20/2026,10:38 AM,2026-09-20T17:38:32+00:00,Fantasyland,Peter Pan's Flight,30,True,2026-09-20T17:35:43.000Z
09/20/2026,10:38 AM,2026-09-20T17:38:32+00:00,Fantasyland,Pinocchio's Daring Journey,5,True,2026-09-20T17:35:43.000Z
09/20/2026,10:38 AM,2026-09-20T17:38:32+00:00,Fantasyland,Sleeping Beauty Castle Walkthrough,0,False,2026-09-20T17:35:43.000Z
09/20/2026,10:38 AM,2026-09-20T17:38:32+00:00,Fantasyland,Snow White's Enchanted Wish,10,True,2026-09-20T17:35:43.000Z
09/20/2026,10:38 AM,2026-09-20T17:38:32+00:00,Fantasyland,Storybook Land Canal Boats,10,True,2026-09-20T17:35:43.000Z
09/20/2026,10:38 AM,2026-09-20T17:38:32+00:00,Frontierland,Big Thunder Mountain Railroad,35,True,2026-09-20T17:35:43.000Z
09/20/2026,10:38 AM,2026-09-20T17:38:32+00:00,Frontierland,Frontierland Shootin' Exposition,0,True,2026-09-20T17:35:43.000Z
09/20/2026,10:38 AM,2026-09-20T17:38:32+00:00,Frontierland,Mark Twain Riverboat,10,True,2026-09-20T17:35:43.000Z
09/20/2026,10:38 AM,2026-09-20T17:38:32+00:00,Frontierland,Pirate's Lair on Tom Sawyer Island,5,True,2026-09-20T17:35:43.000Z
09/20/2026,10:38 AM,2026-09-20T17:38:32+00:00,Frontierland,Sailing Ship Columbia,0,False,2026-09-20T17:35:43.000Z
09/20/2026,10:38 AM,2026-09-20T17:38:32+00:00,Main Street U.S.A,Disneyland Railroad,5,True,2026-09-20T17:35:43.000Z
09/20/2026,10:38 AM,2026-09-20T17:38:32+00:00,Main Street U.S.A,Great Moments with Mr. Lincoln,0,True,2026-09-20T17:35:43.000Z
09/20/2026,10:38 AM,2026-09-20T17:38:32+00:00,Main Street U.S.A,Main Street Cinema,0,True,2026-09-20T17:35:43.000Z
09/20/2026,10:38 AM,2026-09-20T17:38:32+00:00,Main Street U.S.A,Main Street Vehicles,0,True,2026-09-20T17:35:43.000Z
09/20/2026,10:38 AM,2026-09-20T17:38:32+00:00,Main Street U.S.A,Opera House - Walt Disney - A Magical Life,0,True,2026-09-20T17:35:43.000Z
09/20/2026,10:38 AM,2026-09-20T17:38:32+00:00,Main Street U.S.A,The Disney Gallery,0,True,2026-09-20T17:35:43.000Z
09/20/2026,10:38 AM,2026-09-20T17:38:32+00:00,Main Street U.S.A,Walt Disney - A Magical Life,0,False,2026-09-20T17:35:43.000Z
09/20/2026,10:38 AM,2026-09-20T17:38:32+00:00,Mickey's Toontown,Chip 'n' Dale's GADGETcoaster,20,True,2026-09-20T17:35:43.000Z
09/20/2026,10:38 AM,2026-09-20T17:38:32+00:00,Mickey's Toontown,Donald's Duck Pond,0,True,2026-09-20T17:35:43.000Z
09/20/2026,10:38 AM,2026-09-20T17:38:32+00:00,Mickey's Toontown,Goofy's How-to-Play Yard,0,True,2026-09-20T17:35:43.000Z
09/20/2026,10:38 AM,2026-09-20T17:38:32+00:00,Mickey's Toontown,Mickey & Minnie's Runaway Railway,25,True,2026-09-20T17:35:43.000Z
09/20/2026,10:38 AM,2026-09-20T17:38:32+00:00,Mickey's Toontown,Mickey's House and Meet Mickey Mouse,20,True,2026-09-20T17:35:43.000Z
09/20/2026,10:38 AM,2026-09-20T17:38:32+00:00,Mickey's Toontown,Minnie's House,0,True,2026-09-20T17:35:43.000Z
09/20/2026,10:38 AM,2026-09-20T17:38:32+00:00,Mickey's Toontown,Roger Rabbit's Car Toon Spin,35,True,2026-09-20T17:35:43.000Z
09/20/2026,10:38 AM,2026-09-20T17:38:32+00:00,New Orleans Square,Haunted Mansion Holiday,40,True,2026-09-20T17:35:43.000Z
09/20/2026,10:38 AM,2026-09-20T17:38:32+00:00,New Orleans Square,Pirates of the Caribbean,25,True,2026-09-20T17:35:43.000Z
09/20/2026,10:38 AM,2026-09-20T17:38:32+00:00,Star Wars: Galaxy's Edge,Millennium Falcon: Smugglers Run,10,True,2026-09-20T17:35:43.000Z
09/20/2026,10:38 AM,2026-09-20T17:38:32+00:00,Star Wars: Galaxy's Edge,Millennium Falcon: Smugglers Run Single Rider,0,True,2026-09-20T17:35:43.000Z
09/20/2026,10:38 AM,2026-09-20T17:38:32+00:00,Star Wars: Galaxy's Edge,Star Wars: Rise of the Resistance,0,False,2026-09-20T17:35:43.000Z
09/20/2026,10:38 AM,2026-09-20T17:38:32+00:00,Tomorrowland,Astro Orbitor,15,True,2026-09-20T17:35:43.000Z
09/20/2026,10:38 AM,2026-09-20T17:38:32+00:00,Tomorrowland,Autopia,30,True,2026-09-20T17:35:43.000Z
09/20/2026,10:38 AM,2026-09-20T17:38:32+00:00,Tomorrowland,Buzz Lightyear Astro Blasters,15,True,2026-09-20T17:35:43.000Z
09/20/2026,10:38 AM,2026-09-20T17:38:32+00:00,Tomorrowland,Disneyland Monorail,5,True,2026-09-20T17:35:43.000Z
09/20/2026,10:38 AM,2026-09-20T17:38:32+00:00,Tomorrowland,Finding Nemo Submarine Voyage,5,True,2026-09-20T17:35:43.000Z
09/20/2026,10:38 AM,2026-09-20T17:38:32+00:00,Tomorrowland,Pixar Short Film Spotlight,0,False,2026-09-20T17:35:43.000Z
09/20/2026,10:38 AM,2026-09-20T17:38:32+00:00,Tomorrowland,Space Mountain,25,True,2026-09-20T17:35:43.000Z
09/20/2026,10:38 AM,2026-09-20T17:38:32+00:00,Tomorrowland,Star Tours - The Adventures Continue,10,True,2026-09-20T17:35:43.000Z
09/20/2026,1:44 PM,2026-09-20T20:44:29+00:00,Adventureland,Adventureland Treehouse inspired by Walt Disney’s Swiss Family Robinson,0,True,2026-09-20T20:41:03.000Z
09/20/2026,1:44 PM,2026-09-20T20:44:29+00:00,Adventureland,Indiana Jones™ Adventure,0,False,2026-09-20T20:41:03.000Z
09/20/2026,1:44 PM,2026-09-20T20:44:29+00:00,Adventureland,Jungle Cruise,15,True,2026-09-20T20:41:03.000Z
09/20/2026,1:44 PM,2026-09-20T20:44:29+00:00,Adventureland,Walt Disney's Enchanted Tiki Room,0,True,2026-09-20T20:41:03.000Z
09/20/2026,1:44 PM,2026-09-20T20:44:29+00:00,Bayou Country,Davy Crockett's Explorer Canoes,5,True,2026-09-20T20:41:03.000Z
09/20/2026,1:44 PM,2026-09-20T20:44:29+00:00,Bayou Country,The Many Adventures of Winnie the Pooh,5,True,2026-09-20T20:41:03.000Z
09/20/2026,1:44 PM,2026-09-20T20:44:29+00:00,Bayou Country,Tiana's Bayou Adventure,35,True,2026-09-20T20:41:03.000Z
09/20/2026,1:44 PM,2026-09-20T20:44:29+00:00,Bayou Country,Tiana's Bayou Adventure Single Rider,0,True,2026-09-20T20:41:03.000Z
09/20/2026,1:44 PM,2026-09-20T20:44:29+00:00,Fantasyland,"""it's a small world""",5,True,2026-09-20T20:41:03.000Z
09/20/2026,1:44 PM,2026-09-20T20:44:29+00:00,Fantasyland,Alice in Wonderland,20,True,2026-09-20T20:41:03.000Z
09/20/2026,1:44 PM,2026-09-20T20:44:29+00:00,Fantasyland,Bluey’s Best Day Ever! at Fantasyland Theatre,0,True,2026-09-20T20:41:03.000Z
09/20/2026,1:44 PM,2026-09-20T20:44:29+00:00,Fantasyland,Casey Jr. Circus Train,5,True,2026-09-20T20:41:03.000Z
09/20/2026,1:44 PM,2026-09-20T20:44:29+00:00,Fantasyland,Dumbo the Flying Elephant,20,True,2026-09-20T20:41:03.000Z
09/20/2026,1:44 PM,2026-09-20T20:44:29+00:00,Fantasyland,King Arthur Carrousel,5,True,2026-09-20T20:41:03.000Z
09/20/2026,1:44 PM,2026-09-20T20:44:29+00:00,Fantasyland,Mad Tea Party,0,False,2026-09-20T20:41:03.000Z
09/20/2026,1:44 PM,2026-09-20T20:44:29+00:00,Fantasyland,Matterhorn Bobsleds,30,True,2026-09-20T20:41:03.000Z
09/20/2026,1:44 PM,2026-09-20T20:44:29+00:00,Fantasyland,Meet Disney Princesses at Royal Hall,30,True,2026-09-20T20:41:03.000Z
09/20/2026,1:44 PM,2026-09-20T20:44:29+00:00,Fantasyland,Mr. Toad's Wild Ride,10,True,2026-09-20T20:41:03.000Z
09/20/2026,1:44 PM,2026-09-20T20:44:29+00:00,Fantasyland,Peter Pan's Flight,30,True,2026-09-20T20:41:03.000Z
09/20/2026,1:44 PM,2026-09-20T20:44:29+00:00,Fantasyland,Pinocchio's Daring Journey,10,True,2026-09-20T20:41:03.000Z
09/20/2026,1:44 PM,2026-09-20T20:44:29+00:00,Fantasyland,Sleeping Beauty Castle Walkthrough,0,False,2026-09-20T20:41:03.000Z
09/20/2026,1:44 PM,2026-09-20T20:44:29+00:00,Fantasyland,Snow White's Enchanted Wish,10,True,2026-09-20T20:41:03.000Z
09/20/2026,1:44 PM,2026-09-20T20:44:29+00:00,Fantasyland,Storybook Land Canal Boats,5,True,2026-09-20T20:41:03.000Z
09/20/2026,1:44 PM,2026-09-20T20:44:29+00:00,Frontierland,Big Thunder Mountain Railroad,25,True,2026-09-20T20:41:03.000Z
09/20/2026,1:44 PM,2026-09-20T20:44:29+00:00,Frontierland,Frontierland Shootin' Exposition,0,True,2026-09-20T20:41:03.000Z
09/20/2026,1:44 PM,2026-09-20T20:44:29+00:00,Frontierland,Mark Twain Riverboat,10,True,2026-09-20T20:41:03.000Z
09/20/2026,1:44 PM,2026-09-20T20:44:29+00:00,Frontierland,Pirate's Lair on Tom Sawyer Island,5,True,2026-09-20T20:41:03.000Z
09/20/2026,1:44 PM,2026-09-20T20:44:29+00:00,Frontierland,Sailing Ship Columbia,10,True,2026-09-20T20:41:03.000Z
09/20/2026,1:44 PM,2026-09-20T20:44:29+00:00,Main Street U.S.A,Disneyland Railroad,5,True,2026-09-20T20:41:03.000Z
09/20/2026,1:44 PM,2026-09-20T20:44:29+00:00,Main Street U.S.A,Great Moments with Mr. Lincoln,0,False,2026-09-20T20:41:03.000Z
09/20/2026,1:44 PM,2026-09-20T20:44:29+00:00,Main Street U.S.A,Main Street Cinema,0,True,2026-09-20T20:41:03.000Z
09/20/2026,1:44 PM,2026-09-20T20:44:29+00:00,Main Street U.S.A,Main Street Vehicles,0,True,2026-09-20T20:41:03.000Z
09/20/2026,1:44 PM,2026-09-20T20:44:29+00:00,Main Street U.S.A,Opera House - Walt Disney - A Magical Life,0,True,2026-09-20T20:41:03.000Z
09/20/2026,1:44 PM,2026-09-20T20:44:29+00:00,Main Street U.S.A,The Disney Gallery,0,True,2026-09-20T20:41:03.000Z
09/20/2026,1:44 PM,2026-09-20T20:44:29+00:00,Main Street U.S.A,Walt Disney - A Magical Life,0,False,2026-09-20T20:41:03.000Z
09/20/2026,1:44 PM,2026-09-20T20:44:29+00:00,Mickey's Toontown,Chip 'n' Dale's GADGETcoaster,10,True,2026-09-20T20:41:03.000Z
09/20/2026,1:44 PM,2026-09-20T20:44:29+00:00,Mickey's Toontown,Donald's Duck Pond,0,True,2026-09-20T20:41:03.000Z
09/20/2026,1:44 PM,2026-09-20T20:44:29+00:00,Mickey's Toontown,Goofy's How-to-Play Yard,0,True,2026-09-20T20:41:03.000Z
09/20/2026,1:44 PM,2026-09-20T20:44:29+00:00,Mickey's Toontown,Mickey & Minnie's Runaway Railway,30,True,2026-09-20T20:41:03.000Z
09/20/2026,1:44 PM,2026-09-20T20:44:29+00:00,Mickey's Toontown,Mickey's House and Meet Mickey Mouse,15,True,2026-09-20T20:41:03.000Z
09/20/2026,1:44 PM,2026-09-20T20:44:29+00:00,Mickey's Toontown,Minnie's House,0,True,2026-09-20T20:41:03.000Z
09/20/2026,1:44 PM,2026-09-20T20:44:29+00:00,Mickey's Toontown,Roger Rabbit's Car Toon Spin,35,True,2026-09-20T20:41:03.000Z
09/20/2026,1:44 PM,2026-09-20T20:44:29+00:00,New Orleans Square,Haunted Mansion Holiday,45,True,2026-09-20T20:41:03.000Z
09/20/2026,1:44 PM,2026-09-20T20:44:29+00:00,New Orleans Square,Pirates of the Caribbean,20,True,2026-09-20T20:41:03.000Z
09/20/2026,1:44 PM,2026-09-20T20:44:29+00:00,Star Wars: Galaxy's Edge,Millennium Falcon: Smugglers Run,10,True,2026-09-20T20:41:03.000Z
09/20/2026,1:44 PM,2026-09-20T20:44:29+00:00,Star Wars: Galaxy's Edge,Millennium Falcon: Smugglers Run Single Rider,0,True,2026-09-20T20:41:03.000Z
09/20/2026,1:44 PM,2026-09-20T20:44:29+00:00,Star Wars: Galaxy's Edge,Star Wars: Rise of the Resistance,70,True,2026-09-20T20:41:03.000Z
09/20/2026,1:44 PM,2026-09-20T20:44:29+00:00,Tomorrowland,Astro Orbitor,0,False,2026-09-20T20:41:03.000Z
09/20/2026,1:44 PM,2026-09-20T20:44:29+00:00,Tomorrowland,Autopia,30,True,2026-09-20T20:41:03.000Z
09/20/2026,1:44 PM,2026-09-20T20:44:29+00:00,Tomorrowland,Buzz Lightyear Astro Blasters,10,True,2026-09-20T20:41:03.000Z
09/20/2026,1:44 PM,2026-09-20T20:44:29+00:00,Tomorrowland,Disneyland Monorail,5,True,2026-09-20T20:41:03.000Z
09/20/2026,1:44 PM,2026-09-20T20:44:29+00:00,Tomorrowland,Finding Nemo Submarine Voyage,15,True,2026-09-20T20:41:03.000Z
09/20/2026,1:44 PM,2026-09-20T20:44:29+00:00,Tomorrowland,Pixar Short Film Spotlight,0,False,2026-09-20T20:41:03.000Z
09/20/2026,1:44 PM,2026-09-20T20:44:29+00:00,Tomorrowland,Space Mountain,40,True,2026-09-20T20:41:03.000Z
09/20/2026,1:44 PM,2026-09-20T20:44:29+00:00,Tomorrowland,Star Tours - The Adventures Continue,5,True,2026-09-20T20:41:03.000Z
09/20/2026,4:11 PM,2026-09-20T23:11:05+00:00,Adventureland,Adventureland Treehouse inspired by Walt Disney’s Swiss Family Robinson,0,True,2026-09-20T23:10:33.000Z
09/20/2026,4:11 PM,2026-09-20T23:11:05+00:00,Adventureland,Indiana Jones™ Adventure,0,False,2026-09-20T23:10:33.000Z
09/20/2026,4:11 PM,2026-09-20T23:11:05+00:00,Adventureland,Jungle Cruise,15,True,2026-09-20T23:10:33.000Z
09/20/2026,4:11 PM,2026-09-20T23:11:05+00:00,Adventureland,Walt Disney's Enchanted Tiki Room,0,True,2026-09-20T23:10:33.000Z
09/20/2026,4:11 PM,2026-09-20T23:11:05+00:00,Bayou Country,Davy Crockett's Explorer Canoes,5,True,2026-09-20T23:10:33.000Z
09/20/2026,4:11 PM,2026-09-20T23:11:05+00:00,Bayou Country,The Many Adventures of Winnie the Pooh,10,True,2026-09-20T23:10:33.000Z
09/20/2026,4:11 PM,2026-09-20T23:11:05+00:00,Bayou Country,Tiana's Bayou Adventure,30,True,2026-09-20T23:10:33.000Z
09/20/2026,4:11 PM,2026-09-20T23:11:05+00:00,Bayou Country,Tiana's Bayou Adventure Single Rider,0,True,2026-09-20T23:10:33.000Z
09/20/2026,4:11 PM,2026-09-20T23:11:05+00:00,Fantasyland,"""it's a small world""",10,True,2026-09-20T23:10:33.000Z
09/20/2026,4:11 PM,2026-09-20T23:11:05+00:00,Fantasyland,Alice in Wonderland,25,True,2026-09-20T23:10:33.000Z
09/20/2026,4:11 PM,2026-09-20T23:11:05+00:00,Fantasyland,Bluey’s Best Day Ever! at Fantasyland Theatre,0,True,2026-09-20T23:10:33.000Z
09/20/2026,4:11 PM,2026-09-20T23:11:05+00:00,Fantasyland,Casey Jr. Circus Train,5,True,2026-09-20T23:10:33.000Z
09/20/2026,4:11 PM,2026-09-20T23:11:05+00:00,Fantasyland,Dumbo the Flying Elephant,20,True,2026-09-20T23:10:33.000Z
09/20/2026,4:11 PM,2026-09-20T23:11:05+00:00,Fantasyland,King Arthur Carrousel,5,True,2026-09-20T23:10:33.000Z
09/20/2026,4:11 PM,2026-09-20T23:11:05+00:00,Fantasyland,Mad Tea Party,0,False,2026-09-20T23:10:33.000Z
09/20/2026,4:11 PM,2026-09-20T23:11:05+00:00,Fantasyland,Matterhorn Bobsleds,40,True,2026-09-20T23:10:33.000Z
09/20/2026,4:11 PM,2026-09-20T23:11:05+00:00,Fantasyland,Meet Disney Princesses at Royal Hall,15,True,2026-09-20T23:10:33.000Z
09/20/2026,4:11 PM,2026-09-20T23:11:05+00:00,Fantasyland,Mr. Toad's Wild Ride,20,True,2026-09-20T23:10:33.000Z
09/20/2026,4:11 PM,2026-09-20T23:11:05+00:00,Fantasyland,Peter Pan's Flight,30,True,2026-09-20T23:10:33.000Z
09/20/2026,4:11 PM,2026-09-20T23:11:05+00:00,Fantasyland,Pinocchio's Daring Journey,15,True,2026-09-20T23:10:33.000Z
09/20/2026,4:11 PM,2026-09-20T23:11:05+00:00,Fantasyland,Sleeping Beauty Castle Walkthrough,0,False,2026-09-20T23:10:33.000Z
09/20/2026,4:11 PM,2026-09-20T23:11:05+00:00,Fantasyland,Snow White's Enchanted Wish,15,True,2026-09-20T23:10:33.000Z
09/20/2026,4:11 PM,2026-09-20T23:11:05+00:00,Fantasyland,Storybook Land Canal Boats,20,True,2026-09-20T23:10:33.000Z
09/20/2026,4:11 PM,2026-09-20T23:11:05+00:00,Frontierland,Big Thunder Mountain Railroad,0,False,2026-09-20T23:10:33.000Z
09/20/2026,4:11 PM,2026-09-20T23:11:05+00:00,Frontierland,Frontierland Shootin' Exposition,0,True,2026-09-20T23:10:33.000Z
09/20/2026,4:11 PM,2026-09-20T23:11:05+00:00,Frontierland,Mark Twain Riverboat,10,True,2026-09-20T23:10:33.000Z
09/20/2026,4:11 PM,2026-09-20T23:11:05+00:00,Frontierland,Pirate's Lair on Tom Sawyer Island,5,True,2026-09-20T23:10:33.000Z
09/20/2026,4:11 PM,2026-09-20T23:11:05+00:00,Frontierland,Sailing Ship Columbia,0,False,2026-09-20T23:10:33.000Z
09/20/2026,4:11 PM,2026-09-20T23:11:05+00:00,Main Street U.S.A,Disneyland Railroad,10,True,2026-09-20T23:10:33.000Z
09/20/2026,4:11 PM,2026-09-20T23:11:05+00:00,Main Street U.S.A,Great Moments with Mr. Lincoln,0,False,2026-09-20T23:10:33.000Z
09/20/2026,4:11 PM,2026-09-20T23:11:05+00:00,Main Street U.S.A,Main Street Cinema,0,True,2026-09-20T23:10:33.000Z
09/20/2026,4:11 PM,2026-09-20T23:11:05+00:00,Main Street U.S.A,Main Street Vehicles,0,False,2026-09-20T23:10:33.000Z
09/20/2026,4:11 PM,2026-09-20T23:11:05+00:00,Main Street U.S.A,Opera House - Walt Disney - A Magical Life,0,True,2026-09-20T23:10:33.000Z
09/20/2026,4:11 PM,2026-09-20T23:11:05+00:00,Main Street U.S.A,The Disney Gallery,0,True,2026-09-20T23:10:33.000Z
09/20/2026,4:11 PM,2026-09-20T23:11:05+00:00,Main Street U.S.A,Walt Disney - A Magical Life,0,True,2026-09-20T23:10:33.000Z
09/20/2026,4:11 PM,2026-09-20T23:11:05+00:00,Mickey's Toontown,Chip 'n' Dale's GADGETcoaster,30,True,2026-09-20T23:10:33.000Z
09/20/2026,4:11 PM,2026-09-20T23:11:05+00:00,Mickey's Toontown,Donald's Duck Pond,0,True,2026-09-20T23:10:33.000Z
09/20/2026,4:11 PM,2026-09-20T23:11:05+00:00,Mickey's Toontown,Goofy's How-to-Play Yard,0,True,2026-09-20T23:10:33.000Z
09/20/2026,4:11 PM,2026-09-20T23:11:05+00:00,Mickey's Toontown,Mickey & Minnie's Runaway Railway,60,True,2026-09-20T23:10:33.000Z
09/20/2026,4:11 PM,2026-09-20T23:11:05+00:00,Mickey's Toontown,Mickey's House and Meet Mickey Mouse,15,True,2026-09-20T23:10:33.000Z
09/20/2026,4:11 PM,2026-09-20T23:11:05+00:00,Mickey's Toontown,Minnie's House,0,True,2026-09-20T23:10:33.000Z
09/20/2026,4:11 PM,2026-09-20T23:11:05+00:00,Mickey's Toontown,Roger Rabbit's Car Toon Spin,45,True,2026-09-20T23:10:33.000Z
09/20/2026,4:11 PM,2026-09-20T23:11:05+00:00,New Orleans Square,Haunted Mansion Holiday,55,True,2026-09-20T23:10:33.000Z
09/20/2026,4:11 PM,2026-09-20T23:11:05+00:00,New Orleans Square,Pirates of the Caribbean,0,False,2026-09-20T23:10:33.000Z
09/20/2026,4:11 PM,2026-09-20T23:11:05+00:00,Star Wars: Galaxy's Edge,Millennium Falcon: Smugglers Run,10,True,2026-09-20T23:10:33.000Z
09/20/2026,4:11 PM,2026-09-20T23:11:05+00:00,Star Wars: Galaxy's Edge,Millennium Falcon: Smugglers Run Single Rider,0,True,2026-09-20T23:10:33.000Z
09/20/2026,4:11 PM,2026-09-20T23:11:05+00:00,Star Wars: Galaxy's Edge,Star Wars: Rise of the Resistance,75,True,2026-09-20T23:10:33.000Z
09/20/2026,4:11 PM,2026-09-20T23:11:05+00:00,Tomorrowland,Astro Orbitor,0,False,2026-09-20T23:10:33.000Z
09/20/2026,4:11 PM,2026-09-20T23:11:05+00:00,Tomorrowland,Autopia,40,True,2026-09-20T23:10:33.000Z
09/20/2026,4:11 PM,2026-09-20T23:11:05+00:00,Tomorrowland,Buzz Lightyear Astro Blasters,25,True,2026-09-20T23:10:33.000Z
09/20/2026,4:11 PM,2026-09-20T23:11:05+00:00,Tomorrowland,Disneyland Monorail,5,True,2026-09-20T23:10:33.000Z
09/20/2026,4:11 PM,2026-09-20T23:11:05+00:00,Tomorrowland,Finding Nemo Submarine Voyage,20,True,2026-09-20T23:10:33.000Z
09/20/2026,4:11 PM,2026-09-20T23:11:05+00:00,Tomorrowland,Pixar Short Film Spotlight,0,False,2026-09-20T23:10:33.000Z
09/20/2026,4:11 PM,2026-09-20T23:11:05+00:00,Tomorrowland,Space Mountain,50,True,2026-09-20T23:10:33.000Z
09/20/2026,4:11 PM,2026-09-20T23:11:05+00:00,Tomorrowland,Star Tours - The Adventures Continue,15,True,2026-09-20T23:10:33.000Z
09/20/2026,6:35 PM,2026-09-21T01:35:10+00:00,Adventureland,Adventureland Treehouse inspired by Walt Disney’s Swiss Family Robinson,0,True,2026-09-21T01:30:35.000Z
09/20/2026,6:35 PM,2026-09-21T01:35:10+00:00,Adventureland,Indiana Jones™ Adventure,0,False,2026-09-21T01:30:35.000Z
09/20/2026,6:35 PM,2026-09-21T01:35:10+00:00,Adventureland,Jungle Cruise,25,True,2026-09-21T01:30:35.000Z
09/20/2026,6:35 PM,2026-09-21T01:35:10+00:00,Adventureland,Walt Disney's Enchanted Tiki Room,0,True,2026-09-21T01:30:35.000Z
09/20/2026,6:35 PM,2026-09-21T01:35:10+00:00,Bayou Country,Davy Crockett's Explorer Canoes,0,False,2026-09-21T01:30:35.000Z
09/20/2026,6:35 PM,2026-09-21T01:35:10+00:00,Bayou Country,The Many Adventures of Winnie the Pooh,20,True,2026-09-21T01:30:35.000Z
09/20/2026,6:35 PM,2026-09-21T01:35:10+00:00,Bayou Country,Tiana's Bayou Adventure,35,True,2026-09-21T01:30:35.000Z
09/20/2026,6:35 PM,2026-09-21T01:35:10+00:00,Bayou Country,Tiana's Bayou Adventure Single Rider,0,True,2026-09-21T01:30:35.000Z
09/20/2026,6:35 PM,2026-09-21T01:35:10+00:00,Fantasyland,"""it's a small world""",15,True,2026-09-21T01:30:35.000Z
09/20/2026,6:35 PM,2026-09-21T01:35:10+00:00,Fantasyland,Alice in Wonderland,30,True,2026-09-21T01:30:35.000Z
09/20/2026,6:35 PM,2026-09-21T01:35:10+00:00,Fantasyland,Bluey’s Best Day Ever! at Fantasyland Theatre,0,True,2026-09-21T01:30:35.000Z
09/20/2026,6:35 PM,2026-09-21T01:35:10+00:00,Fantasyland,Casey Jr. Circus Train,10,True,2026-09-21T01:30:35.000Z
09/20/2026,6:35 PM,2026-09-21T01:35:10+00:00,Fantasyland,Dumbo the Flying Elephant,30,True,2026-09-21T01:30:35.000Z
09/20/2026,6:35 PM,2026-09-21T01:35:10+00:00,Fantasyland,King Arthur Carrousel,5,True,2026-09-21T01:30:35.000Z
09/20/2026,6:35 PM,2026-09-21T01:35:10+00:00,Fantasyland,Mad Tea Party,0,False,2026-09-21T01:30:35.000Z
09/20/2026,6:35 PM,2026-09-21T01:35:10+00:00,Fantasyland,Matterhorn Bobsleds,30,True,2026-09-21T01:30:35.000Z
09/20/2026,6:35 PM,2026-09-21T01:35:10+00:00,Fantasyland,Meet Disney Princesses at Royal Hall,0,False,2026-09-21T01:30:35.000Z
09/20/2026,6:35 PM,2026-09-21T01:35:10+00:00,Fantasyland,Mr. Toad's Wild Ride,15,True,2026-09-21T01:30:35.000Z
09/20/2026,6:35 PM,2026-09-21T01:35:10+00:00,Fantasyland,Peter Pan's Flight,30,True,2026-09-21T01:30:35.000Z
09/20/2026,6:35 PM,2026-09-21T01:35:10+00:00,Fantasyland,Pinocchio's Daring Journey,15,True,2026-09-21T01:30:35.000Z
09/20/2026,6:35 PM,2026-09-21T01:35:10+00:00,Fantasyland,Sleeping Beauty Castle Walkthrough,0,False,2026-09-21T01:30:35.000Z
09/20/2026,6:35 PM,2026-09-21T01:35:10+00:00,Fantasyland,Snow White's Enchanted Wish,25,True,2026-09-21T01:30:35.000Z
09/20/2026,6:35 PM,2026-09-21T01:35:10+00:00,Fantasyland,Storybook Land Canal Boats,15,True,2026-09-21T01:30:35.000Z
09/20/2026,6:35 PM,2026-09-21T01:35:10+00:00,Frontierland,Big Thunder Mountain Railroad,45,True,2026-09-21T01:30:35.000Z
09/20/2026,6:35 PM,2026-09-21T01:35:10+00:00,Frontierland,Frontierland Shootin' Exposition,0,True,2026-09-21T01:30:35.000Z
09/20/2026,6:35 PM,2026-09-21T01:35:10+00:00,Frontierland,Mark Twain Riverboat,0,False,2026-09-21T01:30:35.000Z
09/20/2026,6:35 PM,2026-09-21T01:35:10+00:00,Frontierland,Pirate's Lair on Tom Sawyer Island,0,False,2026-09-21T01:30:35.000Z
09/20/2026,6:35 PM,2026-09-21T01:35:10+00:00,Frontierland,Sailing Ship Columbia,0,False,2026-09-21T01:30:35.000Z
09/20/2026,6:35 PM,2026-09-21T01:35:10+00:00,Main Street U.S.A,Disneyland Railroad,10,True,2026-09-21T01:30:35.000Z
09/20/2026,6:35 PM,2026-09-21T01:35:10+00:00,Main Street U.S.A,Great Moments with Mr. Lincoln,0,False,2026-09-21T01:30:35.000Z
09/20/2026,6:35 PM,2026-09-21T01:35:10+00:00,Main Street U.S.A,Main Street Cinema,0,True,2026-09-21T01:30:35.000Z
09/20/2026,6:35 PM,2026-09-21T01:35:10+00:00,Main Street U.S.A,Main Street Vehicles,0,False,2026-09-21T01:30:35.000Z
09/20/2026,6:35 PM,2026-09-21T01:35:10+00:00,Main Street U.S.A,Opera House - Walt Disney - A Magical Life,0,True,2026-09-21T01:30:35.000Z
09/20/2026,6:35 PM,2026-09-21T01:35:10+00:00,Main Street U.S.A,The Disney Gallery,0,True,2026-09-21T01:30:35.000Z
09/20/2026,6:35 PM,2026-09-21T01:35:10+00:00,Main Street U.S.A,Walt Disney - A Magical Life,0,True,2026-09-21T01:30:35.000Z
09/20/2026,6:35 PM,2026-09-21T01:35:10+00:00,Mickey's Toontown,Chip 'n' Dale's GADGETcoaster,20,True,2026-09-21T01:30:35.000Z
09/20/2026,6:35 PM,2026-09-21T01:35:10+00:00,Mickey's Toontown,Donald's Duck Pond,0,True,2026-09-21T01:30:35.000Z
09/20/2026,6:35 PM,2026-09-21T01:35:10+00:00,Mickey's Toontown,Goofy's How-to-Play Yard,0,True,2026-09-21T01:30:35.000Z
09/20/2026,6:35 PM,2026-09-21T01:35:10+00:00,Mickey's Toontown,Mickey & Minnie's Runaway Railway,45,True,2026-09-21T01:30:35.000Z
09/20/2026,6:35 PM,2026-09-21T01:35:10+00:00,Mickey's Toontown,Mickey's House and Meet Mickey Mouse,40,True,2026-09-21T01:30:35.000Z
09/20/2026,6:35 PM,2026-09-21T01:35:10+00:00,Mickey's Toontown,Minnie's House,0,True,2026-09-21T01:30:35.000Z
09/20/2026,6:35 PM,2026-09-21T01:35:10+00:00,Mickey's Toontown,Roger Rabbit's Car Toon Spin,30,True,2026-09-21T01:30:35.000Z
09/20/2026,6:35 PM,2026-09-21T01:35:10+00:00,New Orleans Square,Haunted Mansion Holiday,65,True,2026-09-21T01:30:35.000Z
09/20/2026,6:35 PM,2026-09-21T01:35:10+00:00,New Orleans Square,Pirates of the Caribbean,35,True,2026-09-21T01:30:35.000Z
09/20/2026,6:35 PM,2026-09-21T01:35:10+00:00,Star Wars: Galaxy's Edge,Millennium Falcon: Smugglers Run,20,True,2026-09-21T01:30:35.000Z
09/20/2026,6:35 PM,2026-09-21T01:35:10+00:00,Star Wars: Galaxy's Edge,Millennium Falcon: Smugglers Run Single Rider,0,True,2026-09-21T01:30:35.000Z
09/20/2026,6:35 PM,2026-09-21T01:35:10+00:00,Star Wars: Galaxy's Edge,Star Wars: Rise of the Resistance,75,True,2026-09-21T01:30:35.000Z
09/20/2026,6:35 PM,2026-09-21T01:35:10+00:00,Tomorrowland,Astro Orbitor,30,True,2026-09-21T01:30:35.000Z
09/20/2026,6:35 PM,2026-09-21T01:35:10+00:00,Tomorrowland,Autopia,35,True,2026-09-21T01:30:35.000Z
09/20/2026,6:35 PM,2026-09-21T01:35:10+00:00,Tomorrowland,Buzz Lightyear Astro Blasters,0,False,2026-09-21T01:30:35.000Z
09/20/2026,6:35 PM,2026-09-21T01:35:10+00:00,Tomorrowland,Disneyland Monorail,5,True,2026-09-21T01:30:35.000Z
09/20/2026,6:35 PM,2026-09-21T01:35:10+00:00,Tomorrowland,Finding Nemo Submarine Voyage,15,True,2026-09-21T01:30:35.000Z
09/20/2026,6:35 PM,2026-09-21T01:35:10+00:00,Tomorrowland,Pixar Short Film Spotlight,0,False,2026-09-21T01:30:35.000Z
09/20/2026,6:35 PM,2026-09-21T01:35:10+00:00,Tomorrowland,Space Mountain,35,True,2026-09-21T01:30:35.000Z
09/20/2026,6:35 PM,2026-09-21T01:35:10+00:00,Tomorrowland,Star Tours - The Adventures Continue,15,True,2026-09-21T01:30:35.000Z
09/21/2026,12:42 PM,2026-09-21T19:42:45+00:00,Adventureland,Adventureland Treehouse inspired by Walt Disney’s Swiss Family Robinson,0,True,2026-09-21T19:40:36.000Z
09/21/2026,12:42 PM,2026-09-21T19:42:45+00:00,Adventureland,Indiana Jones™ Adventure,0,False,2026-09-21T19:40:36.000Z
09/21/2026,12:42 PM,2026-09-21T19:42:45+00:00,Adventureland,Jungle Cruise,40,True,2026-09-21T19:40:36.000Z
09/21/2026,12:42 PM,2026-09-21T19:42:45+00:00,Adventureland,Walt Disney's Enchanted Tiki Room,0,True,2026-09-21T19:40:36.000Z
09/21/2026,12:42 PM,2026-09-21T19:42:45+00:00,Bayou Country,Davy Crockett's Explorer Canoes,0,False,2026-09-21T19:40:36.000Z
09/21/2026,12:42 PM,2026-09-21T19:42:45+00:00,Bayou Country,The Many Adventures of Winnie the Pooh,30,True,2026-09-21T19:40:36.000Z
09/21/2026,12:42 PM,2026-09-21T19:42:45+00:00,Bayou Country,Tiana's Bayou Adventure,50,True,2026-09-21T19:40:36.000Z
09/21/2026,12:42 PM,2026-09-21T19:42:45+00:00,Bayou Country,Tiana's Bayou Adventure Single Rider,0,True,2026-09-21T19:40:36.000Z
09/21/2026,12:42 PM,2026-09-21T19:42:45+00:00,Fantasyland,"""it's a small world""",25,True,2026-09-21T19:40:36.000Z
09/21/2026,12:42 PM,2026-09-21T19:42:45+00:00,Fantasyland,Alice in Wonderland,35,True,2026-09-21T19:40:36.000Z
09/21/2026,12:42 PM,2026-09-21T19:42:45+00:00,Fantasyland,Bluey’s Best Day Ever! at Fantasyland Theatre,0,True,2026-09-21T19:40:36.000Z
09/21/2026,12:42 PM,2026-09-21T19:42:45+00:00,Fantasyland,Casey Jr. Circus Train,25,True,2026-09-21T19:40:36.000Z
09/21/2026,12:42 PM,2026-09-21T19:42:45+00:00,Fantasyland,Dumbo the Flying Elephant,40,True,2026-09-21T19:40:36.000Z
09/21/2026,12:42 PM,2026-09-21T19:42:45+00:00,Fantasyland,King Arthur Carrousel,0,False,2026-09-21T19:40:36.000Z
09/21/2026,12:42 PM,2026-09-21T19:42:45+00:00,Fantasyland,Mad Tea Party,0,False,2026-09-21T19:40:36.000Z
09/21/2026,12:42 PM,2026-09-21T19:42:45+00:00,Fantasyland,Matterhorn Bobsleds,50,True,2026-09-21T19:40:36.000Z
09/21/2026,12:42 PM,2026-09-21T19:42:45+00:00,Fantasyland,Meet Disney Princesses at Royal Hall,30,True,2026-09-21T19:40:36.000Z
09/21/2026,12:42 PM,2026-09-21T19:42:45+00:00,Fantasyland,Mr. Toad's Wild Ride,35,True,2026-09-21T19:40:36.000Z
09/21/2026,12:42 PM,2026-09-21T19:42:45+00:00,Fantasyland,Peter Pan's Flight,35,True,2026-09-21T19:40:36.000Z
09/21/2026,12:42 PM,2026-09-21T19:42:45+00:00,Fantasyland,Pinocchio's Daring Journey,25,True,2026-09-21T19:40:36.000Z
09/21/2026,12:42 PM,2026-09-21T19:42:45+00:00,Fantasyland,Sleeping Beauty Castle Walkthrough,0,False,2026-09-21T19:40:36.000Z
09/21/2026,12:42 PM,2026-09-21T19:42:45+00:00,Fantasyland,Snow White's Enchanted Wish,30,True,2026-09-21T19:40:36.000Z
09/21/2026,12:42 PM,2026-09-21T19:42:45+00:00,Fantasyland,Storybook Land Canal Boats,20,True,2026-09-21T19:40:36.000Z
09/21/2026,12:42 PM,2026-09-21T19:42:45+00:00,Frontierland,Big Thunder Mountain Railroad,10,True,2026-09-21T19:40:36.000Z
09/21/2026,12:42 PM,2026-09-21T19:42:45+00:00,Frontierland,Frontierland Shootin' Exposition,0,True,2026-09-21T19:40:36.000Z
09/21/2026,12:42 PM,2026-09-21T19:42:45+00:00,Frontierland,Mark Twain Riverboat,10,True,2026-09-21T19:40:36.000Z
09/21/2026,12:42 PM,2026-09-21T19:42:45+00:00,Frontierland,Pirate's Lair on Tom Sawyer Island,5,True,2026-09-21T19:40:36.000Z
09/21/2026,12:42 PM,2026-09-21T19:42:45+00:00,Frontierland,Sailing Ship Columbia,0,False,2026-09-21T19:40:36.000Z
09/21/2026,12:42 PM,2026-09-21T19:42:45+00:00,Main Street U.S.A,Disneyland Railroad,5,True,2026-09-21T19:40:36.000Z
09/21/2026,12:42 PM,2026-09-21T19:42:45+00:00,Main Street U.S.A,Great Moments with Mr. Lincoln,0,True,2026-09-21T19:40:36.000Z
09/21/2026,12:42 PM,2026-09-21T19:42:45+00:00,Main Street U.S.A,Main Street Cinema,0,True,2026-09-21T19:40:36.000Z
09/21/2026,12:42 PM,2026-09-21T19:42:45+00:00,Main Street U.S.A,Main Street Vehicles,0,True,2026-09-21T19:40:36.000Z
09/21/2026,12:42 PM,2026-09-21T19:42:45+00:00,Main Street U.S.A,Opera House - Walt Disney - A Magical Life,0,True,2026-09-21T19:40:36.000Z
09/21/2026,12:42 PM,2026-09-21T19:42:45+00:00,Main Street U.S.A,The Disney Gallery,0,True,2026-09-21T19:40:36.000Z
09/21/2026,12:42 PM,2026-09-21T19:42:45+00:00,Main Street U.S.A,Walt Disney - A Magical Life,0,False,2026-09-21T19:40:36.000Z
09/21/2026,12:42 PM,2026-09-21T19:42:45+00:00,Mickey's Toontown,Chip 'n' Dale's GADGETcoaster,30,True,2026-09-21T19:40:36.000Z
09/21/2026,12:42 PM,2026-09-21T19:42:45+00:00,Mickey's Toontown,Donald's Duck Pond,0,True,2026-09-21T19:40:36.000Z
09/21/2026,12:42 PM,2026-09-21T19:42:45+00:00,Mickey's Toontown,Goofy's How-to-Play Yard,0,True,2026-09-21T19:40:36.000Z
09/21/2026,12:42 PM,2026-09-21T19:42:45+00:00,Mickey's Toontown,Mickey & Minnie's Runaway Railway,40,True,2026-09-21T19:40:36.000Z
09/21/2026,12:42 PM,2026-09-21T19:42:45+00:00,Mickey's Toontown,Mickey's House and Meet Mickey Mouse,45,True,2026-09-21T19:40:36.000Z
09/21/2026,12:42 PM,2026-09-21T19:42:45+00:00,Mickey's Toontown,Minnie's House,0,True,2026-09-21T19:40:36.000Z
09/21/2026,12:42 PM,2026-09-21T19:42:45+00:00,Mickey's Toontown,Roger Rabbit's Car Toon Spin,55,True,2026-09-21T19:40:36.000Z
09/21/2026,12:42 PM,2026-09-21T19:42:45+00:00,New Orleans Square,Haunted Mansion Holiday,35,True,2026-09-21T19:40:36.000Z
09/21/2026,12:42 PM,2026-09-21T19:42:45+00:00,New Orleans Square,Pirates of the Caribbean,40,True,2026-09-21T19:40:36.000Z
09/21/2026,12:42 PM,2026-09-21T19:42:45+00:00,Star Wars: Galaxy's Edge,Millennium Falcon: Smugglers Run,60,True,2026-09-21T19:40:36.000Z
09/21/2026,12:42 PM,2026-09-21T19:42:45+00:00,Star Wars: Galaxy's Edge,Millennium Falcon: Smugglers Run Single Rider,0,True,2026-09-21T19:40:36.000Z
09/21/2026,12:42 PM,2026-09-21T19:42:45+00:00,Star Wars: Galaxy's Edge,Star Wars: Rise of the Resistance,75,True,2026-09-21T19:40:36.000Z
09/21/2026,12:42 PM,2026-09-21T19:42:45+00:00,Tomorrowland,Astro Orbitor,45,True,2026-09-21T19:40:36.000Z
09/21/2026,12:42 PM,2026-09-21T19:42:45+00:00,Tomorrowland,Autopia,30,True,2026-09-21T19:40:36.000Z
09/21/2026,12:42 PM,2026-09-21T19:42:45+00:00,Tomorrowland,Buzz Lightyear Astro Blasters,45,True,2026-09-21T19:40:36.000Z
09/21/2026,12:42 PM,2026-09-21T19:42:45+00:00,Tomorrowland,Disneyland Monorail,15,True,2026-09-21T19:40:36.000Z
09/21/2026,12:42 PM,2026-09-21T19:42:45+00:00,Tomorrowland,Finding Nemo Submarine Voyage,30,True,2026-09-21T19:40:36.000Z
09/21/2026,12:42 PM,2026-09-21T19:42:45+00:00,Tomorrowland,Pixar Short Film Spotlight,0,False,2026-09-21T19:40:36.000Z
09/21/2026,12:42 PM,2026-09-21T19:42:45+00:00,Tomorrowland,Space Mountain,60,True,2026-09-21T19:40:36.000Z
09/21/2026,12:42 PM,2026-09-21T19:42:45+00:00,Tomorrowland,Star Tours - The Adventures Continue,50,True,2026-09-21T19:40:36.000Z
09/21/2026,4:13 PM,2026-09-21T23:13:39+00:00,Adventureland,Adventureland Treehouse inspired by Walt Disney’s Swiss Family Robinson,0,True,2026-09-21T23:10:37.000Z
09/21/2026,4:13 PM,2026-09-21T23:13:39+00:00,Adventureland,Indiana Jones™ Adventure,0,False,2026-09-21T23:10:37.000Z
09/21/2026,4:13 PM,2026-09-21T23:13:39+00:00,Adventureland,Jungle Cruise,50,True,2026-09-21T23:10:37.000Z
09/21/2026,4:13 PM,2026-09-21T23:13:39+00:00,Adventureland,Walt Disney's Enchanted Tiki Room,0,True,2026-09-21T23:10:37.000Z
09/21/2026,4:13 PM,2026-09-21T23:13:39+00:00,Bayou Country,Davy Crockett's Explorer Canoes,0,False,2026-09-21T23:10:37.000Z
09/21/2026,4:13 PM,2026-09-21T23:13:39+00:00,Bayou Country,The Many Adventures of Winnie the Pooh,25,True,2026-09-21T23:10:37.000Z
09/21/2026,4:13 PM,2026-09-21T23:13:39+00:00,Bayou Country,Tiana's Bayou Adventure,70,True,2026-09-21T23:10:37.000Z
09/21/2026,4:13 PM,2026-09-21T23:13:39+00:00,Bayou Country,Tiana's Bayou Adventure Single Rider,0,True,2026-09-21T23:10:37.000Z
09/21/2026,4:13 PM,2026-09-21T23:13:39+00:00,Fantasyland,"""it's a small world""",40,True,2026-09-21T23:10:37.000Z
09/21/2026,4:13 PM,2026-09-21T23:13:39+00:00,Fantasyland,Alice in Wonderland,45,True,2026-09-21T23:10:37.000Z
09/21/2026,4:13 PM,2026-09-21T23:13:39+00:00,Fantasyland,Bluey’s Best Day Ever! at Fantasyland Theatre,0,True,2026-09-21T23:10:37.000Z
09/21/2026,4:13 PM,2026-09-21T23:13:39+00:00,Fantasyland,Casey Jr. Circus Train,10,True,2026-09-21T23:10:37.000Z
09/21/2026,4:13 PM,2026-09-21T23:13:39+00:00,Fantasyland,Dumbo the Flying Elephant,25,True,2026-09-21T23:10:37.000Z
09/21/2026,4:13 PM,2026-09-21T23:13:39+00:00,Fantasyland,King Arthur Carrousel,15,True,2026-09-21T23:10:37.000Z
09/21/2026,4:13 PM,2026-09-21T23:13:39+00:00,Fantasyland,Mad Tea Party,0,False,2026-09-21T23:10:37.000Z
09/21/2026,4:13 PM,2026-09-21T23:13:39+00:00,Fantasyland,Matterhorn Bobsleds,55,True,2026-09-21T23:10:37.000Z
09/21/2026,4:13 PM,2026-09-21T23:13:39+00:00,Fantasyland,Meet Disney Princesses at Royal Hall,60,True,2026-09-21T23:10:37.000Z
09/21/2026,4:13 PM,2026-09-21T23:13:39+00:00,Fantasyland,Mr. Toad's Wild Ride,25,True,2026-09-21T23:10:37.000Z
09/21/2026,4:13 PM,2026-09-21T23:13:39+00:00,Fantasyland,Peter Pan's Flight,35,True,2026-09-21T23:10:37.000Z
09/21/2026,4:13 PM,2026-09-21T23:13:39+00:00,Fantasyland,Pinocchio's Daring Journey,15,True,2026-09-21T23:10:37.000Z
09/21/2026,4:13 PM,2026-09-21T23:13:39+00:00,Fantasyland,Sleeping Beauty Castle Walkthrough,0,False,2026-09-21T23:10:37.000Z
09/21/2026,4:13 PM,2026-09-21T23:13:39+00:00,Fantasyland,Snow White's Enchanted Wish,30,True,2026-09-21T23:10:37.000Z
09/21/2026,4:13 PM,2026-09-21T23:13:39+00:00,Fantasyland,Storybook Land Canal Boats,20,True,2026-09-21T23:10:37.000Z
09/21/2026,4:13 PM,2026-09-21T23:13:39+00:00,Frontierland,Big Thunder Mountain Railroad,60,True,2026-09-21T23:10:37.000Z
09/21/2026,4:13 PM,2026-09-21T23:13:39+00:00,Frontierland,Frontierland Shootin' Exposition,0,True,2026-09-21T23:10:37.000Z
09/21/2026,4:13 PM,2026-09-21T23:13:39+00:00,Frontierland,Mark Twain Riverboat,10,True,2026-09-21T23:10:37.000Z
09/21/2026,4:13 PM,2026-09-21T23:13:39+00:00,Frontierland,Pirate's Lair on Tom Sawyer Island,5,True,2026-09-21T23:10:37.000Z
09/21/2026,4:13 PM,2026-09-21T23:13:39+00:00,Frontierland,Sailing Ship Columbia,0,False,2026-09-21T23:10:37.000Z
09/21/2026,4:13 PM,2026-09-21T23:13:39+00:00,Main Street U.S.A,Disneyland Railroad,15,True,2026-09-21T23:10:37.000Z
09/21/2026,4:13 PM,2026-09-21T23:13:39+00:00,Main Street U.S.A,Great Moments with Mr. Lincoln,0,False,2026-09-21T23:10:37.000Z
09/21/2026,4:13 PM,2026-09-21T23:13:39+00:00,Main Street U.S.A,Main Street Cinema,0,True,2026-09-21T23:10:37.000Z
09/21/2026,4:13 PM,2026-09-21T23:13:39+00:00,Main Street U.S.A,Main Street Vehicles,0,False,2026-09-21T23:10:37.000Z
09/21/2026,4:13 PM,2026-09-21T23:13:39+00:00,Main Street U.S.A,Opera House - Walt Disney - A Magical Life,0,True,2026-09-21T23:10:37.000Z
09/21/2026,4:13 PM,2026-09-21T23:13:39+00:00,Main Street U.S.A,The Disney Gallery,0,True,2026-09-21T23:10:37.000Z
09/21/2026,4:13 PM,2026-09-21T23:13:39+00:00,Main Street U.S.A,Walt Disney - A Magical Life,0,True,2026-09-21T23:10:37.000Z
09/21/2026,4:13 PM,2026-09-21T23:13:39+00:00,Mickey's Toontown,Chip 'n' Dale's GADGETcoaster,40,True,2026-09-21T23:10:37.000Z
09/21/2026,4:13 PM,2026-09-21T23:13:39+00:00,Mickey's Toontown,Donald's Duck Pond,0,True,2026-09-21T23:10:37.000Z
09/21/2026,4:13 PM,2026-09-21T23:13:39+00:00,Mickey's Toontown,Goofy's How-to-Play Yard,0,True,2026-09-21T23:10:37.000Z
09/21/2026,4:13 PM,2026-09-21T23:13:39+00:00,Mickey's Toontown,Mickey & Minnie's Runaway Railway,0,False,2026-09-21T23:10:37.000Z
09/21/2026,4:13 PM,2026-09-21T23:13:39+00:00,Mickey's Toontown,Mickey's House and Meet Mickey Mouse,45,True,2026-09-21T23:10:37.000Z
09/21/2026,4:13 PM,2026-09-21T23:13:39+00:00,Mickey's Toontown,Minnie's House,0,True,2026-09-21T23:10:37.000Z
09/21/2026,4:13 PM,2026-09-21T23:13:39+00:00,Mickey's Toontown,Roger Rabbit's Car Toon Spin,60,True,2026-09-21T23:10:37.000Z
09/21/2026,4:13 PM,2026-09-21T23:13:39+00:00,New Orleans Square,Haunted Mansion Holiday,70,True,2026-09-21T23:10:37.000Z
09/21/2026,4:13 PM,2026-09-21T23:13:39+00:00,New Orleans Square,Pirates of the Caribbean,45,True,2026-09-21T23:10:37.000Z
09/21/2026,4:13 PM,2026-09-21T23:13:39+00:00,Star Wars: Galaxy's Edge,Millennium Falcon: Smugglers Run,100,True,2026-09-21T23:10:37.000Z
09/21/2026,4:13 PM,2026-09-21T23:13:39+00:00,Star Wars: Galaxy's Edge,Millennium Falcon: Smugglers Run Single Rider,0,True,2026-09-21T23:10:37.000Z
09/21/2026,4:13 PM,2026-09-21T23:13:39+00:00,Star Wars: Galaxy's Edge,Star Wars: Rise of the Resistance,70,True,2026-09-21T23:10:37.000Z
09/21/2026,4:13 PM,2026-09-21T23:13:39+00:00,Tomorrowland,Astro Orbitor,35,True,2026-09-21T23:10:37.000Z
09/21/2026,4:13 PM,2026-09-21T23:13:39+00:00,Tomorrowland,Autopia,25,True,2026-09-21T23:10:37.000Z
09/21/2026,4:13 PM,2026-09-21T23:13:39+00:00,Tomorrowland,Buzz Lightyear Astro Blasters,35,True,2026-09-21T23:10:37.000Z
09/21/2026,4:13 PM,2026-09-21T23:13:39+00:00,Tomorrowland,Disneyland Monorail,15,True,2026-09-21T23:10:37.000Z
09/21/2026,4:13 PM,2026-09-21T23:13:39+00:00,Tomorrowland,Finding Nemo Submarine Voyage,20,True,2026-09-21T23:10:37.000Z
09/21/2026,4:13 PM,2026-09-21T23:13:39+00:00,Tomorrowland,Pixar Short Film Spotlight,0,False,2026-09-21T23:10:37.000Z
09/21/2026,4:13 PM,2026-09-21T23:13:39+00:00,Tomorrowland,Space Mountain,90,True,2026-09-21T23:10:37.000Z
09/21/2026,4:13 PM,2026-09-21T23:13:39+00:00,Tomorrowland,Star Tours - The Adventures Continue,35,True,2026-09-21T23:10:37.000Z
